signature,canonical,labels
DEFORMACAO CABECOTE,DEFORMAÇÃO DO CABEÇOTE,DEFORMAÇÃO DE CABEÇOTE | DEFORMAÇÃO DO CABEÇOTE
DESALINHAMENTO CENTRADOR,DESALINHAMENTO DO CENTRADOR,DESALINHAMENTO DE CENTRADOR | DESALINHAMENTO DO CENTRADOR
DESARME TRANSPORTE,DESARME DE TRANSPORTE,DESARME DE TRANSPORTE | DESARME TRANSPORTE
ESPUMAMENTO BEBIDA,ESPUMAMENTO DE BEBIDA,ESPUMAMENTO DA BEBIDA | ESPUMAMENTO DE BEBIDA
FALHA BOTAO RESET,FALHA DE BOTÃO DE RESET,FALHA DE BOTÃO DE RESET | FALHA NO BOTÃO RESET
FALHA FORMACAO CAMADA,FALHA NA FORMAÇÃO DE CAMADA,FALHA DE FORMAÇÃO DE CAMADA | FALHA NA FORMAÇÃO DE CAMADA
FALHA INVERSOR,FALHA DE INVERSOR,FALHA DE INVERSOR | FALHA INVERSOR
FALHA PINCA,FALHA DE PINÇA,FALHA DA PINÇA | FALHA DE PINÇA
FALHA TROCADOR CALOR,FALHA NO TROCADOR DE CALOR,FALHA NO TROCADOR DE CALOR | FALHA TROCADOR DE CALOR
FALHA VALVULA,FALHA DE VÁLVULA,FALHA DE VÁLVULA | FALHA NA VALVULA
FALHA VALVULA ENCHIMENTO,FALHA DE VÁLVULA DE ENCHIMENTO,FALHA DE VÁLVULA DE ENCHIMENTO | FALHA VALVULA DE ENCHIMENTO
PATINAMENTO ESTEIRA,PATINAMENTO DE ESTEIRA,PATINAGEM DE ESTEIRA | PATINAMENTO DE ESTEIRA
QUEBRA ESTEIRA,QUEBRA DE ESTEIRA,QUEBRA DA ESTEIRA | QUEBRA DE ESTEIRA
TRAVAMENTO ELEVADOR,TRAVAMENTO DE ELEVADOR,TRAVAMENTO DE ELEVADOR | TRAVAMENTO ELEVADOR
