label,normalized,signature
ACÚMULO TAMPAS BUFFER FALHA,ACUMULO TAMPAS BUFFER FALHA,ACUMULO TAMPAS BUFFER FALHA
AFROUXAMENTO DE PARAFUSO DE FIXAÇÃO,AFROUXAMENTO DE PARAFUSO DE FIXACAO,AFROUXAMENTO PARAFUSO FIXACAO
ALIMENTAÇÃO TAMPAS FALHA,ALIMENTACAO TAMPAS FALHA,ALIMENTACAO TAMPAS FALHA
ALTERAÇÃO DA VELOCIDADE DO DEVICER,ALTERACAO DA VELOCIDADE DO DEVICER,ALTERACAO VELOCIDADE DEVICER
AMASSAMENTO DE LATAS,AMASSAMENTO DE LATAS,AMASSAMENTO LATAS
ATUAÇÃO DO CIRCUITO DE EMERGÊNCIA,ATUACAO DO CIRCUITO DE EMERGENCIA,ATUACAO CIRCUITO EMERGENCIA
ATUAÇÃO/QUEIMA DE FUSÍVEL,ATUACAO QUEIMA DE FUSIVEL,ATUACAO QUEIMA FUSIVEL
AUSÊNCIA DE PARAFUSO DE FIXAÇÃO,AUSENCIA DE PARAFUSO DE FIXACAO,AUSENCIA PARAFUSO FIXACAO
BAIXA VELOCIDADE DE ESTEIRA,BAIXA VELOCIDADE DE ESTEIRA,BAIXA VELOCIDADE ESTEIRA
COLAPSO DE LATAS,COLAPSO DE LATAS,COLAPSO LATAS
COLISÃO DO BRAÇO DE ESTIRAMENTO,COLISAO DO BRACO DE ESTIRAMENTO,COLISAO BRACO ESTIRAMENTO
COLISÃO DO EMPURRADOR,COLISAO DO EMPURRADOR,COLISAO EMPURRADOR
COLISÃO DO ROBÔ COM PALETE,COLISAO DO ROBO COM PALETE,COLISAO ROBO COM PALETE
CRASH DE GARRAFAS,CRASH DE GARRAFAS,CRASH GARRAFAS
CRASH DE LATAS,CRASH DE LATAS,CRASH LATAS
CURTO-CIRCUITO,CURTO CIRCUITO,CURTO CIRCUITO
DANIFICAÇÃO DA BUCHA DE ELEVAÇÃO DO PISTÃO,DANIFICACAO DA BUCHA DE ELEVACAO DO PISTAO,DANIFICACAO BUCHA ELEVACAO PISTAO
DANIFICAÇÃO DE GARRAFAS,DANIFICACAO DE GARRAFAS,DANIFICACAO GARRAFAS
DEFORMAÇÃO DE CABEÇOTE,DEFORMACAO DE CABECOTE,DEFORMACAO CABECOTE
DEFORMAÇÃO DE EIXO,DEFORMACAO DE EIXO,DEFORMACAO EIXO
DEFORMAÇÃO DE FACA,DEFORMACAO DE FACA,DEFORMACAO FACA
DEFORMAÇÃO DE HASTE,DEFORMACAO DE HASTE,DEFORMACAO HASTE
DEFORMAÇÃO DE MEXEDOR,DEFORMACAO DE MEXEDOR,DEFORMACAO MEXEDOR
DEFORMAÇÃO DE SUPORTE,DEFORMACAO DE SUPORTE,DEFORMACAO SUPORTE
DEFORMAÇÃO DO CABEÇOTE,DEFORMACAO DO CABECOTE,DEFORMACAO CABECOTE
DEFORMAÇÃO/DESALINHAMENTO DE GUIA,DEFORMACAO DESALINHAMENTO DE GUIA,DEFORMACAO DESALINHAMENTO GUIA
DEGRADAÇÃO DE MANGUEIRA,DEGRADACAO DE MANGUEIRA,DEGRADACAO MANGUEIRA
DESAJUSTE DE GUIA,DESAJUSTE DE GUIA,DESAJUSTE GUIA
DESAJUSTE DE RÉGUA,DESAJUSTE DE REGUA,DESAJUSTE REGUA
DESALINHAMENTO DE AGREGADO,DESALINHAMENTO DE AGREGADO,DESALINHAMENTO AGREGADO
DESALINHAMENTO DE CENTRADOR,DESALINHAMENTO DE CENTRADOR,DESALINHAMENTO CENTRADOR
DESALINHAMENTO DE CHAPA,DESALINHAMENTO DE CHAPA,DESALINHAMENTO CHAPA
DESALINHAMENTO DE EIXO,DESALINHAMENTO DE EIXO,DESALINHAMENTO EIXO
DESALINHAMENTO DE GUIA,DESALINHAMENTO DE GUIA,DESALINHAMENTO GUIA
DESALINHAMENTO DE MÁSCARA,DESALINHAMENTO DE MASCARA,DESALINHAMENTO MASCARA
DESALINHAMENTO DE PALETE,DESALINHAMENTO DE PALETE,DESALINHAMENTO PALETE
DESALINHAMENTO DE PILHA DE PALETES,DESALINHAMENTO DE PILHA DE PALETES,DESALINHAMENTO PILHA PALETES
DESALINHAMENTO DO BRAÇO DE CENTRAGEM,DESALINHAMENTO DO BRACO DE CENTRAGEM,DESALINHAMENTO BRACO CENTRAGEM
DESALINHAMENTO DO CENTRADOR,DESALINHAMENTO DO CENTRADOR,DESALINHAMENTO CENTRADOR
DESALINHAMENTO MECÂNICO,DESALINHAMENTO MECANICO,DESALINHAMENTO MECANICO
DESARME DE BOMBA,DESARME DE BOMBA,DESARME BOMBA
DESARME DE DISJUNTOR,DESARME DE DISJUNTOR,DESARME DISJUNTOR
DESARME DE EQUIPAMENTO,DESARME DE EQUIPAMENTO,DESARME EQUIPAMENTO
DESARME DE ESTEIRA,DESARME DE ESTEIRA,DESARME ESTEIRA
DESARME DE MESA,DESARME DE MESA,DESARME MESA
DESARME DE MOTOR,DESARME DE MOTOR,DESARME MOTOR
DESARME DE PAINEL,DESARME DE PAINEL,DESARME PAINEL
DESARME DE PAINEL DE COMANDO,DESARME DE PAINEL DE COMANDO,DESARME PAINEL COMANDO
DESARME DE TRANSPORTE,DESARME DE TRANSPORTE,DESARME TRANSPORTE
DESARME PALETIZADORA,DESARME PALETIZADORA,DESARME PALETIZADORA
DESARME TRANSPORTE,DESARME TRANSPORTE,DESARME TRANSPORTE
DESARME TÉRMICO,DESARME TERMICO,DESARME TERMICO
DESGASTE DE PINO DE SEPARAÇÃO,DESGASTE DE PINO DE SEPARACAO,DESGASTE PINO SEPARACAO
DESLIGAMENTO INDEVIDO DO EQUIPAMENTO,DESLIGAMENTO INDEVIDO DO EQUIPAMENTO,DESLIGAMENTO INDEVIDO EQUIPAMENTO
DESNIVELAMENTO DE ESTEIRA,DESNIVELAMENTO DE ESTEIRA,DESNIVELAMENTO ESTEIRA
DESPRENDIMENTO DO PISTÃO DE TRAVAMENTO,DESPRENDIMENTO DO PISTAO DE TRAVAMENTO,DESPRENDIMENTO PISTAO TRAVAMENTO
EIXO DO BRAÇO TENCIONADOR DO FILME DA ENVOLVEDORA SOLTO,EIXO DO BRACO TENCIONADOR DO FILME DA ENVOLVEDORA SOLTO,EIXO BRACO TENCIONADOR FILME ENVOLVEDORA SOLTO
ENROSCO DE CAIXAS,ENROSCO DE CAIXAS,ENROSCO CAIXAS
ENROSCO DE CARTÃO/QUADRO,ENROSCO DE CARTAO QUADRO,ENROSCO CARTAO QUADRO
ENROSCO DE GARRAFAS,ENROSCO DE GARRAFAS,ENROSCO GARRAFAS
ENROSCO DE LATAS,ENROSCO DE LATAS,ENROSCO LATAS
ENROSCO DE PACOTES,ENROSCO DE PACOTES,ENROSCO PACOTES
ENROSCO DE RÓTULOS,ENROSCO DE ROTULOS,ENROSCO ROTULOS
ENROSCO DE TAMPAS,ENROSCO DE TAMPAS,ENROSCO TAMPAS
ENRROSCO DE GARRAFA,ENRROSCO DE GARRAFA,ENRROSCO GARRAFA
ENTUPIMENTO,ENTUPIMENTO,ENTUPIMENTO
ENTUPIMENTO DE TUBULAÇÃO,ENTUPIMENTO DE TUBULACAO,ENTUPIMENTO TUBULACAO
ENTUPIMENTO NO TRANSPORTE DE TAMPAS,ENTUPIMENTO NO TRANSPORTE DE TAMPAS,ENTUPIMENTO TRANSPORTE TAMPAS
ERRO DE COMUNICAÇÃO,ERRO DE COMUNICACAO,ERRO COMUNICACAO
ESCAPE DE CORREIA,ESCAPE DE CORREIA,ESCAPE CORREIA
ESCAPE DE ESTEIRA,ESCAPE DE ESTEIRA,ESCAPE ESTEIRA
ESPANAMENTO DE PARAFUSO,ESPANAMENTO DE PARAFUSO,ESPANAMENTO PARAFUSO
ESPUMAMENTO DA BEBIDA,ESPUMAMENTO DA BEBIDA,ESPUMAMENTO BEBIDA
ESPUMAMENTO DE BEBIDA,ESPUMAMENTO DE BEBIDA,ESPUMAMENTO BEBIDA
ESTABILIDADE DE EQUIPAMENTO,ESTABILIDADE DE EQUIPAMENTO,ESTABILIDADE EQUIPAMENTO
ETICADOR DE CORRENTE ESCAPOU,ETICADOR DE CORRENTE ESCAPOU,ETICADOR CORRENTE ESCAPOU
Excesso de garrafa com rotulo,EXCESSO DE GARRAFA COM ROTULO,EXCESSO GARRAFA COM ROTULO
FALHA DA MESA GIRATÓRIA,FALHA DA MESA GIRATORIA,FALHA MESA GIRATORIA
FALHA DA PINÇA,FALHA DA PINCA,FALHA PINCA
FALHA DE ABA CÔNICA,FALHA DE ABA CONICA,FALHA ABA CONICA
FALHA DE ACIONAMENTO DO EMPURRADOR,FALHA DE ACIONAMENTO DO EMPURRADOR,FALHA ACIONAMENTO EMPURRADOR
FALHA DE ACOPLAMENTO,FALHA DE ACOPLAMENTO,FALHA ACOPLAMENTO
FALHA DE ACÚMULO NO TRANSPORTE,FALHA DE ACUMULO NO TRANSPORTE,FALHA ACUMULO TRANSPORTE
FALHA DE ALIMENTAÇÃO,FALHA DE ALIMENTACAO,FALHA ALIMENTACAO
FALHA DE ALIMENTAÇÃO DE GARRAFAS,FALHA DE ALIMENTACAO DE GARRAFAS,FALHA ALIMENTACAO GARRAFAS
FALHA DE ALIMENTAÇÃO DE LATAS,FALHA DE ALIMENTACAO DE LATAS,FALHA ALIMENTACAO LATAS
FALHA DE ALIMENTAÇÃO DE PACOTES,FALHA DE ALIMENTACAO DE PACOTES,FALHA ALIMENTACAO PACOTES
FALHA DE ALIMENTAÇÃO DE PALETES,FALHA DE ALIMENTACAO DE PALETES,FALHA ALIMENTACAO PALETES
FALHA DE ALIMENTAÇÃO DE TAMPAS,FALHA DE ALIMENTACAO DE TAMPAS,FALHA ALIMENTACAO TAMPAS
FALHA DE ALIMENTAÇÃO ELÉTRICA,FALHA DE ALIMENTACAO ELETRICA,FALHA ALIMENTACAO ELETRICA
FALHA DE ALIMENTAÇÃO ELÉTRICA DA EMBREAGEM,FALHA DE ALIMENTACAO ELETRICA DA EMBREAGEM,FALHA ALIMENTACAO ELETRICA EMBREAGEM
FALHA DE AMOSTRAGEM,FALHA DE AMOSTRAGEM,FALHA AMOSTRAGEM
FALHA DE ANALISADOR,FALHA DE ANALISADOR,FALHA ANALISADOR
FALHA DE APLICAÇÃO DE COLA,FALHA DE APLICACAO DE COLA,FALHA APLICACAO COLA
FALHA DE ATUADOR,FALHA DE ATUADOR,FALHA ATUADOR
FALHA DE ATUADOR DA VÁLVULA,FALHA DE ATUADOR DA VALVULA,FALHA ATUADOR VALVULA
FALHA DE ATUADOR DO DEVAISER,FALHA DE ATUADOR DO DEVAISER,FALHA ATUADOR DEVAISER
FALHA DE AUTOMAÇÃO,FALHA DE AUTOMACAO,FALHA AUTOMACAO
FALHA DE BAILARINA,FALHA DE BAILARINA,FALHA BAILARINA
FALHA DE BANDEIROLA,FALHA DE BANDEIROLA,FALHA BANDEIROLA
FALHA DE BARREIRA,FALHA DE BARREIRA,FALHA BARREIRA
FALHA DE BATEDOR DE CAIXAS,FALHA DE BATEDOR DE CAIXAS,FALHA BATEDOR CAIXAS
FALHA DE BATETORES PNEUMÁTICOS,FALHA DE BATETORES PNEUMATICOS,FALHA BATETORES PNEUMATICOS
FALHA DE BOCAL,FALHA DE BOCAL,FALHA BOCAL
FALHA DE BOMBA,FALHA DE BOMBA,FALHA BOMBA
FALHA DE BOTOEIRA DE EMERGÊNCIA,FALHA DE BOTOEIRA DE EMERGENCIA,FALHA BOTOEIRA EMERGENCIA
FALHA DE BOTÃO DE RESET,FALHA DE BOTAO DE RESET,FALHA BOTAO RESET
FALHA DE BRAÇO DE TUBETES,FALHA DE BRACO DE TUBETES,FALHA BRACO TUBETES
FALHA DE CABEÇOTE,FALHA DE CABECOTE,FALHA CABECOTE
FALHA DE CABO DE SEGURANÇA,FALHA DE CABO DE SEGURANCA,FALHA CABO SEGURANCA
FALHA DE CALIBRAÇÃO,FALHA DE CALIBRACAO,FALHA CALIBRACAO
FALHA DE CAME,FALHA DE CAME,FALHA CAME
FALHA DE CARBONATAÇÃO,FALHA DE CARBONATACAO,FALHA CARBONATACAO
FALHA DE CARTÃO MESTRE,FALHA DE CARTAO MESTRE,FALHA CARTAO MESTRE
FALHA DE CENTRADOR,FALHA DE CENTRADOR,FALHA CENTRADOR
FALHA DE CHAVE DE EMERGÊNCIA,FALHA DE CHAVE DE EMERGENCIA,FALHA CHAVE EMERGENCIA
FALHA DE CIP,FALHA DE CIP,FALHA CIP
FALHA DE CODIFICAÇÃO,FALHA DE CODIFICACAO,FALHA CODIFICACAO
FALHA DE COLETOR,FALHA DE COLETOR,FALHA COLETOR
FALHA DE COLISÃO DA GAIOLA,FALHA DE COLISAO DA GAIOLA,FALHA COLISAO GAIOLA
FALHA DE COMANDO DA ÁRVORE DE ESPUMA,FALHA DE COMANDO DA ARVORE DE ESPUMA,FALHA COMANDO ARVORE ESPUMA
FALHA DE COMPACTAÇÃO DE CAMADA,FALHA DE COMPACTACAO DE CAMADA,FALHA COMPACTACAO CAMADA
FALHA DE COMUNICAÇÃO,FALHA DE COMUNICACAO,FALHA COMUNICACAO
FALHA DE CONEXÃO DE MANGUEIRA,FALHA DE CONEXAO DE MANGUEIRA,FALHA CONEXAO MANGUEIRA
FALHA DE CONEXÃO ELÉTRICA,FALHA DE CONEXAO ELETRICA,FALHA CONEXAO ELETRICA
FALHA DE CONEXÃO PNEUMÁTICA,FALHA DE CONEXAO PNEUMATICA,FALHA CONEXAO PNEUMATICA
FALHA DE CONTAGEM,FALHA DE CONTAGEM,FALHA CONTAGEM
FALHA DE CONTAGEM DE PRODUTO,FALHA DE CONTAGEM DE PRODUTO,FALHA CONTAGEM PRODUTO
FALHA DE CONTROLE DE BRIX,FALHA DE CONTROLE DE BRIX,FALHA CONTROLE BRIX
FALHA DE CONTROLE DE NÍVEL DO CARBONATADOR,FALHA DE CONTROLE DE NIVEL DO CARBONATADOR,FALHA CONTROLE NIVEL CARBONATADOR
FALHA DE CONTROLE DE PROCESSO,FALHA DE CONTROLE DE PROCESSO,FALHA CONTROLE PROCESSO
FALHA DE CONTROLE DE TEMPERATURA,FALHA DE CONTROLE DE TEMPERATURA,FALHA CONTROLE TEMPERATURA
FALHA DE CORREIA,FALHA DE CORREIA,FALHA CORREIA
FALHA DE CORRENTE,FALHA DE CORRENTE,FALHA CORRENTE
FALHA DE CORTE DA EMBALAGEM DO TUBETE,FALHA DE CORTE DA EMBALAGEM DO TUBETE,FALHA CORTE EMBALAGEM TUBETE
FALHA DE CORTE DE FILME,FALHA DE CORTE DE FILME,FALHA CORTE FILME
FALHA DE CÂMERA,FALHA DE CAMERA,FALHA CAMERA
FALHA DE DESCAPSULAMENTO,FALHA DE DESCAPSULAMENTO,FALHA DESCAPSULAMENTO
FALHA DE DIMENSIONAMENTO DE CAMADA,FALHA DE DIMENSIONAMENTO DE CAMADA,FALHA DIMENSIONAMENTO CAMADA
FALHA DE DIRECIONAMENTO DE PACOTES,FALHA DE DIRECIONAMENTO DE PACOTES,FALHA DIRECIONAMENTO PACOTES
FALHA DE DOSAGEM,FALHA DE DOSAGEM,FALHA DOSAGEM
FALHA DE DOSAGEM DE NITROGÊNIO,FALHA DE DOSAGEM DE NITROGENIO,FALHA DOSAGEM NITROGENIO
FALHA DE DRIVE,FALHA DE DRIVE,FALHA DRIVE
FALHA DE ELAU,FALHA DE ELAU,FALHA ELAU
FALHA DE ELEMENTO DE TRANSMISSÃO,FALHA DE ELEMENTO DE TRANSMISSAO,FALHA ELEMENTO TRANSMISSAO
FALHA DE ELEVADOR,FALHA DE ELEVADOR,FALHA ELEVADOR
FALHA DE ELO DE ESTEIRA,FALHA DE ELO DE ESTEIRA,FALHA ELO ESTEIRA
FALHA DE EMPURRADOR,FALHA DE EMPURRADOR,FALHA EMPURRADOR
FALHA DE ENCHIMENTO,FALHA DE ENCHIMENTO,FALHA ENCHIMENTO
FALHA DE ENCODER,FALHA DE ENCODER,FALHA ENCODER
FALHA DE ENCOSTO DE AGRUPAMENTO,FALHA DE ENCOSTO DE AGRUPAMENTO,FALHA ENCOSTO AGRUPAMENTO
FALHA DE ENGRENAGEM,FALHA DE ENGRENAGEM,FALHA ENGRENAGEM
FALHA DE ENVOLVIMENTO,FALHA DE ENVOLVIMENTO,FALHA ENVOLVIMENTO
FALHA DE ESTEIRA,FALHA DE ESTEIRA,FALHA ESTEIRA
FALHA DE EXTRAÇÃO DE RÓTULOS,FALHA DE EXTRACAO DE ROTULOS,FALHA EXTRACAO ROTULOS
FALHA DE FACA,FALHA DE FACA,FALHA FACA
FALHA DE FEEDBACK,FALHA DE FEEDBACK,FALHA FEEDBACK
FALHA DE FILTRO,FALHA DE FILTRO,FALHA FILTRO
FALHA DE FIXAÇÃO,FALHA DE FIXACAO,FALHA FIXACAO
FALHA DE FIXAÇÃO DA BASE DO SENSOR,FALHA DE FIXACAO DA BASE DO SENSOR,FALHA FIXACAO BASE SENSOR
FALHA DE FIXAÇÃO DA CORRENTE DE ELEVAÇÃO,FALHA DE FIXACAO DA CORRENTE DE ELEVACAO,FALHA FIXACAO CORRENTE ELEVACAO
FALHA DE FIXAÇÃO DA TULIPA,FALHA DE FIXACAO DA TULIPA,FALHA FIXACAO TULIPA
FALHA DE FIXAÇÃO DA VÁLVULA,FALHA DE FIXACAO DA VALVULA,FALHA FIXACAO VALVULA
FALHA DE FIXAÇÃO DE PROTEÇÃO,FALHA DE FIXACAO DE PROTECAO,FALHA FIXACAO PROTECAO
FALHA DE FLUXÍMETRO,FALHA DE FLUXIMETRO,FALHA FLUXIMETRO
FALHA DE FONTE DE ALIMENTAÇÃO,FALHA DE FONTE DE ALIMENTACAO,FALHA FONTE ALIMENTACAO
FALHA DE FORMAÇÃO DE CAIXA,FALHA DE FORMACAO DE CAIXA,FALHA FORMACAO CAIXA
FALHA DE FORMAÇÃO DE CAMADA,FALHA DE FORMACAO DE CAMADA,FALHA FORMACAO CAMADA
FALHA DE FORMAÇÃO DE PACOTE,FALHA DE FORMACAO DE PACOTE,FALHA FORMACAO PACOTE
FALHA DE FREIO,FALHA DE FREIO,FALHA FREIO
FALHA DE GERADOR DE IMPULSOS,FALHA DE GERADOR DE IMPULSOS,FALHA GERADOR IMPULSOS
FALHA DE GUIA,FALHA DE GUIA,FALHA GUIA
FALHA DE IHM,FALHA DE IHM,FALHA IHM
FALHA DE INSPEÇÃO,FALHA DE INSPECAO,FALHA INSPECAO
FALHA DE INVERSOR,FALHA DE INVERSOR,FALHA INVERSOR
FALHA DE JATOS DE ENXÁGUE,FALHA DE JATOS DE ENXAGUE,FALHA JATOS ENXAGUE
FALHA DE LEITURA,FALHA DE LEITURA,FALHA LEITURA
FALHA DE LEITURA DA GARRAFA TESTE,FALHA DE LEITURA DA GARRAFA TESTE,FALHA LEITURA GARRAFA TESTE
FALHA DE LUBRIFICAÇÃO,FALHA DE LUBRIFICACAO,FALHA LUBRIFICACAO
FALHA DE MAGAZINE,FALHA DE MAGAZINE,FALHA MAGAZINE
FALHA DE MANDRIL,FALHA DE MANDRIL,FALHA MANDRIL
FALHA DE MANGUEIRA,FALHA DE MANGUEIRA,FALHA MANGUEIRA
FALHA DE MANGUEIRA DE ALTA PRESSÃO,FALHA DE MANGUEIRA DE ALTA PRESSAO,FALHA MANGUEIRA ALTA PRESSAO
FALHA DE MANGUEIRA DE ÁGUA,FALHA DE MANGUEIRA DE AGUA,FALHA MANGUEIRA AGUA
FALHA DE MANGUEIRA PNEUMÁTICA,FALHA DE MANGUEIRA PNEUMATICA,FALHA MANGUEIRA PNEUMATICA
FALHA DE MEDIDOR,FALHA DE MEDIDOR,FALHA MEDIDOR
FALHA DE MEDIDOR DE VAZÃO,FALHA DE MEDIDOR DE VAZAO,FALHA MEDIDOR VAZAO
FALHA DE MISTURA,FALHA DE MISTURA,FALHA MISTURA
FALHA DE MIXER,FALHA DE MIXER,FALHA MIXER
FALHA DE MOLA,FALHA DE MOLA,FALHA MOLA
FALHA DE MOTOR,FALHA DE MOTOR,FALHA MOTOR
FALHA DE MÓDULO,FALHA DE MODULO,FALHA MODULO
FALHA DE NOBREAK,FALHA DE NOBREAK,FALHA NOBREAK
FALHA DE NÍVEL DE ÁGUA,FALHA DE NIVEL DE AGUA,FALHA NIVEL AGUA
FALHA DE PARAMETRIZAÇÃO,FALHA DE PARAMETRIZACAO,FALHA PARAMETRIZACAO
FALHA DE PARAMETRIZAÇÃO DE RECEITA,FALHA DE PARAMETRIZACAO DE RECEITA,FALHA PARAMETRIZACAO RECEITA
FALHA DE PARAMETRIZAÇÃO DO REJEITO,FALHA DE PARAMETRIZACAO DO REJEITO,FALHA PARAMETRIZACAO REJEITO
FALHA DE PATINS,FALHA DE PATINS,FALHA PATINS
FALHA DE PEGADOR,FALHA DE PEGADOR,FALHA PEGADOR
FALHA DE PENTE DE TRANSFERÊNCIA,FALHA DE PENTE DE TRANSFERENCIA,FALHA PENTE TRANSFERENCIA
FALHA DE PERSIANA,FALHA DE PERSIANA,FALHA PERSIANA
FALHA DE PINO,FALHA DE PINO,FALHA PINO
FALHA DE PINO DE SEPARAÇÃO,FALHA DE PINO DE SEPARACAO,FALHA PINO SEPARACAO
FALHA DE PINOS DE TRANSFERÊNCIA,FALHA DE PINOS DE TRANSFERENCIA,FALHA PINOS TRANSFERENCIA
FALHA DE PINÇA,FALHA DE PINCA,FALHA PINCA
FALHA DE PLACA ELETRÔNICA,FALHA DE PLACA ELETRONICA,FALHA PLACA ELETRONICA
FALHA DE PLC,FALHA DE PLC,FALHA PLC
FALHA DE PORTA DE SEGURANÇA,FALHA DE PORTA DE SEGURANCA,FALHA PORTA SEGURANCA
FALHA DE POSICIONAMENTO DE PACOTES,FALHA DE POSICIONAMENTO DE PACOTES,FALHA POSICIONAMENTO PACOTES
FALHA DE POSICIONAMENTO DE PALETE,FALHA DE POSICIONAMENTO DE PALETE,FALHA POSICIONAMENTO PALETE
FALHA DE POSICIONAMENTO DO CABEÇOTE,FALHA DE POSICIONAMENTO DO CABECOTE,FALHA POSICIONAMENTO CABECOTE
FALHA DE PRANCHA,FALHA DE PRANCHA,FALHA PRANCHA
FALHA DE PRESSOSTATO,FALHA DE PRESSOSTATO,FALHA PRESSOSTATO
FALHA DE PRESSURIZAÇÃO,FALHA DE PRESSURIZACAO,FALHA PRESSURIZACAO
FALHA DE PRESSURIZAÇÃO DA ENCHEDORA,FALHA DE PRESSURIZACAO DA ENCHEDORA,FALHA PRESSURIZACAO ENCHEDORA
FALHA DE PRESSÃO,FALHA DE PRESSAO,FALHA PRESSAO
FALHA DE PRESSÃO DE ÁGUA,FALHA DE PRESSAO DE AGUA,FALHA PRESSAO AGUA
FALHA DE PRESSÃO DOS JATOS,FALHA DE PRESSAO DOS JATOS,FALHA PRESSAO JATOS
FALHA DE PROPORCIONAMENTO,FALHA DE PROPORCIONAMENTO,FALHA PROPORCIONAMENTO
FALHA DE PRÉ-ENXÁGUE,FALHA DE PRE ENXAGUE,FALHA PRE ENXAGUE
FALHA DE RECRAVAÇÃO,FALHA DE RECRAVACAO,FALHA RECRAVACAO
FALHA DE REDUTOR,FALHA DE REDUTOR,FALHA REDUTOR
FALHA DE REJEIÇÃO,FALHA DE REJEICAO,FALHA REJEICAO
FALHA DE RELÉ DE SEGURANÇA,FALHA DE RELE DE SEGURANCA,FALHA RELE SEGURANCA
FALHA DE RESFRIAMENTO,FALHA DE RESFRIAMENTO,FALHA RESFRIAMENTO
FALHA DE RETORNO DO BRAÇO DE SOLDA,FALHA DE RETORNO DO BRACO DE SOLDA,FALHA RETORNO BRACO SOLDA
FALHA DE ROBÔ,FALHA DE ROBO,FALHA ROBO
FALHA DE ROLAMENTO,FALHA DE ROLAMENTO,FALHA ROLAMENTO
FALHA DE ROLETES,FALHA DE ROLETES,FALHA ROLETES
FALHA DE ROLO DE ESTIRAMENTO,FALHA DE ROLO DE ESTIRAMENTO,FALHA ROLO ESTIRAMENTO
FALHA DE ROLO SEPARADOR,FALHA DE ROLO SEPARADOR,FALHA ROLO SEPARADOR
FALHA DE ROTAÇÃO,FALHA DE ROTACAO,FALHA ROTACAO
FALHA DE ROTULAGEM,FALHA DE ROTULAGEM,FALHA ROTULAGEM
FALHA DE RÉGUA DE ARRASTE,FALHA DE REGUA DE ARRASTE,FALHA REGUA ARRASTE
FALHA DE RÉGUA DE ENVOLVIMENTO,FALHA DE REGUA DE ENVOLVIMENTO,FALHA REGUA ENVOLVIMENTO
FALHA DE SECAGEM DE RÓTULO,FALHA DE SECAGEM DE ROTULO,FALHA SECAGEM ROTULO
FALHA DE SEGMENTOS,FALHA DE SEGMENTOS,FALHA SEGMENTOS
FALHA DE SEGURANÇA,FALHA DE SEGURANCA,FALHA SEGURANCA
FALHA DE SEGURANÇA DO CABEÇOTE,FALHA DE SEGURANCA DO CABECOTE,FALHA SEGURANCA CABECOTE
FALHA DE SENSOR,FALHA DE SENSOR,FALHA SENSOR
FALHA DE SEQUENCIAMENTO DA PALETIZADORA,FALHA DE SEQUENCIAMENTO DA PALETIZADORA,FALHA SEQUENCIAMENTO PALETIZADORA
FALHA DE SERVO MOTOR,FALHA DE SERVO MOTOR,FALHA SERVO MOTOR
FALHA DE SINCRONISMO,FALHA DE SINCRONISMO,FALHA SINCRONISMO
FALHA DE SOLDA DE FILME,FALHA DE SOLDA DE FILME,FALHA SOLDA FILME
FALHA DE SOLENOIDE,FALHA DE SOLENOIDE,FALHA SOLENOIDE
FALHA DE SOPRADOR,FALHA DE SOPRADOR,FALHA SOPRADOR
FALHA DE SUPORTE DE TAMPAS,FALHA DE SUPORTE DE TAMPAS,FALHA SUPORTE TAMPAS
FALHA DE SUPRIMENTO DE AR COMPRIMIDO,FALHA DE SUPRIMENTO DE AR COMPRIMIDO,FALHA SUPRIMENTO AR COMPRIMIDO
FALHA DE TAMPAMENTO,FALHA DE TAMPAMENTO,FALHA TAMPAMENTO
FALHA DE TANGENCIAMENTO,FALHA DE TANGENCIAMENTO,FALHA TANGENCIAMENTO
FALHA DE TENSIONAMENTO DE ESTEIRA,FALHA DE TENSIONAMENTO DE ESTEIRA,FALHA TENSIONAMENTO ESTEIRA
FALHA DE TERMOSTATO,FALHA DE TERMOSTATO,FALHA TERMOSTATO
FALHA DE TESOURA DE FILME,FALHA DE TESOURA DE FILME,FALHA TESOURA FILME
FALHA DE TRANSDUTOR,FALHA DE TRANSDUTOR,FALHA TRANSDUTOR
FALHA DE TRANSPORTE,FALHA DE TRANSPORTE,FALHA TRANSPORTE
FALHA DE TRANSPORTE DE CAIXAS,FALHA DE TRANSPORTE DE CAIXAS,FALHA TRANSPORTE CAIXAS
FALHA DE TRANSPORTE DE GARRAFAS,FALHA DE TRANSPORTE DE GARRAFAS,FALHA TRANSPORTE GARRAFAS
FALHA DE TRANSPORTE DE LATAS,FALHA DE TRANSPORTE DE LATAS,FALHA TRANSPORTE LATAS
FALHA DE TRANSPORTE DE PACOTES,FALHA DE TRANSPORTE DE PACOTES,FALHA TRANSPORTE PACOTES
FALHA DE TRANSPORTE DE PALETES,FALHA DE TRANSPORTE DE PALETES,FALHA TRANSPORTE PALETES
FALHA DE TRAÇÃO/GUIAMENTO DE FILME,FALHA DE TRACAO GUIAMENTO DE FILME,FALHA TRACAO GUIAMENTO FILME
FALHA DE TULIPA,FALHA DE TULIPA,FALHA TULIPA
FALHA DE TWISTER,FALHA DE TWISTER,FALHA TWISTER
FALHA DE VEDAÇÃO,FALHA DE VEDACAO,FALHA VEDACAO
FALHA DE VEDAÇÃO DA VÁLVULA,FALHA DE VEDACAO DA VALVULA,FALHA VEDACAO VALVULA
FALHA DE VELOCIDADE DO TRANSPORTE,FALHA DE VELOCIDADE DO TRANSPORTE,FALHA VELOCIDADE TRANSPORTE
FALHA DE VENTOSA,FALHA DE VENTOSA,FALHA VENTOSA
FALHA DE VIBRADOR,FALHA DE VIBRADOR,FALHA VIBRADOR
FALHA DE VÁCUO,FALHA DE VACUO,FALHA VACUO
FALHA DE VÁLVULA,FALHA DE VALVULA,FALHA VALVULA
FALHA DE VÁLVULA DE ENCHIMENTO,FALHA DE VALVULA DE ENCHIMENTO,FALHA VALVULA ENCHIMENTO
FALHA DE VÁLVULA DE NITROGÊNIO,FALHA DE VALVULA DE NITROGENIO,FALHA VALVULA NITROGENIO
FALHA DE VÁLVULA DE XAROPE,FALHA DE VALVULA DE XAROPE,FALHA VALVULA XAROPE
FALHA DE VÁLVULA DE ÁGUA,FALHA DE VALVULA DE AGUA,FALHA VALVULA AGUA
FALHA DE VÁLVULA MODULADORA,FALHA DE VALVULA MODULADORA,FALHA VALVULA MODULADORA
FALHA DO COLOCADOR DE CARTÃO,FALHA DO COLOCADOR DE CARTAO,FALHA COLOCADOR CARTAO
FALHA DO COLOCADOR DE CHAPATEX,FALHA DO COLOCADOR DE CHAPATEX,FALHA COLOCADOR CHAPATEX
FALHA DO SECADOR DE GARRAFAS,FALHA DO SECADOR DE GARRAFAS,FALHA SECADOR GARRAFAS
FALHA DO TENSOR DE RÓTULOS,FALHA DO TENSOR DE ROTULOS,FALHA TENSOR ROTULOS
FALHA ELETRÔNICA DA VÁLVULA,FALHA ELETRONICA DA VALVULA,FALHA ELETRONICA VALVULA
FALHA ELÉTRICA DO TRANSPORTE,FALHA ELETRICA DO TRANSPORTE,FALHA ELETRICA TRANSPORTE
FALHA ELÉTRICA DO TRANSPORTE DE ENTRADA,FALHA ELETRICA DO TRANSPORTE DE ENTRADA,FALHA ELETRICA TRANSPORTE ENTRADA
FALHA ELÉTRICA SEM COMPONENTE IDENTIFICADO,FALHA ELETRICA SEM COMPONENTE IDENTIFICADO,FALHA ELETRICA SEM COMPONENTE IDENTIFICADO
FALHA EM ENVIAR TAMPAS PARA ENCHEDORA,FALHA EM ENVIAR TAMPAS PARA ENCHEDORA,FALHA ENVIAR TAMPAS PARA ENCHEDORA
FALHA ESTRUTURAL,FALHA ESTRUTURAL,FALHA ESTRUTURAL
FALHA INVERSOR,FALHA INVERSOR,FALHA INVERSOR
FALHA NA ABERTURA DA GARRA,FALHA NA ABERTURA DA GARRA,FALHA ABERTURA GARRA
FALHA NA ABERTURA DOS GANCHOS DO ROBÔ,FALHA NA ABERTURA DOS GANCHOS DO ROBO,FALHA ABERTURA GANCHOS ROBO
FALHA NA DESCARGA DE PALETE,FALHA NA DESCARGA DE PALETE,FALHA DESCARGA PALETE
FALHA NA DESCIDA DE TAMPAS,FALHA NA DESCIDA DE TAMPAS,FALHA DESCIDA TAMPAS
FALHA NA FORMAÇÃO DE CAMADA,FALHA NA FORMACAO DE CAMADA,FALHA FORMACAO CAMADA
FALHA NA GARRA DO ROBÔ,FALHA NA GARRA DO ROBO,FALHA GARRA ROBO
FALHA NA INSERÇÃO DE GARRAFAS FALSAS,FALHA NA INSERCAO DE GARRAFAS FALSAS,FALHA INSERCAO GARRAFAS FALSAS
FALHA NA INSERÇÃO DE LATAS,FALHA NA INSERCAO DE LATAS,FALHA INSERCAO LATAS
FALHA NA INSERÇÃO DE LATAS FALSAS,FALHA NA INSERCAO DE LATAS FALSAS,FALHA INSERCAO LATAS FALSAS
FALHA NA MESA DE CARGA,FALHA NA MESA DE CARGA,FALHA MESA CARGA
FALHA NA MESA DE FORMAÇÃO DE PACOTES,FALHA NA MESA DE FORMACAO DE PACOTES,FALHA MESA FORMACAO PACOTES
FALHA NA PEGA DE GARRAFAS,FALHA NA PEGA DE GARRAFAS,FALHA PEGA GARRAFAS
FALHA NA PEGA DE PALLET VAZIO,FALHA NA PEGA DE PALLET VAZIO,FALHA PEGA PALLET VAZIO
FALHA NA PEGADA DE CAMADA,FALHA NA PEGADA DE CAMADA,FALHA PEGADA CAMADA
FALHA NA REFRIGERAÇÃO DE FUNDO,FALHA NA REFRIGERACAO DE FUNDO,FALHA REFRIGERACAO FUNDO
FALHA NA SAÍDA DE PALETES,FALHA NA SAIDA DE PALETES,FALHA SAIDA PALETES
FALHA NA TROCA AUTOMATICA,FALHA NA TROCA AUTOMATICA,FALHA TROCA AUTOMATICA
FALHA NA TROCA DE BANDEJA,FALHA NA TROCA DE BANDEJA,FALHA TROCA BANDEJA
FALHA NA TROCA DE BOBINA,FALHA NA TROCA DE BOBINA,FALHA TROCA BOBINA
FALHA NA TROCA DE PALETE DE CARTÃO,FALHA NA TROCA DE PALETE DE CARTAO,FALHA TROCA PALETE CARTAO
FALHA NA TROCA DE PALETE DE FOLHA SEPARADORA,FALHA NA TROCA DE PALETE DE FOLHA SEPARADORA,FALHA TROCA PALETE FOLHA SEPARADORA
FALHA NA VALVULA,FALHA NA VALVULA,FALHA VALVULA
FALHA NO AVANÇO DE PALETES PARA PALETIZAR,FALHA NO AVANCO DE PALETES PARA PALETIZAR,FALHA AVANCO PALETES PARA PALETIZAR
FALHA NO BOTÃO RESET,FALHA NO BOTAO RESET,FALHA BOTAO RESET
FALHA NO CARREGAMENTO DE RECEITA,FALHA NO CARREGAMENTO DE RECEITA,FALHA CARREGAMENTO RECEITA
FALHA NO CIP RAMAL B,FALHA NO CIP RAMAL B,FALHA CIP RAMAL B
FALHA NO CORTE DE TUBETES,FALHA NO CORTE DE TUBETES,FALHA CORTE TUBETES
FALHA NO DEPOSITO DE PALLET,FALHA NO DEPOSITO DE PALLET,FALHA DEPOSITO PALLET
FALHA NO DISPOSITIVO DE RETIRADA DE GARRAFAS,FALHA NO DISPOSITIVO DE RETIRADA DE GARRAFAS,FALHA DISPOSITIVO RETIRADA GARRAFAS
FALHA NO DOSADOR DE NITROGENIO,FALHA NO DOSADOR DE NITROGENIO,FALHA DOSADOR NITROGENIO
FALHA NO ENVIO DE BEBIDA,FALHA NO ENVIO DE BEBIDA,FALHA ENVIO BEBIDA
FALHA NO FLUXO DE PALETES,FALHA NO FLUXO DE PALETES,FALHA FLUXO PALETES
FALHA NO MANUSEIO DE CARTÃO,FALHA NO MANUSEIO DE CARTAO,FALHA MANUSEIO CARTAO
FALHA NO SENSOR EXPULSADOR,FALHA NO SENSOR EXPULSADOR,FALHA SENSOR EXPULSADOR
FALHA NO SISTEMA DE AR COMPRIMIDO,FALHA NO SISTEMA DE AR COMPRIMIDO,FALHA SISTEMA AR COMPRIMIDO
FALHA NO SISTEMA DE CORTE,FALHA NO SISTEMA DE CORTE,FALHA SISTEMA CORTE
FALHA NO SISTEMA DE INSERÇÃO DE FALSA GARRAFA,FALHA NO SISTEMA DE INSERCAO DE FALSA GARRAFA,FALHA SISTEMA INSERCAO FALSA GARRAFA
FALHA NO SUPRIMENTO DE ÁGUA,FALHA NO SUPRIMENTO DE AGUA,FALHA SUPRIMENTO AGUA
FALHA NO TROCADOR DE CALOR,FALHA NO TROCADOR DE CALOR,FALHA TROCADOR CALOR
FALHA NO VIRADOR DE CAIXAS,FALHA NO VIRADOR DE CAIXAS,FALHA VIRADOR CAIXAS
FALHA NO VIRADOR DE PACOTES,FALHA NO VIRADOR DE PACOTES,FALHA VIRADOR PACOTES
FALHA NOS SNIFS,FALHA NOS SNIFS,FALHA SNIFS
FALHA SENSOR DA PORTA,FALHA SENSOR DA PORTA,FALHA SENSOR PORTA
FALHA TROCADOR DE CALOR,FALHA TROCADOR DE CALOR,FALHA TROCADOR CALOR
FALHA VALVULA DE ENCHIMENTO,FALHA VALVULA DE ENCHIMENTO,FALHA VALVULA ENCHIMENTO
FALSA RECRAVAÇÃO,FALSA RECRAVACAO,FALSA RECRAVACAO
FALSO ALARME DE REJEITO OBSTRUÍDO,FALSO ALARME DE REJEITO OBSTRUIDO,FALSO ALARME REJEITO OBSTRUIDO
FALSO REJEITO,FALSO REJEITO,FALSO REJEITO
GARRAFAS FORA DE POSIÇÃO,GARRAFAS FORA DE POSICAO,GARRAFAS FORA POSICAO
GARRAFAS TORTAS NA SAÍDA DO RINSER,GARRAFAS TORTAS NA SAIDA DO RINSER,GARRAFAS TORTAS SAIDA RINSER
INTERFERÊNCIA MECÂNICA,INTERFERENCIA MECANICA,INTERFERENCIA MECANICA
MONTAGEM INCORRETA DE CORREIA,MONTAGEM INCORRETA DE CORREIA,MONTAGEM INCORRETA CORREIA
OBSTRUÇÃO DE MANGUEIRA DE AR,OBSTRUCAO DE MANGUEIRA DE AR,OBSTRUCAO MANGUEIRA AR
PACOTE FORA DE POSIÇÃO,PACOTE FORA DE POSICAO,PACOTE FORA POSICAO
PALLET PARADO NA MESA,PALLET PARADO NA MESA,PALLET PARADO MESA
PARADA DE TRANSPORTE,PARADA DE TRANSPORTE,PARADA TRANSPORTE
PATINAGEM DE ESTEIRA,PATINAGEM DE ESTEIRA,PATINAMENTO ESTEIRA
PATINAMENTO DE ESTEIRA,PATINAMENTO DE ESTEIRA,PATINAMENTO ESTEIRA
PATINAMENTO DE ROLETE,PATINAMENTO DE ROLETE,PATINAMENTO ROLETE
PATINS FORA DE POSIÇÃO,PATINS FORA DE POSICAO,PATINS FORA POSICAO
PENTES SOLTOS,PENTES SOLTOS,PENTES SOLTOS
PERDA DE REFERÊNCIA,PERDA DE REFERENCIA,PERDA REFERENCIA
PERDA DE REFERÊNCIA / HOME,PERDA DE REFERENCIA HOME,PERDA REFERENCIA HOME
PERDA DE REFERÊNCIA DO CENTRADOR,PERDA DE REFERENCIA DO CENTRADOR,PERDA REFERENCIA CENTRADOR
PERDA DE REFERÊNCIA DO PEGADOR DE CHAPATEX,PERDA DE REFERENCIA DO PEGADOR DE CHAPATEX,PERDA REFERENCIA PEGADOR CHAPATEX
PERDA DE REFERÊNCIA DO ROBÔ,PERDA DE REFERENCIA DO ROBO,PERDA REFERENCIA ROBO
PINO DE SEPARAÇÃO TRAVADO,PINO DE SEPARACAO TRAVADO,PINO SEPARACAO TRAVADO
PROBLEMA NA TAMPA DA LATA,PROBLEMA NA TAMPA DA LATA,PROBLEMA TAMPA LATA
QUEBRA DA ESTEIRA,QUEBRA DA ESTEIRA,QUEBRA ESTEIRA
QUEBRA DE ANEL O-RING,QUEBRA DE ANEL O RING,QUEBRA ANEL O RING
QUEBRA DE ATUADOR,QUEBRA DE ATUADOR,QUEBRA ATUADOR
QUEBRA DE BRAÇO,QUEBRA DE BRACO,QUEBRA BRACO
QUEBRA DE COMPONENTE,QUEBRA DE COMPONENTE,QUEBRA COMPONENTE
QUEBRA DE CORREIA,QUEBRA DE CORREIA,QUEBRA CORREIA
QUEBRA DE CORRENTE,QUEBRA DE CORRENTE,QUEBRA CORRENTE
QUEBRA DE EIXO,QUEBRA DE EIXO,QUEBRA EIXO
QUEBRA DE ELO DE ESTEIRA,QUEBRA DE ELO DE ESTEIRA,QUEBRA ELO ESTEIRA
QUEBRA DE ENGRENAGEM,QUEBRA DE ENGRENAGEM,QUEBRA ENGRENAGEM
QUEBRA DE ESTEIRA,QUEBRA DE ESTEIRA,QUEBRA ESTEIRA
QUEBRA DE PARAFUSO,QUEBRA DE PARAFUSO,QUEBRA PARAFUSO
QUEBRA DE PINO,QUEBRA DE PINO,QUEBRA PINO
QUEBRA DE PISTÃO,QUEBRA DE PISTAO,QUEBRA PISTAO
QUEBRA DE RÉGUA,QUEBRA DE REGUA,QUEBRA REGUA
QUEBRA DE SEGMENTO,QUEBRA DE SEGMENTO,QUEBRA SEGMENTO
QUEBRA DE SUPORTE,QUEBRA DE SUPORTE,QUEBRA SUPORTE
QUEBRA DE TERMINAL ELÉTRICO,QUEBRA DE TERMINAL ELETRICO,QUEBRA TERMINAL ELETRICO
QUEBRA DE TRANSPORTE,QUEBRA DE TRANSPORTE,QUEBRA TRANSPORTE
QUEBRA DE TRECHO DO TRANSPORTE,QUEBRA DE TRECHO DO TRANSPORTE,QUEBRA TRECHO TRANSPORTE
QUEBRA NO EIXO DA TAMPA DO ARROLHADOR,QUEBRA NO EIXO DA TAMPA DO ARROLHADOR,QUEBRA EIXO TAMPA ARROLHADOR
QUEDA DE CAIXAS,QUEDA DE CAIXAS,QUEDA CAIXAS
QUEDA DE GARRAFAS,QUEDA DE GARRAFAS,QUEDA GARRAFAS
QUEDA DE LATAS,QUEDA DE LATAS,QUEDA LATAS
QUEDA DE PACOTES,QUEDA DE PACOTES,QUEDA PACOTES
QUEIMA DA PLACA DEVICENET,QUEIMA DA PLACA DEVICENET,QUEIMA PLACA DEVICENET
QUEIMA DE FILAMENTO,QUEIMA DE FILAMENTO,QUEIMA FILAMENTO
ROBO COM FALHA,ROBO COM FALHA,ROBO COM FALHA
ROMPIMENTO DE ESTEIRA/LONA,ROMPIMENTO DE ESTEIRA LONA,ROMPIMENTO ESTEIRA LONA
ROMPIMENTO DE FILME,ROMPIMENTO DE FILME,ROMPIMENTO FILME
ROMPIMENTO DE MANGUEIRA,ROMPIMENTO DE MANGUEIRA,ROMPIMENTO MANGUEIRA
ROMPIMENTO DE MANGUEIRA DE AR,ROMPIMENTO DE MANGUEIRA DE AR,ROMPIMENTO MANGUEIRA AR
ROMPIMENTO DE MANGUEIRA DE ÁGUA,ROMPIMENTO DE MANGUEIRA DE AGUA,ROMPIMENTO MANGUEIRA AGUA
ROMPIMENTO DE TUBEIRA DO FORNO,ROMPIMENTO DE TUBEIRA DO FORNO,ROMPIMENTO TUBEIRA FORNO
ROMPIMENTO DE TUBETE,ROMPIMENTO DE TUBETE,ROMPIMENTO TUBETE
SAÍDA DE GARRAFAS COM TAMPA TORTA,SAIDA DE GARRAFAS COM TAMPA TORTA,SAIDA GARRAFAS COM TAMPA TORTA
SEM MODO DE FALHA IDENTIFICADO,SEM MODO DE FALHA IDENTIFICADO,SEM MODO FALHA IDENTIFICADO
SOBREAQUECIMENTO DE PROCESSADOR,SOBREAQUECIMENTO DE PROCESSADOR,SOBREAQUECIMENTO PROCESSADOR
SOBRECORRENTE,SOBRECORRENTE,SOBRECORRENTE
TAB DANIFICADO,TAB DANIFICADO,TAB DANIFICADO
TAMPA INVERTIDA,TAMPA INVERTIDA,TAMPA INVERTIDA
TOMBAMENTO DE RECIPIENTES,TOMBAMENTO DE RECIPIENTES,TOMBAMENTO RECIPIENTES
TRANSBORDAMENTO DE TANQUE,TRANSBORDAMENTO DE TANQUE,TRANSBORDAMENTO TANQUE
TRAVAMENTO DE ATUADOR,TRAVAMENTO DE ATUADOR,TRAVAMENTO ATUADOR
TRAVAMENTO DE BOCAL,TRAVAMENTO DE BOCAL,TRAVAMENTO BOCAL
TRAVAMENTO DE BOIA,TRAVAMENTO DE BOIA,TRAVAMENTO BOIA
TRAVAMENTO DE CENTRADOR,TRAVAMENTO DE CENTRADOR,TRAVAMENTO CENTRADOR
TRAVAMENTO DE CHAVE SECCIONADORA,TRAVAMENTO DE CHAVE SECCIONADORA,TRAVAMENTO CHAVE SECCIONADORA
TRAVAMENTO DE CILINDRO ROTATIVO,TRAVAMENTO DE CILINDRO ROTATIVO,TRAVAMENTO CILINDRO ROTATIVO
TRAVAMENTO DE CORRENTE,TRAVAMENTO DE CORRENTE,TRAVAMENTO CORRENTE
TRAVAMENTO DE ELEVADOR,TRAVAMENTO DE ELEVADOR,TRAVAMENTO ELEVADOR
TRAVAMENTO DE ENGRENAGEM,TRAVAMENTO DE ENGRENAGEM,TRAVAMENTO ENGRENAGEM
TRAVAMENTO DE ESTEIRA,TRAVAMENTO DE ESTEIRA,TRAVAMENTO ESTEIRA
TRAVAMENTO DE GARRAFAS NA SAÍDA DA LAVADORA,TRAVAMENTO DE GARRAFAS NA SAIDA DA LAVADORA,TRAVAMENTO GARRAFAS SAIDA LAVADORA
TRAVAMENTO DE PALETE,TRAVAMENTO DE PALETE,TRAVAMENTO PALETE
TRAVAMENTO DE PATINS,TRAVAMENTO DE PATINS,TRAVAMENTO PATINS
TRAVAMENTO DE PERSIANA,TRAVAMENTO DE PERSIANA,TRAVAMENTO PERSIANA
TRAVAMENTO DE PINO DE SEPARAÇÃO,TRAVAMENTO DE PINO DE SEPARACAO,TRAVAMENTO PINO SEPARACAO
TRAVAMENTO DE PINÇA,TRAVAMENTO DE PINCA,TRAVAMENTO PINCA
TRAVAMENTO DE ROBÔ,TRAVAMENTO DE ROBO,TRAVAMENTO ROBO
TRAVAMENTO DE ROLETES,TRAVAMENTO DE ROLETES,TRAVAMENTO ROLETES
TRAVAMENTO DE ROLO DE COLA,TRAVAMENTO DE ROLO DE COLA,TRAVAMENTO ROLO COLA
TRAVAMENTO DE SEGMENTOS,TRAVAMENTO DE SEGMENTOS,TRAVAMENTO SEGMENTOS
TRAVAMENTO DE SNIFFER,TRAVAMENTO DE SNIFFER,TRAVAMENTO SNIFFER
TRAVAMENTO DE STOPPER,TRAVAMENTO DE STOPPER,TRAVAMENTO STOPPER
TRAVAMENTO DE TRANSPORTE,TRAVAMENTO DE TRANSPORTE,TRAVAMENTO TRANSPORTE
TRAVAMENTO DE VÁLVULA,TRAVAMENTO DE VALVULA,TRAVAMENTO VALVULA
TRAVAMENTO DO CAPSULADOR,TRAVAMENTO DO CAPSULADOR,TRAVAMENTO CAPSULADOR
TRAVAMENTO DO SISTEMA DE COMPACTAÇÃO,TRAVAMENTO DO SISTEMA DE COMPACTACAO,TRAVAMENTO SISTEMA COMPACTACAO
TRAVAMENTO ELEVADOR,TRAVAMENTO ELEVADOR,TRAVAMENTO ELEVADOR
TRAVAMENTO NA ALIMENTAÇÃO DE TAMPAS,TRAVAMENTO NA ALIMENTACAO DE TAMPAS,TRAVAMENTO ALIMENTACAO TAMPAS
TREPIDAÇÃO DE ESTEIRA,TREPIDACAO DE ESTEIRA,TREPIDACAO ESTEIRA
TREPIDAÇÃO DE LATAS,TREPIDACAO DE LATAS,TREPIDACAO LATAS
VAZAMENTO,VAZAMENTO,VAZAMENTO
VAZAMENTO DE PRODUTO,VAZAMENTO DE PRODUTO,VAZAMENTO PRODUTO
VAZAMENTO EM COLETOR,VAZAMENTO EM COLETOR,VAZAMENTO COLETOR
VAZAMENTO EM CONEXÃO,VAZAMENTO EM CONEXAO,VAZAMENTO CONEXAO
VAZAMENTO EM TUBULAÇÃO,VAZAMENTO EM TUBULACAO,VAZAMENTO TUBULACAO
VAZAMENTO EM VÁLVULA,VAZAMENTO EM VALVULA,VAZAMENTO VALVULA
VAZAMENTO NO COLETOR COM GÁS BAIXO,VAZAMENTO NO COLETOR COM GAS BAIXO,VAZAMENTO COLETOR COM GAS BAIXO
VAZAMENTO PNEUMÁTICO,VAZAMENTO PNEUMATICO,VAZAMENTO PNEUMATICO
VELOCIDADE REDUZIDA SEM CAUSA IDENTIFICADA,VELOCIDADE REDUZIDA SEM CAUSA IDENTIFICADA,VELOCIDADE REDUZIDA SEM CAUSA IDENTIFICADA
VIBRAÇÃO DE ROBÔ,VIBRACAO DE ROBO,VIBRACAO ROBO
