class,precision,recall,f1,support,train_support
ACUMULO TAMPAS BUFFER FALHA,0.0,0.0,0.0,0,1
AFROUXAMENTO DE PARAFUSO DE FIXACAO,0.0,0.0,0.0,0,1
ALTERACAO DA VELOCIDADE DO DEVICER,0.0,0.0,0.0,0,2
AMASSAMENTO DE LATAS,0.3333333333333333,0.5,0.4,2,9
ATUACAO DO CIRCUITO DE EMERGENCIA,0.0,0.0,0.0,0,1
ATUACAO QUEIMA DE FUSIVEL,0.0,0.0,0.0,1,1
AUSENCIA DE PARAFUSO DE FIXACAO,0.0,0.0,0.0,0,1
BAIXA VELOCIDADE DE ESTEIRA,0.0,0.0,0.0,0,1
COLAPSO DE LATAS,0.0,0.0,0.0,1,6
COLISAO DO BRACO DE ESTIRAMENTO,0.0,0.0,0.0,0,1
COLISAO DO EMPURRADOR,0.0,0.0,0.0,0,1
COLISAO DO ROBO COM PALETE,0.0,0.0,0.0,0,1
CRASH DE GARRAFAS,1.0,0.5,0.6666666666666666,2,6
CRASH DE LATAS,0.5,1.0,0.6666666666666666,1,2
CURTO CIRCUITO,0.0,0.0,0.0,1,9
DANIFICACAO DA BUCHA DE ELEVACAO DO PISTAO,0.0,0.0,0.0,0,1
DANIFICACAO DE GARRAFAS,1.0,1.0,1.0,1,3
DEFORMACAO DE CABECOTE,0.0,0.0,0.0,0,2
DEFORMACAO DE EIXO,0.0,0.0,0.0,0,1
DEFORMACAO DE FACA,0.0,0.0,0.0,0,1
DEFORMACAO DE HASTE,0.0,0.0,0.0,0,1
DEFORMACAO DE MEXEDOR,0.0,0.0,0.0,0,1
DEFORMACAO DE SUPORTE,1.0,1.0,1.0,1,1
DEFORMACAO DESALINHAMENTO DE GUIA,0.0,0.0,0.0,2,8
DEGRADACAO DE MANGUEIRA,0.0,0.0,0.0,0,2
DESAJUSTE DE GUIA,0.0,0.0,0.0,0,1
DESAJUSTE DE REGUA,0.0,0.0,0.0,0,1
DESALINHAMENTO DE AGREGADO,0.0,0.0,0.0,1,5
DESALINHAMENTO DE CENTRADOR,0.0,0.0,0.0,0,2
DESALINHAMENTO DE CHAPA,0.0,0.0,0.0,0,1
DESALINHAMENTO DE EIXO,0.0,0.0,0.0,1,2
DESALINHAMENTO DE GUIA,0.3333333333333333,1.0,0.5,1,7
DESALINHAMENTO DE MASCARA,0.0,0.0,0.0,0,1
DESALINHAMENTO DE PALETE,0.0,0.0,0.0,0,1
DESALINHAMENTO DE PILHA DE PALETES,0.0,0.0,0.0,0,1
DESALINHAMENTO DO BRACO DE CENTRAGEM,0.0,0.0,0.0,0,2
DESALINHAMENTO MECANICO,0.0,0.0,0.0,2,7
DESARME DE BOMBA,0.0,0.0,0.0,0,1
DESARME DE DISJUNTOR,0.0,0.0,0.0,1,1
DESARME DE EQUIPAMENTO,0.0,0.0,0.0,1,2
DESARME DE ESTEIRA,0.0,0.0,0.0,1,1
DESARME DE MESA,1.0,1.0,1.0,2,1
DESARME DE MOTOR,1.0,0.8,0.8888888888888888,5,19
DESARME DE PAINEL,0.0,0.0,0.0,0,1
DESARME DE PAINEL DE COMANDO,0.0,0.0,0.0,0,2
DESARME DE TRANSPORTE,0.75,1.0,0.8571428571428571,9,12
DESARME PALETIZADORA,0.0,0.0,0.0,0,1
DESARME TERMICO,1.0,1.0,1.0,3,2
DESGASTE DE PINO DE SEPARACAO,0.0,0.0,0.0,0,1
DESLIGAMENTO INDEVIDO DO EQUIPAMENTO,1.0,1.0,1.0,1,4
DESNIVELAMENTO DE ESTEIRA,0.0,0.0,0.0,1,2
DESPRENDIMENTO DO PISTAO DE TRAVAMENTO,0.0,0.0,0.0,0,1
EIXO DO BRACO TENCIONADOR DO FILME DA ENVOLVEDORA SOLTO,0.0,0.0,0.0,0,1
ENROSCO DE CAIXAS,0.6666666666666666,1.0,0.8,2,6
ENROSCO DE CARTAO QUADRO,0.0,0.0,0.0,0,1
ENROSCO DE GARRAFAS,0.6,0.6,0.6,5,29
ENROSCO DE LATAS,0.0,0.0,0.0,4,18
ENROSCO DE PACOTES,0.8235294117647058,1.0,0.9032258064516129,14,29
ENROSCO DE ROTULOS,0.25,0.25,0.25,4,10
ENROSCO DE TAMPAS,0.8,0.8888888888888888,0.8421052631578947,9,44
ENTUPIMENTO,0.0,0.0,0.0,1,1
ENTUPIMENTO DE TUBULACAO,0.0,0.0,0.0,0,1
ENTUPIMENTO NO TRANSPORTE DE TAMPAS,0.0,0.0,0.0,0,1
ERRO DE COMUNICACAO,0.0,0.0,0.0,0,1
ESCAPE DE CORREIA,1.0,1.0,1.0,1,4
ESCAPE DE ESTEIRA,0.9,0.6923076923076923,0.782608695652174,13,73
ESPANAMENTO DE PARAFUSO,0.0,0.0,0.0,0,1
ESPUMAMENTO DE BEBIDA,1.0,1.0,1.0,3,13
ESTABILIDADE DE EQUIPAMENTO,0.0,0.0,0.0,0,2
ETICADOR DE CORRENTE ESCAPOU,1.0,1.0,1.0,1,1
EXCESSO DE GARRAFA COM ROTULO,1.0,1.0,1.0,2,6
FALHA DA MESA GIRATORIA,0.0,0.0,0.0,0,1
FALHA DE ABA CONICA,0.5,1.0,0.6666666666666666,1,5
FALHA DE ACIONAMENTO DO EMPURRADOR,0.0,0.0,0.0,0,1
FALHA DE ACOPLAMENTO,0.0,0.0,0.0,0,1
FALHA DE ACUMULO NO TRANSPORTE,1.0,0.25,0.4,4,8
FALHA DE ALIMENTACAO,0.0,0.0,0.0,0,1
FALHA DE ALIMENTACAO DE GARRAFAS,0.0,0.0,0.0,1,6
FALHA DE ALIMENTACAO DE LATAS,0.0,0.0,0.0,0,1
FALHA DE ALIMENTACAO DE PACOTES,1.0,1.0,1.0,1,6
FALHA DE ALIMENTACAO DE PALETES,0.0,0.0,0.0,0,1
FALHA DE ALIMENTACAO DE TAMPAS,1.0,0.5,0.6666666666666666,4,16
FALHA DE ALIMENTACAO ELETRICA,0.0,0.0,0.0,0,1
FALHA DE ALIMENTACAO ELETRICA DA EMBREAGEM,0.0,0.0,0.0,0,1
FALHA DE AMOSTRAGEM,0.0,0.0,0.0,0,1
FALHA DE ANALISADOR,0.0,0.0,0.0,0,4
FALHA DE APLICACAO DE COLA,0.0,0.0,0.0,0,1
FALHA DE ATUADOR,0.0,0.0,0.0,1,1
FALHA DE ATUADOR DA VALVULA,1.0,1.0,1.0,1,2
FALHA DE ATUADOR DO DEVAISER,0.0,0.0,0.0,0,1
FALHA DE AUTOMACAO,1.0,0.6666666666666666,0.8,3,11
FALHA DE BAILARINA,1.0,1.0,1.0,1,5
FALHA DE BANDEIROLA,0.0,0.0,0.0,0,1
FALHA DE BARREIRA,0.625,1.0,0.7692307692307693,5,31
FALHA DE BATEDOR DE CAIXAS,0.0,0.0,0.0,0,1
FALHA DE BATETORES PNEUMATICOS,0.0,0.0,0.0,0,1
FALHA DE BOCAL,0.0,0.0,0.0,0,1
FALHA DE BOMBA,0.75,1.0,0.8571428571428571,3,15
FALHA DE BOTOEIRA DE EMERGENCIA,0.0,0.0,0.0,0,1
FALHA DE BRACO DE TUBETES,0.0,0.0,0.0,0,1
FALHA DE CABECOTE,0.0,0.0,0.0,0,1
FALHA DE CABO DE SEGURANCA,0.0,0.0,0.0,0,1
FALHA DE CALIBRACAO,0.0,0.0,0.0,1,1
FALHA DE CAME,0.0,0.0,0.0,0,1
FALHA DE CAMERA,0.0,0.0,0.0,1,2
FALHA DE CARBONATACAO,0.0,0.0,0.0,2,6
FALHA DE CARTAO MESTRE,0.0,0.0,0.0,0,1
FALHA DE CENTRADOR,0.0,0.0,0.0,0,1
FALHA DE CHAVE DE EMERGENCIA,0.0,0.0,0.0,0,1
FALHA DE CIP,0.0,0.0,0.0,0,1
FALHA DE CODIFICACAO,1.0,0.9230769230769231,0.96,13,45
FALHA DE COLETOR,0.0,0.0,0.0,0,1
FALHA DE COLISAO DA GAIOLA,0.0,0.0,0.0,0,2
FALHA DE COMANDO DA ARVORE DE ESPUMA,0.0,0.0,0.0,0,1
FALHA DE COMPACTACAO DE CAMADA,0.0,0.0,0.0,1,7
FALHA DE COMUNICACAO,0.8571428571428571,0.75,0.8,8,52
FALHA DE CONEXAO DE MANGUEIRA,0.3333333333333333,1.0,0.5,1,6
FALHA DE CONEXAO ELETRICA,0.0,0.0,0.0,0,1
FALHA DE CONEXAO PNEUMATICA,1.0,1.0,1.0,1,3
FALHA DE CONTAGEM,1.0,0.5,0.6666666666666666,2,8
FALHA DE CONTAGEM DE PRODUTO,0.0,0.0,0.0,0,2
FALHA DE CONTROLE DE BRIX,0.0,0.0,0.0,0,1
FALHA DE CONTROLE DE NIVEL DO CARBONATADOR,0.0,0.0,0.0,0,1
FALHA DE CONTROLE DE PROCESSO,0.6666666666666666,1.0,0.8,4,13
FALHA DE CONTROLE DE TEMPERATURA,1.0,1.0,1.0,3,12
FALHA DE CORREIA,1.0,0.5,0.6666666666666666,2,10
FALHA DE CORRENTE,0.0,0.0,0.0,1,1
FALHA DE CORTE DA EMBALAGEM DO TUBETE,0.0,0.0,0.0,0,1
FALHA DE CORTE DE FILME,0.5833333333333334,0.875,0.7,8,41
FALHA DE DESCAPSULAMENTO,1.0,1.0,1.0,3,16
FALHA DE DIMENSIONAMENTO DE CAMADA,1.0,1.0,1.0,1,1
FALHA DE DIRECIONAMENTO DE PACOTES,0.0,0.0,0.0,0,1
FALHA DE DOSAGEM,1.0,1.0,1.0,1,5
FALHA DE DOSAGEM DE NITROGENIO,0.0,0.0,0.0,0,1
FALHA DE DRIVE,0.0,0.0,0.0,0,1
FALHA DE ELAU,1.0,1.0,1.0,1,5
FALHA DE ELEMENTO DE TRANSMISSAO,0.0,0.0,0.0,0,1
FALHA DE ELEVADOR,0.21428571428571427,1.0,0.35294117647058826,3,26
FALHA DE ELO DE ESTEIRA,0.0,0.0,0.0,3,6
FALHA DE EMPURRADOR,1.0,1.0,1.0,1,2
FALHA DE ENCHIMENTO,0.8709677419354839,0.8709677419354839,0.8709677419354839,31,95
FALHA DE ENCODER,1.0,1.0,1.0,2,6
FALHA DE ENCOSTO DE AGRUPAMENTO,0.0,0.0,0.0,0,1
FALHA DE ENGRENAGEM,0.5,1.0,0.6666666666666666,1,7
FALHA DE ENVOLVIMENTO,0.5454545454545454,0.6666666666666666,0.6,9,50
FALHA DE ESTEIRA,0.3333333333333333,0.2,0.25,5,26
FALHA DE EXTRACAO DE ROTULOS,0.0,0.0,0.0,0,1
FALHA DE FACA,0.0,0.0,0.0,1,1
FALHA DE FEEDBACK,0.0,0.0,0.0,0,1
FALHA DE FILTRO,1.0,1.0,1.0,2,1
FALHA DE FIXACAO,1.0,0.5,0.6666666666666666,4,20
FALHA DE FIXACAO DA BASE DO SENSOR,0.0,0.0,0.0,0,1
FALHA DE FIXACAO DA CORRENTE DE ELEVACAO,0.0,0.0,0.0,0,1
FALHA DE FIXACAO DA TULIPA,0.0,0.0,0.0,0,1
FALHA DE FIXACAO DA VALVULA,0.0,0.0,0.0,0,1
FALHA DE FIXACAO DE PROTECAO,0.0,0.0,0.0,0,1
FALHA DE FLUXIMETRO,1.0,1.0,1.0,2,1
FALHA DE FONTE DE ALIMENTACAO,1.0,1.0,1.0,1,8
FALHA DE FORMACAO DE CAIXA,1.0,1.0,1.0,1,1
FALHA DE FORMACAO DE CAMADA,0.8333333333333334,0.7142857142857143,0.7692307692307693,7,31
FALHA DE FORMACAO DE PACOTE,1.0,1.0,1.0,1,5
FALHA DE FREIO,0.5,1.0,0.6666666666666666,1,5
FALHA DE GERADOR DE IMPULSOS,0.0,0.0,0.0,0,1
FALHA DE GUIA,1.0,0.3333333333333333,0.5,3,13
FALHA DE IHM,1.0,1.0,1.0,3,12
FALHA DE INSPECAO,0.7692307692307693,0.7692307692307693,0.7692307692307693,13,71
FALHA DE INVERSOR,0.9473684210526315,1.0,0.972972972972973,18,69
FALHA DE JATOS DE ENXAGUE,0.0,0.0,0.0,1,1
FALHA DE LEITURA,0.0,0.0,0.0,1,1
FALHA DE LEITURA DA GARRAFA TESTE,0.0,0.0,0.0,1,1
FALHA DE LUBRIFICACAO,0.0,0.0,0.0,0,1
FALHA DE MAGAZINE,1.0,0.35294117647058826,0.5217391304347826,17,53
FALHA DE MANDRIL,1.0,1.0,1.0,2,9
FALHA DE MANGUEIRA,0.0,0.0,0.0,1,1
FALHA DE MANGUEIRA DE AGUA,0.0,0.0,0.0,0,1
FALHA DE MANGUEIRA DE ALTA PRESSAO,0.0,0.0,0.0,0,1
FALHA DE MANGUEIRA PNEUMATICA,0.0,0.0,0.0,1,2
FALHA DE MEDIDOR,1.0,1.0,1.0,1,1
FALHA DE MEDIDOR DE VAZAO,0.0,0.0,0.0,0,1
FALHA DE MISTURA,0.0,0.0,0.0,1,1
FALHA DE MIXER,0.0,0.0,0.0,0,1
FALHA DE MODULO,1.0,1.0,1.0,2,3
FALHA DE MOLA,0.5,1.0,0.6666666666666666,1,7
FALHA DE MOTOR,0.9,1.0,0.9473684210526315,9,49
FALHA DE NIVEL DE AGUA,0.0,0.0,0.0,0,1
FALHA DE NOBREAK,0.0,0.0,0.0,1,1
FALHA DE PARAMETRIZACAO,1.0,1.0,1.0,1,3
FALHA DE PARAMETRIZACAO DE RECEITA,0.0,0.0,0.0,0,1
FALHA DE PARAMETRIZACAO DO REJEITO,0.0,0.0,0.0,0,1
FALHA DE PATINS,1.0,1.0,1.0,2,9
FALHA DE PEGADOR,0.75,0.75,0.75,4,19
FALHA DE PENTE DE TRANSFERENCIA,1.0,1.0,1.0,1,4
FALHA DE PERSIANA,0.0,0.0,0.0,0,1
FALHA DE PINCA,0.8888888888888888,0.8,0.8421052631578947,10,36
FALHA DE PINO,1.0,1.0,1.0,1,2
FALHA DE PINO DE SEPARACAO,0.0,0.0,0.0,0,1
FALHA DE PINOS DE TRANSFERENCIA,0.0,0.0,0.0,0,1
FALHA DE PLACA ELETRONICA,0.0,0.0,0.0,1,1
FALHA DE PLC,1.0,1.0,1.0,2,7
FALHA DE PORTA DE SEGURANCA,0.75,1.0,0.8571428571428571,3,10
FALHA DE POSICIONAMENTO DE PACOTES,0.0,0.0,0.0,0,1
FALHA DE POSICIONAMENTO DE PALETE,0.0,0.0,0.0,0,2
FALHA DE POSICIONAMENTO DO CABECOTE,0.0,0.0,0.0,0,1
FALHA DE PRANCHA,0.0,0.0,0.0,0,1
FALHA DE PRE ENXAGUE,0.0,0.0,0.0,0,1
FALHA DE PRESSAO,0.0,0.0,0.0,1,1
FALHA DE PRESSAO DE AGUA,0.0,0.0,0.0,0,1
FALHA DE PRESSAO DOS JATOS,0.3333333333333333,1.0,0.5,1,4
FALHA DE PRESSOSTATO,1.0,1.0,1.0,1,3
FALHA DE PRESSURIZACAO,0.0,0.0,0.0,0,5
FALHA DE PRESSURIZACAO DA ENCHEDORA,0.0,0.0,0.0,1,1
FALHA DE PROPORCIONAMENTO,0.0,0.0,0.0,0,1
FALHA DE RECRAVACAO,1.0,1.0,1.0,5,34
FALHA DE REDUTOR,1.0,1.0,1.0,2,7
FALHA DE REGUA DE ARRASTE,1.0,1.0,1.0,1,2
FALHA DE REGUA DE ENVOLVIMENTO,0.3333333333333333,1.0,0.5,1,7
FALHA DE REJEICAO,0.6153846153846154,0.7272727272727273,0.6666666666666666,11,69
FALHA DE RELE DE SEGURANCA,0.0,0.0,0.0,0,1
FALHA DE RESFRIAMENTO,0.0,0.0,0.0,0,1
FALHA DE RETORNO DO BRACO DE SOLDA,0.0,0.0,0.0,0,1
FALHA DE ROBO,0.5,1.0,0.6666666666666666,3,23
FALHA DE ROLAMENTO,1.0,0.5,0.6666666666666666,2,9
FALHA DE ROLETES,0.8571428571428571,1.0,0.9230769230769231,6,34
FALHA DE ROLO DE ESTIRAMENTO,0.0,0.0,0.0,0,1
FALHA DE ROLO SEPARADOR,0.0,0.0,0.0,0,1
FALHA DE ROTACAO,0.0,0.0,0.0,0,1
FALHA DE ROTULAGEM,0.3333333333333333,0.5,0.4,4,12
FALHA DE SECAGEM DE ROTULO,0.0,0.0,0.0,0,2
FALHA DE SEGMENTOS,0.0,0.0,0.0,0,1
FALHA DE SEGURANCA,0.0,0.0,0.0,0,1
FALHA DE SEGURANCA DO CABECOTE,0.0,0.0,0.0,0,1
FALHA DE SENSOR,0.9322033898305084,0.9482758620689655,0.9401709401709402,58,283
FALHA DE SEQUENCIAMENTO DA PALETIZADORA,0.0,0.0,0.0,0,2
FALHA DE SERVO MOTOR,1.0,1.0,1.0,4,21
FALHA DE SINCRONISMO,0.6923076923076923,0.9,0.782608695652174,10,40
FALHA DE SOLDA DE FILME,1.0,1.0,1.0,7,29
FALHA DE SOLENOIDE,0.0,0.0,0.0,0,1
FALHA DE SOPRADOR,0.0,0.0,0.0,0,1
FALHA DE SUPORTE DE TAMPAS,0.0,0.0,0.0,0,1
FALHA DE SUPRIMENTO DE AR COMPRIMIDO,0.0,0.0,0.0,1,7
FALHA DE TAMPAMENTO,0.6666666666666666,0.6666666666666666,0.6666666666666666,3,12
FALHA DE TANGENCIAMENTO,0.0,0.0,0.0,0,1
FALHA DE TENSIONAMENTO DE ESTEIRA,0.0,0.0,0.0,0,1
FALHA DE TERMOSTATO,0.0,0.0,0.0,0,1
FALHA DE TESOURA DE FILME,0.0,0.0,0.0,0,1
FALHA DE TRACAO GUIAMENTO DE FILME,0.0,0.0,0.0,2,10
FALHA DE TRANSDUTOR,0.0,0.0,0.0,0,1
FALHA DE TRANSPORTE,0.75,1.0,0.8571428571428571,3,12
FALHA DE TRANSPORTE DE CAIXAS,0.0,0.0,0.0,1,2
FALHA DE TRANSPORTE DE GARRAFAS,0.0,0.0,0.0,0,1
FALHA DE TRANSPORTE DE LATAS,1.0,1.0,1.0,1,1
FALHA DE TRANSPORTE DE PACOTES,1.0,1.0,1.0,1,3
FALHA DE TRANSPORTE DE PALETES,0.0,0.0,0.0,1,1
FALHA DE TULIPA,1.0,1.0,1.0,1,3
FALHA DE TWISTER,0.0,0.0,0.0,1,4
FALHA DE VACUO,1.0,1.0,1.0,1,6
FALHA DE VALVULA,1.0,0.7142857142857143,0.8333333333333334,7,40
FALHA DE VALVULA DE AGUA,0.0,0.0,0.0,0,2
FALHA DE VALVULA DE ENCHIMENTO,0.9583333333333334,1.0,0.9787234042553191,23,120
FALHA DE VALVULA DE NITROGENIO,0.0,0.0,0.0,1,1
FALHA DE VALVULA DE XAROPE,0.5,1.0,0.6666666666666666,1,1
FALHA DE VALVULA MODULADORA,1.0,0.6666666666666666,0.8,3,12
FALHA DE VEDACAO,1.0,1.0,1.0,1,1
FALHA DE VEDACAO DA VALVULA,1.0,1.0,1.0,1,4
FALHA DE VELOCIDADE DO TRANSPORTE,0.6666666666666666,1.0,0.8,2,10
FALHA DE VENTOSA,1.0,1.0,1.0,4,16
FALHA DE VIBRADOR,0.3333333333333333,1.0,0.5,1,7
FALHA DO COLOCADOR DE CARTAO,0.0,0.0,0.0,1,1
FALHA DO COLOCADOR DE CHAPATEX,0.0,0.0,0.0,1,1
FALHA DO SECADOR DE GARRAFAS,0.0,0.0,0.0,0,1
FALHA DO TENSOR DE ROTULOS,0.0,0.0,0.0,0,1
FALHA ELETRICA DO TRANSPORTE,0.0,0.0,0.0,1,1
FALHA ELETRICA DO TRANSPORTE DE ENTRADA,0.0,0.0,0.0,0,1
FALHA ELETRICA SEM COMPONENTE IDENTIFICADO,0.0,0.0,0.0,1,5
FALHA ELETRONICA DA VALVULA,1.0,1.0,1.0,2,1
FALHA EM ENVIAR TAMPAS PARA ENCHEDORA,0.0,0.0,0.0,0,2
FALHA ESTRUTURAL,0.0,0.0,0.0,0,1
FALHA NA ABERTURA DA GARRA,0.0,0.0,0.0,0,1
FALHA NA ABERTURA DOS GANCHOS DO ROBO,0.0,0.0,0.0,0,1
FALHA NA DESCARGA DE PALETE,0.0,0.0,0.0,0,1
FALHA NA DESCIDA DE TAMPAS,1.0,1.0,1.0,1,1
FALHA NA GARRA DO ROBO,0.0,0.0,0.0,0,1
FALHA NA INSERCAO DE GARRAFAS FALSAS,0.0,0.0,0.0,0,1
FALHA NA INSERCAO DE LATAS,0.0,0.0,0.0,0,1
FALHA NA INSERCAO DE LATAS FALSAS,0.0,0.0,0.0,1,1
FALHA NA MESA DE CARGA,1.0,1.0,1.0,1,3
FALHA NA MESA DE FORMACAO DE PACOTES,0.0,0.0,0.0,0,1
FALHA NA PEGA DE GARRAFAS,0.0,0.0,0.0,0,1
FALHA NA PEGA DE PALLET VAZIO,0.0,0.0,0.0,0,3
FALHA NA PEGADA DE CAMADA,0.6666666666666666,1.0,0.8,2,14
FALHA NA REFRIGERACAO DE FUNDO,1.0,1.0,1.0,1,7
FALHA NA SAIDA DE PALETES,0.0,0.0,0.0,1,1
FALHA NA TROCA AUTOMATICA,0.0,0.0,0.0,0,1
FALHA NA TROCA DE BANDEJA,1.0,1.0,1.0,4,6
FALHA NA TROCA DE BOBINA,1.0,1.0,1.0,2,8
FALHA NA TROCA DE PALETE DE CARTAO,0.75,1.0,0.8571428571428571,3,14
FALHA NA TROCA DE PALETE DE FOLHA SEPARADORA,1.0,1.0,1.0,1,4
FALHA NO AVANCO DE PALETES PARA PALETIZAR,1.0,1.0,1.0,1,1
FALHA NO BOTAO RESET,0.0,0.0,0.0,1,3
FALHA NO CARREGAMENTO DE RECEITA,0.0,0.0,0.0,0,1
FALHA NO CIP RAMAL B,0.0,0.0,0.0,0,1
FALHA NO CORTE DE TUBETES,0.0,0.0,0.0,1,8
FALHA NO DEPOSITO DE PALLET,0.0,0.0,0.0,0,2
FALHA NO DISPOSITIVO DE RETIRADA DE GARRAFAS,0.0,0.0,0.0,0,1
FALHA NO DOSADOR DE NITROGENIO,0.0,0.0,0.0,0,5
FALHA NO ENVIO DE BEBIDA,1.0,1.0,1.0,1,2
FALHA NO FLUXO DE PALETES,0.0,0.0,0.0,0,2
FALHA NO MANUSEIO DE CARTAO,0.4,0.6666666666666666,0.5,3,20
FALHA NO SENSOR EXPULSADOR,0.0,0.0,0.0,0,1
FALHA NO SISTEMA DE AR COMPRIMIDO,0.0,0.0,0.0,0,1
FALHA NO SISTEMA DE CORTE,0.0,0.0,0.0,1,2
FALHA NO SISTEMA DE INSERCAO DE FALSA GARRAFA,1.0,1.0,1.0,1,1
FALHA NO SUPRIMENTO DE AGUA,0.0,0.0,0.0,0,1
FALHA NO VIRADOR DE CAIXAS,0.0,0.0,0.0,1,1
FALHA NO VIRADOR DE PACOTES,0.0,0.0,0.0,1,1
FALHA NOS SNIFS,0.0,0.0,0.0,0,1
FALHA SENSOR DA PORTA,0.0,0.0,0.0,0,1
FALHA TROCADOR DE CALOR,0.0,0.0,0.0,0,2
FALSA RECRAVACAO,0.0,0.0,0.0,0,1
FALSO ALARME DE REJEITO OBSTRUIDO,0.0,0.0,0.0,0,1
FALSO REJEITO,0.0,0.0,0.0,1,3
GARRAFAS FORA DE POSICAO,0.0,0.0,0.0,0,1
GARRAFAS TORTAS NA SAIDA DO RINSER,0.0,0.0,0.0,0,1
INTERFERENCIA MECANICA,0.0,0.0,0.0,0,1
MONTAGEM INCORRETA DE CORREIA,0.0,0.0,0.0,0,1
OBSTRUCAO DE MANGUEIRA DE AR,0.0,0.0,0.0,0,1
PACOTE FORA DE POSICAO,1.0,1.0,1.0,1,1
PALLET PARADO NA MESA,0.0,0.0,0.0,0,1
PARADA DE TRANSPORTE,0.0,0.0,0.0,0,1
PATINAGEM DE ESTEIRA,0.6,1.0,0.75,3,14
PATINAMENTO DE ESTEIRA,0.0,0.0,0.0,0,1
PATINAMENTO DE ROLETE,0.0,0.0,0.0,0,1
PATINS FORA DE POSICAO,0.0,0.0,0.0,2,6
PENTES SOLTOS,0.0,0.0,0.0,0,2
PERDA DE REFERENCIA,1.0,0.6666666666666666,0.8,3,9
PERDA DE REFERENCIA DO CENTRADOR,0.0,0.0,0.0,0,1
PERDA DE REFERENCIA DO PEGADOR DE CHAPATEX,0.0,0.0,0.0,0,1
PERDA DE REFERENCIA DO ROBO,0.0,0.0,0.0,0,1
PERDA DE REFERENCIA HOME,0.0,0.0,0.0,0,1
PINO DE SEPARACAO TRAVADO,0.0,0.0,0.0,0,1
PROBLEMA NA TAMPA DA LATA,0.0,0.0,0.0,0,2
QUEBRA DE ANEL O RING,0.0,0.0,0.0,0,1
QUEBRA DE ATUADOR,0.3333333333333333,1.0,0.5,1,6
QUEBRA DE BRACO,0.0,0.0,0.0,0,2
QUEBRA DE COMPONENTE,0.0,0.0,0.0,4,18
QUEBRA DE CORREIA,1.0,1.0,1.0,3,15
QUEBRA DE CORRENTE,0.5,1.0,0.6666666666666666,1,4
QUEBRA DE EIXO,0.6666666666666666,1.0,0.8,2,12
QUEBRA DE ELO DE ESTEIRA,0.0,0.0,0.0,0,1
QUEBRA DE ENGRENAGEM,0.0,0.0,0.0,1,1
QUEBRA DE ESTEIRA,0.6875,1.0,0.8148148148148148,11,63
QUEBRA DE PARAFUSO,1.0,0.5,0.6666666666666666,2,8
QUEBRA DE PINO,0.0,0.0,0.0,0,1
QUEBRA DE PISTAO,0.0,0.0,0.0,0,1
QUEBRA DE REGUA,0.0,0.0,0.0,0,1
QUEBRA DE SEGMENTO,0.0,0.0,0.0,0,1
QUEBRA DE SUPORTE,0.0,0.0,0.0,0,1
QUEBRA DE TERMINAL ELETRICO,0.0,0.0,0.0,0,1
QUEBRA DE TRANSPORTE,0.0,0.0,0.0,2,6
QUEBRA DE TRECHO DO TRANSPORTE,0.0,0.0,0.0,0,1
QUEBRA NO EIXO DA TAMPA DO ARROLHADOR,1.0,1.0,1.0,1,1
QUEDA DE CAIXAS,0.0,0.0,0.0,0,1
QUEDA DE GARRAFAS,0.6842105263157895,0.9285714285714286,0.7878787878787878,14,63
QUEDA DE LATAS,0.5,0.16666666666666666,0.25,6,22
QUEDA DE PACOTES,0.0,0.0,0.0,1,2
QUEIMA DA PLACA DEVICENET,0.0,0.0,0.0,0,1
QUEIMA DE FILAMENTO,1.0,1.0,1.0,1,3
ROMPIMENTO DE ESTEIRA LONA,0.0,0.0,0.0,0,1
ROMPIMENTO DE FILME,0.4,0.6666666666666666,0.5,3,19
ROMPIMENTO DE MANGUEIRA,0.0,0.0,0.0,1,1
ROMPIMENTO DE MANGUEIRA DE AGUA,0.5,1.0,0.6666666666666666,1,1
ROMPIMENTO DE MANGUEIRA DE AR,1.0,1.0,1.0,1,4
ROMPIMENTO DE TUBEIRA DO FORNO,0.0,0.0,0.0,1,1
ROMPIMENTO DE TUBETE,0.0,0.0,0.0,0,1
SAIDA DE GARRAFAS COM TAMPA TORTA,0.0,0.0,0.0,0,2
SEM MODO DE FALHA IDENTIFICADO,0.5833333333333334,0.4375,0.5,16,69
SOBREAQUECIMENTO DE PROCESSADOR,0.0,0.0,0.0,0,1
SOBRECORRENTE,0.0,0.0,0.0,1,3
TAB DANIFICADO,0.0,0.0,0.0,0,2
TAMPA INVERTIDA,1.0,1.0,1.0,1,5
TOMBAMENTO DE RECIPIENTES,0.0,0.0,0.0,1,2
TRANSBORDAMENTO DE TANQUE,0.0,0.0,0.0,0,1
TRAVAMENTO DE ATUADOR,1.0,0.6666666666666666,0.8,3,9
TRAVAMENTO DE BOCAL,0.0,0.0,0.0,0,1
TRAVAMENTO DE BOIA,0.0,0.0,0.0,0,1
TRAVAMENTO DE CENTRADOR,0.0,0.0,0.0,0,1
TRAVAMENTO DE CHAVE SECCIONADORA,0.0,0.0,0.0,0,1
TRAVAMENTO DE CILINDRO ROTATIVO,1.0,1.0,1.0,1,1
TRAVAMENTO DE CORRENTE,0.0,0.0,0.0,0,1
TRAVAMENTO DE ELEVADOR,0.0,0.0,0.0,0,2
TRAVAMENTO DE ENGRENAGEM,1.0,1.0,1.0,6,3
TRAVAMENTO DE ESTEIRA,1.0,1.0,1.0,3,14
TRAVAMENTO DE GARRAFAS NA SAIDA DA LAVADORA,0.5,1.0,0.6666666666666666,1,1
TRAVAMENTO DE PALETE,0.5,1.0,0.6666666666666666,1,7
TRAVAMENTO DE PATINS,0.0,0.0,0.0,0,1
TRAVAMENTO DE PERSIANA,0.0,0.0,0.0,1,1
TRAVAMENTO DE PINCA,0.0,0.0,0.0,1,1
TRAVAMENTO DE PINO DE SEPARACAO,0.0,0.0,0.0,0,1
TRAVAMENTO DE ROBO,0.0,0.0,0.0,2,7
TRAVAMENTO DE ROLETES,1.0,0.5,0.6666666666666666,2,8
TRAVAMENTO DE ROLO DE COLA,0.0,0.0,0.0,0,3
TRAVAMENTO DE SEGMENTOS,1.0,1.0,1.0,8,33
TRAVAMENTO DE SNIFFER,0.0,0.0,0.0,0,1
TRAVAMENTO DE STOPPER,0.0,0.0,0.0,0,1
TRAVAMENTO DE TRANSPORTE,0.3333333333333333,0.3333333333333333,0.3333333333333333,3,13
TRAVAMENTO DE VALVULA,0.6666666666666666,1.0,0.8,2,13
TRAVAMENTO DO CAPSULADOR,1.0,1.0,1.0,1,1
TRAVAMENTO DO SISTEMA DE COMPACTACAO,0.0,0.0,0.0,1,3
TRAVAMENTO NA ALIMENTACAO DE TAMPAS,0.0,0.0,0.0,0,2
TREPIDACAO DE ESTEIRA,0.0,0.0,0.0,0,1
TREPIDACAO DE LATAS,1.0,1.0,1.0,1,2
VAZAMENTO,0.0,0.0,0.0,1,1
VAZAMENTO DE PRODUTO,0.0,0.0,0.0,0,1
VAZAMENTO EM COLETOR,1.0,1.0,1.0,1,5
VAZAMENTO EM CONEXAO,0.0,0.0,0.0,0,1
VAZAMENTO EM TUBULACAO,0.0,0.0,0.0,0,1
VAZAMENTO EM VALVULA,1.0,1.0,1.0,3,13
VAZAMENTO NO COLETOR COM GAS BAIXO,0.0,0.0,0.0,0,2
VAZAMENTO PNEUMATICO,0.0,0.0,0.0,0,1
VELOCIDADE REDUZIDA SEM CAUSA IDENTIFICADA,0.0,0.0,0.0,1,6
VIBRACAO DE ROBO,1.0,1.0,1.0,2,4
