candidate,algorithm,real_weight,class_weight,accuracy,macro_f1,mean_fold_macro_f1,worst_fold_macro_f1,maintenance_precision,maintenance_recall,operation_precision,operation_recall,brier,high_enabled,high_threshold,high_coverage,high_precision,selected
LOGISTIC_REGRESSION__RW5__CWNONE,LOGISTIC_REGRESSION,5,NONE,0.823214,0.819045,0.818892,0.791838,0.806867,0.77686,0.834862,0.858491,0.128667,True,0.91,0.360714,0.950495,True
LOGISTIC_REGRESSION__RW1__CWNONE,LOGISTIC_REGRESSION,1,NONE,0.816071,0.811305,0.810963,0.775401,0.803493,0.760331,0.824773,0.858491,0.134525,True,0.82,0.428571,0.95,False
LINEAR_SVC_CALIBRATED__RW3__CWNONE,LINEAR_SVC_CALIBRATED,3,NONE,0.814286,0.810801,0.810663,0.793308,0.785124,0.785124,0.836478,0.836478,0.139955,True,0.98,0.444643,0.951807,False
LINEAR_SVC_CALIBRATED__RW3__CWBALANCED,LINEAR_SVC_CALIBRATED,3,BALANCED,0.814286,0.810801,0.810663,0.793308,0.785124,0.785124,0.836478,0.836478,0.140107,True,0.98,0.444643,0.951807,False
LOGISTIC_REGRESSION__RW3__CWNONE,LOGISTIC_REGRESSION,3,NONE,0.814286,0.809584,0.809388,0.788558,0.8,0.760331,0.824242,0.855346,0.129924,True,0.89,0.3625,0.955665,False
LOGISTIC_REGRESSION__RW3__CWBALANCED,LOGISTIC_REGRESSION,3,BALANCED,0.8125,0.808693,0.808517,0.788558,0.786611,0.77686,0.831776,0.839623,0.130192,True,0.89,0.341071,0.95288,False
LOGISTIC_REGRESSION__RW1__CWBALANCED,LOGISTIC_REGRESSION,1,BALANCED,0.8125,0.808078,0.807796,0.758541,0.793991,0.764463,0.825688,0.849057,0.134647,True,0.83,0.401786,0.951111,False
LOGISTIC_REGRESSION__RW5__CWBALANCED,LOGISTIC_REGRESSION,5,BALANCED,0.810714,0.807163,0.807013,0.783226,0.780992,0.780992,0.833333,0.833333,0.128978,True,0.92,0.326786,0.961749,False
LINEAR_SVC_CALIBRATED__RW1__CWNONE,LINEAR_SVC_CALIBRATED,1,NONE,0.801786,0.796164,0.795959,0.78125,0.791111,0.735537,0.808955,0.852201,0.139499,True,0.88,0.3375,0.952381,False
LINEAR_SVC_CALIBRATED__RW1__CWBALANCED,LINEAR_SVC_CALIBRATED,1,BALANCED,0.801786,0.796164,0.795959,0.78125,0.791111,0.735537,0.808955,0.852201,0.139593,True,0.89,0.314286,0.954545,False
LINEAR_SVC_CALIBRATED__RW5__CWNONE,LINEAR_SVC_CALIBRATED,5,NONE,0.801786,0.791392,0.79124,0.785601,0.839378,0.669421,0.782016,0.902516,0.145892,False,1.01,0.0,,False
LINEAR_SVC_CALIBRATED__RW5__CWBALANCED,LINEAR_SVC_CALIBRATED,5,BALANCED,0.801786,0.791392,0.79124,0.785601,0.839378,0.669421,0.782016,0.902516,0.146115,False,1.01,0.0,,False
