analysis_type,segment,rows,classes,accuracy,macro_f1
bucket,1,57,53,0.43859649122807015,0.26839826839826836
bucket,2-3,39,31,0.6666666666666666,0.4090909090909091
bucket,4-5,21,20,0.8571428571428571,0.7391304347826086
bucket,6-10,89,49,0.5617977528089888,0.39771689497716894
bucket,11-20,106,31,0.7641509433962265,0.538664035976466
bucket,>20,386,33,0.8341968911917098,0.513169933248892
minimum_support,>=5,591,123,0.7800338409475466,0.5834147871541433
minimum_support,>=10,505,69,0.8118811881188119,0.5845759810273732
minimum_support,>=20,393,35,0.8295165394402035,0.5005498209741159
