row_id,observation,context_text,expected,predicted,top_3,decision_margin
21,NYLON DA ESTEIRA DO TRANSPORTE DE SAIDA DA LAVADORA SAIU FORA DE POSIÇÃO OCASIONADO QUEDA DE GARRAFAS NA SAIDA,NYLON DA ESTEIRA DO TRANSPORTE DE SAIDA DA LAVADORA SAIU FORA DE POSIÇÃO OCASIONADO QUEDA DE GARRAFAS NA SAIDA,ESCAPE DE ESTEIRA,QUEDA DE GARRAFAS,QUEDA DE GARRAFAS | ESCAPE DE ESTEIRA | DESALINHAMENTO DE GUIA,0.4292436194141396
29,TRAVAMENTO DA PERSIANA,TRAVAMENTO DA PERSIANA,TRAVAMENTO DE PERSIANA,FALHA DE PERSIANA,FALHA DE PERSIANA | TRAVAMENTO DE PINCA | TRAVAMENTO DE ENGRENAGEM,0.8533962835644062
72,"FALHA NA PEGA DE GARRAFAS ,","FALHA NA PEGA DE GARRAFAS ,",FALHA DE PEGADOR,FALHA NA PEGA DE GARRAFAS,FALHA NA PEGA DE GARRAFAS | FALHA NA PEGADA DE CAMADA | FALHA NA PEGA DE PALLET VAZIO,0.2453803165166153
93,COLISÃO DOS PATINS DO DEVAISER COM CHAPA DE PASSAGEM DA MESA DE COMPACTAÇÃO ( ORDEM - 30008231468),COLISÃO DOS PATINS DO DEVAISER COM CHAPA DE PASSAGEM DA MESA DE COMPACTAÇÃO ( ORDEM - 30008231468),FALHA DE PATINS,ENROSCO DE PACOTES,ENROSCO DE PACOTES | FALHA DE PATINS | QUEDA DE LATAS,0.07154140428124789
142,"ROMPIMENTO DA MANGUEIRA PNEUMATICA, OCASIONANDO TRAVAMENTO DO COMPACTADOR DE CAMADAS. ORDEM- 30008170585","ROMPIMENTO DA MANGUEIRA PNEUMATICA, OCASIONANDO TRAVAMENTO DO COMPACTADOR DE CAMADAS. ORDEM- 30008170585",ROMPIMENTO DE MANGUEIRA,TRAVAMENTO DE ATUADOR,TRAVAMENTO DE ATUADOR | ROMPIMENTO DE MANGUEIRA DE AGUA | FALHA DE COMPACTACAO DE CAMADA,0.08845523324881155
167,FALHA NO TRANSPORTE DE PALETES 8241859,FALHA NO TRANSPORTE DE PALETES 8241859,FALHA DE TRANSPORTE DE PALETES,FALHA DE TRANSPORTE DE LATAS,FALHA DE TRANSPORTE DE LATAS | FALHA DE TRANSPORTE DE PACOTES | FALHA DE BARREIRA,0.015199924485307159
224,RECUPERAÇÃO DE ENVASE DEVIDO PARADA DO ENOS FALHA CRITICA RUIDO AUTO CANAL 1 ( 30008257602 ),RECUPERAÇÃO DE ENVASE DEVIDO PARADA DO ENOS FALHA CRITICA RUIDO AUTO CANAL 1 ( 30008257602 ),FALHA DE INSPECAO,FALHA DE CONTROLE DE PROCESSO,FALHA DE CONTROLE DE PROCESSO | FALHA DE ROTULAGEM | FALSO ALARME DE REJEITO OBSTRUIDO,0.236538250928644
229,FALHA NA CORREIA DE ENVOLVIMENTO DOS PACOTES ( ORDEM - 30008258313 ),FALHA NA CORREIA DE ENVOLVIMENTO DOS PACOTES ( ORDEM - 30008258313 ),FALHA DE CORREIA,FALHA DE ENVOLVIMENTO,FALHA DE ENVOLVIMENTO | QUEBRA DE CORREIA | QUEBRA DE SEGMENTO,0.28278007331807
239,SOBRE CORRENTE NO TRANSPORTE DE PALETE - OREDEM: 30008258302,SOBRE CORRENTE NO TRANSPORTE DE PALETE - OREDEM: 30008258302,SOBRECORRENTE,QUEBRA DE CORRENTE,QUEBRA DE CORRENTE | FALHA DE TRANSPORTE DE PALETES | FALHA DE ELEVADOR,0.052672464867224544
254,"MANGUEIRA DO CENTRADOR DE PACOTES DANIFICADA, OCASIONANDO EM MÁ FORMAÇÃO DE CAMADAS","MANGUEIRA DO CENTRADOR DE PACOTES DANIFICADA, OCASIONANDO EM MÁ FORMAÇÃO DE CAMADAS",FALHA DE FORMACAO DE CAMADA,FALHA DE MANGUEIRA PNEUMATICA,FALHA DE MANGUEIRA PNEUMATICA | ROBO COM FALHA | VAZAMENTO PNEUMATICO,0.3835458816912585
262,TRANSPORTE NA SAIDA DA ENVOLVEDORA TRAVANDO - ORDEM: 13123991,TRANSPORTE NA SAIDA DA ENVOLVEDORA TRAVANDO - ORDEM: 13123991,TRAVAMENTO DE TRANSPORTE,DESARME DE TRANSPORTE,DESARME DE TRANSPORTE | FALHA DE TRANSPORTE | TRAVAMENTO DE TRANSPORTE,0.16475833958212371
297,"PARADA DE TRANSPORTES, SOBRECARGA ELETRICA","PARADA DE TRANSPORTES, SOBRECARGA ELETRICA",TRAVAMENTO DE TRANSPORTE,SOBRECORRENTE,SOBRECORRENTE | FALHA DE AUTOMACAO | FALHA DE ELEVADOR,0.29837739982853295
311,ENROSCO NA RETIRADA DO QUADRO (ROMPIMENTO DO CABO DE ALIMENTAÇÃO DA BOBINA QUE ACIONA OS PISTÕES DE RETIRADA DO QUADRO(30008265417),ENROSCO NA RETIRADA DO QUADRO (ROMPIMENTO DO CABO DE ALIMENTAÇÃO DA BOBINA QUE ACIONA OS PISTÕES DE RETIRADA DO QUADRO(30008265417),ROMPIMENTO DE FILME,FALHA NO MANUSEIO DE CARTAO,FALHA NO MANUSEIO DE CARTAO | ENROSCO DE CARTAO QUADRO | ROMPIMENTO DE FILME,0.7622159778824764
346,QUEBRA PARAFUSO DO FREIO NA ENCAIXATADORA ORDEM: 13126307,QUEBRA PARAFUSO DO FREIO NA ENCAIXATADORA ORDEM: 13126307,QUEBRA DE PARAFUSO,FALHA DE FREIO,FALHA DE FREIO | QUEBRA DE PARAFUSO | FALHA DE BATETORES PNEUMATICOS,0.13129224366564884
352,ATUADOR PNEUMÁTICO TARVADO,ATUADOR PNEUMÁTICO TARVADO,TRAVAMENTO DE ATUADOR,QUEBRA DE ATUADOR,QUEBRA DE ATUADOR | FALHA DE CONEXAO PNEUMATICA | FALHA DE TAMPAMENTO,0.400361696181081
361,NIVEL BAIXO DE BEBIDA NO RESERVATÓRIO DO DESAERADOR DEVIDO SENSOR DE NÍVEL EM FALHA,NIVEL BAIXO DE BEBIDA NO RESERVATÓRIO DO DESAERADOR DEVIDO SENSOR DE NÍVEL EM FALHA,FALHA DE SENSOR,FALHA DE ENCHIMENTO,FALHA DE ENCHIMENTO | FALHA DE SENSOR | ERRO DE COMUNICACAO,0.05175084508914862
385,FALHA NA TROCA DO PALLET DE CARTÃO EM MODO AUTOMATICO,FALHA NA TROCA DO PALLET DE CARTÃO EM MODO AUTOMATICO,FALHA NA TROCA DE PALETE DE CARTAO,FALHA NA TROCA DE PALETE DE FOLHA SEPARADORA,FALHA NA TROCA DE PALETE DE FOLHA SEPARADORA | FALHA NA TROCA DE PALETE DE CARTAO | FALHA DE BARREIRA,0.6204141921605211
393,QUEIMA DA PLACA ELETRÔNICA DE REDE. 30008275571,QUEIMA DA PLACA ELETRÔNICA DE REDE. 30008275571,FALHA DE COMUNICACAO,QUEIMA DA PLACA DEVICENET,QUEIMA DA PLACA DEVICENET | FALHA DE AUTOMACAO | FALHA DE BOMBA,0.1637284014802638
416,FALHA NA TROCA DO PALLET DE CARTÃO EM MODO AUTOMATICO,FALHA NA TROCA DO PALLET DE CARTÃO EM MODO AUTOMATICO,FALHA NA TROCA DE PALETE DE CARTAO,FALHA NA TROCA DE PALETE DE FOLHA SEPARADORA,FALHA NA TROCA DE PALETE DE FOLHA SEPARADORA | FALHA NA TROCA DE PALETE DE CARTAO | FALHA DE BARREIRA,0.6204141921605211
424,QUEIMA DA PLACA ELETRÔNICA DE REDE. 30008275571,QUEIMA DA PLACA ELETRÔNICA DE REDE. 30008275571,FALHA DE COMUNICACAO,QUEIMA DA PLACA DEVICENET,QUEIMA DA PLACA DEVICENET | FALHA DE AUTOMACAO | FALHA DE BOMBA,0.1637284014802638
449,FALHA PRESSÃO NO CABEÇOTE DA ENCHEDORA ORDEM 30008291471,FALHA PRESSÃO NO CABEÇOTE DA ENCHEDORA ORDEM 30008291471,FALHA DE PRESSURIZACAO DA ENCHEDORA,FALHA DE CABECOTE,FALHA DE CABECOTE | DEFORMACAO DO CABECOTE | FALHA DE PRESSURIZACAO DA ENCHEDORA,0.4541030881793867
471,TROCA DA FACA,TROCA DA FACA,FALHA DE FACA,FALHA DE CORTE DE FILME,FALHA DE CORTE DE FILME | DEFORMACAO DE FACA | FALHA DE FACA,0.05405893753094959
512,TROCA DO ANEL E DAS ESFERA DO BOCAL Nº08 ORDEM 30008296097,TROCA DO ANEL E DAS ESFERA DO BOCAL Nº08 ORDEM 30008296097,FALHA DE TAMPAMENTO,QUEBRA DE ANEL O RING,QUEBRA DE ANEL O RING | FALHA DE FIXACAO | FALHA DE TAMPAMENTO,0.455368560082242
536,SENSORES DE ACUMULO DO TRANSPORTE FORA DE SINCRONISMO COM ENCHEDORA NÃO PARANDO NO MOMENTO CORRETO 30008299301,SENSORES DE ACUMULO DO TRANSPORTE FORA DE SINCRONISMO COM ENCHEDORA NÃO PARANDO NO MOMENTO CORRETO 30008299301,FALHA DE ACUMULO NO TRANSPORTE,FALHA DE SINCRONISMO,FALHA DE SINCRONISMO | FALHA DE ACUMULO NO TRANSPORTE | FALHA NO ENVIO DE BEBIDA,0.07736175160550485
538,SENSORES DE ACUMULO DO TRANSPORTE FORA DE SINCRONISMO COM ENCHEDORA NÃO PARANDO NO MOMENTO CORRETO 30008299301,SENSORES DE ACUMULO DO TRANSPORTE FORA DE SINCRONISMO COM ENCHEDORA NÃO PARANDO NO MOMENTO CORRETO 30008299301,FALHA DE ACUMULO NO TRANSPORTE,FALHA DE SINCRONISMO,FALHA DE SINCRONISMO | FALHA DE ACUMULO NO TRANSPORTE | FALHA NO ENVIO DE BEBIDA,0.07736175160550485
539,SENSORES DE ACUMULO DO TRANSPORTE FORA DE SINCRONISMO COM ENCHEDORA NÃO PARANDO NO MOMENTO CORRETO 30008299301,SENSORES DE ACUMULO DO TRANSPORTE FORA DE SINCRONISMO COM ENCHEDORA NÃO PARANDO NO MOMENTO CORRETO 30008299301,FALHA DE ACUMULO NO TRANSPORTE,FALHA DE SINCRONISMO,FALHA DE SINCRONISMO | FALHA DE ACUMULO NO TRANSPORTE | FALHA NO ENVIO DE BEBIDA,0.07736175160550485
586,"FALTA DE GUIA CAUSANDO QUEDA DE LATA, FOI COLOCADO UM GUIA PROVISÓRIA PORÉM MÓVEL","FALTA DE GUIA CAUSANDO QUEDA DE LATA, FOI COLOCADO UM GUIA PROVISÓRIA PORÉM MÓVEL",QUEDA DE LATAS,DEFORMACAO DESALINHAMENTO DE GUIA,DEFORMACAO DESALINHAMENTO DE GUIA | FALHA DE GUIA | DESALINHAMENTO DE GUIA,0.014233837301790286
587,"FALTA DE GUIA CAUSANDO QUEDA DE LATA, FOI COLOCADO UM GUIA PROVISÓRIA PORÉM MÓVEL","FALTA DE GUIA CAUSANDO QUEDA DE LATA, FOI COLOCADO UM GUIA PROVISÓRIA PORÉM MÓVEL",QUEDA DE LATAS,DEFORMACAO DESALINHAMENTO DE GUIA,DEFORMACAO DESALINHAMENTO DE GUIA | FALHA DE GUIA | DESALINHAMENTO DE GUIA,0.014233837301790286
667,FALHA NO SOPRADOR DA FILTEC (3000839011),FALHA NO SOPRADOR DA FILTEC (3000839011),FALHA DE INSPECAO,DESARME DE EQUIPAMENTO,DESARME DE EQUIPAMENTO | FALHA DE INSPECAO | FALHA DE REJEICAO,0.031128392154044393
675,FALHA NA SAIDA DE PALETES VAZIOS (30008308978),FALHA NA SAIDA DE PALETES VAZIOS (30008308978),FALHA NA SAIDA DE PALETES,FALHA DE BARREIRA,FALHA DE BARREIRA | FALHA DE CODIFICACAO | FALHA DE MOTOR,0.5622010768660938
703,LATAS TOMBANDO NA SAIDA DO SOPRADOR ÁPOS ALINHADOR 30008310615,LATAS TOMBANDO NA SAIDA DO SOPRADOR ÁPOS ALINHADOR 30008310615,ENROSCO DE LATAS,DESARME DE EQUIPAMENTO,DESARME DE EQUIPAMENTO | FALHA DE SOPRADOR | ENROSCO DE GARRAFAS,0.5632871849095553
706,LATAS TOMBANDO NA SAIDA DO SOPRADOR ÁPOS ALINHADOR 30008310615,LATAS TOMBANDO NA SAIDA DO SOPRADOR ÁPOS ALINHADOR 30008310615,ENROSCO DE LATAS,DESARME DE EQUIPAMENTO,DESARME DE EQUIPAMENTO | FALHA DE SOPRADOR | ENROSCO DE GARRAFAS,0.5632871849095553
741,"PROBLEMA NO SENSORES ,FALTANDO GARRAFAS PARA A ENTRADA DA ENCHEDORA.","PROBLEMA NO SENSORES ,FALTANDO GARRAFAS PARA A ENTRADA DA ENCHEDORA.",FALHA DE ALIMENTACAO DE GARRAFAS,FALHA DE SENSOR,FALHA DE SENSOR | ENROSCO DE GARRAFAS | FALHA DE DOSAGEM,0.16214714099064875
776,FALTA DE TAMPA NA TOLVA / VIBRADOR EM FALHA,FALTA DE TAMPA NA TOLVA / VIBRADOR EM FALHA,FALHA DE ALIMENTACAO DE TAMPAS,FALHA DE VIBRADOR,FALHA DE VIBRADOR | FALHA DE TAMPAMENTO | ENROSCO DE TAMPAS,0.6116477429817111
777,FALTA DE TAMPA NA TOLVA/ VIBRADOR EM FALHA,FALTA DE TAMPA NA TOLVA/ VIBRADOR EM FALHA,FALHA DE ALIMENTACAO DE TAMPAS,FALHA DE VIBRADOR,FALHA DE VIBRADOR | FALHA DE TAMPAMENTO | FALHA DE ALIMENTACAO DE TAMPAS,0.6150557088670471
781,"GARRAFA ENTRANDO TORTA E CAINDO NAS VALVULAS, REALIZADO SINCRONISMO E PONTO ZERO","GARRAFA ENTRANDO TORTA E CAINDO NAS VALVULAS, REALIZADO SINCRONISMO E PONTO ZERO",FALHA DE VALVULA,FALHA DE SINCRONISMO,FALHA DE SINCRONISMO | FALHA DE ROTULAGEM | DANIFICACAO DA BUCHA DE ELEVACAO DO PISTAO,0.5681790461802748
794,CRASH DE LATAS NA ESTRELA DE ENTRADA PARA O SISTEMA DE ENCHIMENTO,CRASH DE LATAS NA ESTRELA DE ENTRADA PARA O SISTEMA DE ENCHIMENTO,CRASH DE LATAS,CRASH DE GARRAFAS,CRASH DE GARRAFAS | CRASH DE LATAS | FALHA DE ENCHIMENTO,0.018785373892182267
796,FALHA DE ENVOLVIMENTO E QUEDA DE LATAS 30008320911,FALHA DE ENVOLVIMENTO E QUEDA DE LATAS 30008320911,QUEDA DE LATAS,ROMPIMENTO DE FILME,ROMPIMENTO DE FILME | QUEDA DE LATAS | FALHA DE REGUA DE ENVOLVIMENTO,0.5314991347617057
797,FALHA DE ENVOLVIMENTO E QUEDA DE LATAS 30008320911,FALHA DE ENVOLVIMENTO E QUEDA DE LATAS 30008320911,QUEDA DE LATAS,ROMPIMENTO DE FILME,ROMPIMENTO DE FILME | QUEDA DE LATAS | FALHA DE REGUA DE ENVOLVIMENTO,0.5314991347617057
828,ROMPEU O REPARO DE ENTRADA DE AGUA PARA TANQUES DE SODA ORDEM: 30008322194,ROMPEU O REPARO DE ENTRADA DE AGUA PARA TANQUES DE SODA ORDEM: 30008322194,QUEBRA DE COMPONENTE,FALHA DE VEDACAO DA VALVULA,FALHA DE VEDACAO DA VALVULA | VAZAMENTO | FALHA DE SOLENOIDE,0.4234336579805229
891,PATIM FORA DA GUIA OCASIONANDO FALHA NO DIRECIONAMENTO DOS PACOTES. (13085183),PATIM FORA DA GUIA OCASIONANDO FALHA NO DIRECIONAMENTO DOS PACOTES. (13085183),PATINS FORA DE POSICAO,QUEDA DE PACOTES,QUEDA DE PACOTES | QUEBRA DE PINO | FALHA DE ENVOLVIMENTO,0.20401915191122466
894,PATIM FORA DA GUIA OCASIONANDO FALHA NO DIRECIONAMENTO DOS PACOTES. (13085183),PATIM FORA DA GUIA OCASIONANDO FALHA NO DIRECIONAMENTO DOS PACOTES. (13085183),PATINS FORA DE POSICAO,QUEDA DE PACOTES,QUEDA DE PACOTES | QUEBRA DE PINO | FALHA DE ENVOLVIMENTO,0.20401915191122466
959,ESTEIRA TRAVANDO NA SAIDA DA ENCAIXOTADORA.,ESTEIRA TRAVANDO NA SAIDA DA ENCAIXOTADORA.,TRAVAMENTO DE ESTEIRA,TRAVAMENTO DE ELEVADOR,TRAVAMENTO DE ELEVADOR | TRAVAMENTO DE TRANSPORTE | TRAVAMENTO DE ESTEIRA,0.09699842778964152
1002,FALHA NO SISTEMA DE CORTE,FALHA NO SISTEMA DE CORTE,FALHA NO CORTE DE TUBETES,FALHA DE CORTE DE FILME,FALHA DE CORTE DE FILME | FALHA NO CORTE DE TUBETES | FALHA DE ELEVADOR,0.2356919918333622
1011,"ENROSCO DE ROTULO, ( FOI FEITO TANGENCIAMENTO)","ENROSCO DE ROTULO, ( FOI FEITO TANGENCIAMENTO)",DESALINHAMENTO DE AGREGADO,ENROSCO DE ROTULOS,ENROSCO DE ROTULOS | FALHA DE TANGENCIAMENTO | DESALINHAMENTO DE AGREGADO,0.10580413985882908
1068,ROBO COM TREPIDAÇÃO/TRAVANDO CAPACIDADE DE PRODUÇÃO REDUZIDA DO ROBO.DEVIDO A QUEDA DE PACOTES (4 VEZES SEGUIDA),ROBO COM TREPIDAÇÃO/TRAVANDO CAPACIDADE DE PRODUÇÃO REDUZIDA DO ROBO.DEVIDO A QUEDA DE PACOTES (4 VEZES SEGUIDA),TRAVAMENTO DE ROBO,FALHA DE ROBO,FALHA DE ROBO | TRAVAMENTO DE ROBO | VIBRACAO DE ROBO,0.06856089287451683
1104,ROBO COM TREPIDAÇÃO/TRAVANDO CAPACIDADE DE PRODUÇÃO REDUZIDA DO ROBO.DEVIDO A QUEDA DE PACOTES (4 VEZES SEGUIDA),ROBO COM TREPIDAÇÃO/TRAVANDO CAPACIDADE DE PRODUÇÃO REDUZIDA DO ROBO.DEVIDO A QUEDA DE PACOTES (4 VEZES SEGUIDA),TRAVAMENTO DE ROBO,FALHA DE ROBO,FALHA DE ROBO | TRAVAMENTO DE ROBO | VIBRACAO DE ROBO,0.06856089287451683
1141,TROCA DO REPARO DO FILTRO (REALIZADO SANITIZAÇÃO A FRIO),TROCA DO REPARO DO FILTRO (REALIZADO SANITIZAÇÃO A FRIO),FALHA DE FILTRO,FALHA DE VEDACAO DA VALVULA,FALHA DE VEDACAO DA VALVULA | FALHA DE FILTRO | FALHA NA MESA DE CARGA,0.42731327765187155
1152,TROCA DO REPARO DO FILTRO (REALIZADO SANITIZAÇÃO A FRIO),TROCA DO REPARO DO FILTRO (REALIZADO SANITIZAÇÃO A FRIO),FALHA DE FILTRO,FALHA DE VEDACAO DA VALVULA,FALHA DE VEDACAO DA VALVULA | FALHA DE FILTRO | FALHA NA MESA DE CARGA,0.42731327765187155
1178,FALHA NA TROCA DE ROTULOS PARA ESPONJA TROCA DE HASTE 30008367061,FALHA NA TROCA DE ROTULOS PARA ESPONJA TROCA DE HASTE 30008367061,FALHA DE ROTULAGEM,ENROSCO DE ROTULOS,ENROSCO DE ROTULOS | FALHA NA TROCA DE BANDEJA | FALHA NA TROCA DE BOBINA,0.009888561709497812
1198,FALHA NA TROCA DE ROTULOS PARA ESPONJA TROCA DE HASTE 30008367061,FALHA NA TROCA DE ROTULOS PARA ESPONJA TROCA DE HASTE 30008367061,FALHA DE ROTULAGEM,ENROSCO DE ROTULOS,ENROSCO DE ROTULOS | FALHA NA TROCA DE BANDEJA | FALHA NA TROCA DE BOBINA,0.009888561709497812
1207,FALHAS DE ENCHIMENTO NAS PARTIDAS DA ENCHEDORA,FALHAS DE ENCHIMENTO NAS PARTIDAS DA ENCHEDORA,FALHA DE ENCHIMENTO,FALHA DE VALVULA DE ENCHIMENTO,FALHA DE VALVULA DE ENCHIMENTO | DEFORMACAO DESALINHAMENTO DE GUIA | FALHA DE BAILARINA,0.22531498275658957
1215,REJEITO ESTOURANDO LATAS E SUJANDO SENSORES (30008369764),REJEITO ESTOURANDO LATAS E SUJANDO SENSORES (30008369764),FALHA DE SENSOR,ROMPIMENTO DE FILME,ROMPIMENTO DE FILME | FALHA DE REJEICAO | FALHA DE SENSOR,0.03662234624262162
1244,"LIMPEZA DA LENTE INTERNA ,POIS NÃO ESTAVA VALIDANDO A GARRAFA N.11.ORDEM..30008374570","LIMPEZA DA LENTE INTERNA ,POIS NÃO ESTAVA VALIDANDO A GARRAFA N.11.ORDEM..30008374570",FALHA DE INSPECAO,ENROSCO DE GARRAFAS,ENROSCO DE GARRAFAS | DESAJUSTE DE REGUA | FALHA DE RETORNO DO BRACO DE SOLDA,0.008179327535372427
1245,DESARME DA ESTEIRA DE SAIDA DA ENCAIXOTADORA.,DESARME DA ESTEIRA DE SAIDA DA ENCAIXOTADORA.,DESARME DE ESTEIRA,QUEBRA DE ESTEIRA,QUEBRA DE ESTEIRA | FALHA DE ESTEIRA | DESARME DE EQUIPAMENTO,0.03607120165684863
1255,"GUIA SUPERIOR E ESTRELA DO CAPSULADOR DESAJUSTADA, OCASIONANDO AS TAMPAS AMASSADAS ORDEM: 30008374149","GUIA SUPERIOR E ESTRELA DO CAPSULADOR DESAJUSTADA, OCASIONANDO AS TAMPAS AMASSADAS ORDEM: 30008374149",DEFORMACAO DESALINHAMENTO DE GUIA,FALHA DE TAMPAMENTO,FALHA DE TAMPAMENTO | FALHA DE GUIA | ENROSCO DE CARTAO QUADRO,0.09642536833546489
1258,TRANSPORTE COM VELOCIDADE REDUZIDA,TRANSPORTE COM VELOCIDADE REDUZIDA,FALHA DE VELOCIDADE DO TRANSPORTE,VELOCIDADE REDUZIDA SEM CAUSA IDENTIFICADA,VELOCIDADE REDUZIDA SEM CAUSA IDENTIFICADA | FALHA DE VELOCIDADE DO TRANSPORTE | FALHA DE TRANSPORTE,0.737805170938823
1329,FALHA NA BOMBA QUE REALIZA ÁRVORE DE ESPUMA,FALHA NA BOMBA QUE REALIZA ÁRVORE DE ESPUMA,FALHA DE BOMBA,FALHA DE COMANDO DA ARVORE DE ESPUMA,FALHA DE COMANDO DA ARVORE DE ESPUMA | FALHA DE BOMBA | ESPUMAMENTO DE BEBIDA,0.09570100595629838
1376,VELOCIDADE BAIXA,VELOCIDADE BAIXA,VELOCIDADE REDUZIDA SEM CAUSA IDENTIFICADA,FALHA DE VELOCIDADE DO TRANSPORTE,FALHA DE VELOCIDADE DO TRANSPORTE | AMASSAMENTO DE LATAS | BAIXA VELOCIDADE DE ESTEIRA,0.22615372790036636
1388,AJUSTE NO CABEÇOTE,AJUSTE NO CABEÇOTE,SEM MODO DE FALHA IDENTIFICADO,FALHA DE CABECOTE,FALHA DE CABECOTE | SEM MODO DE FALHA IDENTIFICADO | DESALINHAMENTO DE GUIA,0.6438824226207105
1404,TRANSPORTE DO VIRADOR DE CAIXA NOTA30008409981,TRANSPORTE DO VIRADOR DE CAIXA NOTA30008409981,FALHA DE GUIA,ENROSCO DE CAIXAS,ENROSCO DE CAIXAS | TRAVAMENTO DE TRANSPORTE | FALHA DE ROLAMENTO,0.1105310797143868
1415,ROLETE DE ENTRADA DA PALETIZADORA TRAVADO (NOTA 13188166),ROLETE DE ENTRADA DA PALETIZADORA TRAVADO (NOTA 13188166),TRAVAMENTO DE ROLETES,FALHA DE ROLETES,FALHA DE ROLETES | TRAVAMENTO DE ROLETES | ROMPIMENTO DE ESTEIRA LONA,0.1768198315598687
1492,FALHA ELETRICA - QUEIMA PLACA,FALHA ELETRICA - QUEIMA PLACA,FALHA DE PLACA ELETRONICA,QUEIMA DA PLACA DEVICENET,QUEIMA DA PLACA DEVICENET | FALHA DE PLACA ELETRONICA | QUEIMA DE FILAMENTO,0.2525083440200425
1525,FALHA NA MONTAGEM DE CAMADAS (AUTOMAÇÃO ATUANDO NO EQUIPAMENTO),FALHA NA MONTAGEM DE CAMADAS (AUTOMAÇÃO ATUANDO NO EQUIPAMENTO),FALHA DE FORMACAO DE CAMADA,PERDA DE REFERENCIA,PERDA DE REFERENCIA | FALHA DE FORMACAO DE CAMADA | FALHA DE AUTOMACAO,0.23642026708157549
1540,"MAGAZINE DE PALETE QUEBRADO ,TIRANDO OS PALETE EM MANUAL, GERANDO FALHA NO ELEVADOR..ORDEM (30008425473)","MAGAZINE DE PALETE QUEBRADO ,TIRANDO OS PALETE EM MANUAL, GERANDO FALHA NO ELEVADOR..ORDEM (30008425473)",FALHA DE MAGAZINE,FALHA DE ELEVADOR,FALHA DE ELEVADOR | FALHA DE MAGAZINE | FALHA DE VALVULA DE AGUA,0.10636262723167933
1544,FALHA COMUNICAÇÃO NA SAIDA DA LAVADORA ORDEM: 30008427069,FALHA COMUNICAÇÃO NA SAIDA DA LAVADORA ORDEM: 30008427069,FALHA DE SENSOR,FALHA DE COMUNICACAO,FALHA DE COMUNICACAO | FALHA DE AMOSTRAGEM | TRAVAMENTO DE GARRAFAS NA SAIDA DA LAVADORA,0.4002286799673763
1546,"PALETIZADORA PEGANDO CAIXA A MENOS, PERDEU A CONTAGEM","PALETIZADORA PEGANDO CAIXA A MENOS, PERDEU A CONTAGEM",FALHA DE CONTAGEM,FALHA NA PEGADA DE CAMADA,FALHA NA PEGADA DE CAMADA | FALHA DE CONTAGEM | PERDA DE REFERENCIA DO PEGADOR DE CHAPATEX,0.16836625744604394
1560,"MAGAZINE DE PALETE QUEBRADO ,TIRANDO OS PALETE EM MANUAL, GERANDO FALHA NO ELEVADOR..ORDEM (30008425473)","MAGAZINE DE PALETE QUEBRADO ,TIRANDO OS PALETE EM MANUAL, GERANDO FALHA NO ELEVADOR..ORDEM (30008425473)",FALHA DE MAGAZINE,FALHA DE ELEVADOR,FALHA DE ELEVADOR | FALHA DE MAGAZINE | FALHA DE VALVULA DE AGUA,0.10636262723167933
1561,"MAGAZINE DE PALETE QUEBRADO ,TIRANDO OS PALETE EM MANUAL, GERANDO FALHA NO ELEVADOR..ORDEM (30008425473)","MAGAZINE DE PALETE QUEBRADO ,TIRANDO OS PALETE EM MANUAL, GERANDO FALHA NO ELEVADOR..ORDEM (30008425473)",FALHA DE MAGAZINE,FALHA DE ELEVADOR,FALHA DE ELEVADOR | FALHA DE MAGAZINE | FALHA DE VALVULA DE AGUA,0.10636262723167933
1562,"MAGAZINE DE PALETE QUEBRADO ,TIRANDO OS PALETE EM MANUAL, GERANDO FALHA NO ELEVADOR..ORDEM (30008425473)","MAGAZINE DE PALETE QUEBRADO ,TIRANDO OS PALETE EM MANUAL, GERANDO FALHA NO ELEVADOR..ORDEM (30008425473)",FALHA DE MAGAZINE,FALHA DE ELEVADOR,FALHA DE ELEVADOR | FALHA DE MAGAZINE | FALHA DE VALVULA DE AGUA,0.10636262723167933
1636,"MAGAZINE DE PALETE QUEBRADO ,TIRANDO OS PALETE EM MANUAL, GERANDO FALHA NO ELEVADOR..ORDEM (30008425473)","MAGAZINE DE PALETE QUEBRADO ,TIRANDO OS PALETE EM MANUAL, GERANDO FALHA NO ELEVADOR..ORDEM (30008425473)",FALHA DE MAGAZINE,FALHA DE ELEVADOR,FALHA DE ELEVADOR | FALHA DE MAGAZINE | FALHA DE VALVULA DE AGUA,0.10636262723167933
1646,"GUIA TORTO, CAINDO GARRAFA ENTRADA DA LAVADORA.ORDEM 30008437731","GUIA TORTO, CAINDO GARRAFA ENTRADA DA LAVADORA.ORDEM 30008437731",DEFORMACAO DESALINHAMENTO DE GUIA,DESALINHAMENTO DE GUIA,DESALINHAMENTO DE GUIA | DEFORMACAO DESALINHAMENTO DE GUIA | FALHA DE GUIA,0.0834760388621828
1647,CORRENTE DE ARRASTE COM FOLGA CAUSANDO QUEDA DE GARRAFA,CORRENTE DE ARRASTE COM FOLGA CAUSANDO QUEDA DE GARRAFA,FALHA DE CORRENTE,QUEDA DE GARRAFAS,QUEDA DE GARRAFAS | FALHA DE CORREIA | FALHA DE ENGRENAGEM,0.10911517432988738
1649,"MAGAZINE DE PALETE QUEBRADO ,TIRANDO OS PALETE EM MANUAL, GERANDO FALHA NO ELEVADOR..ORDEM (30008425473)","MAGAZINE DE PALETE QUEBRADO ,TIRANDO OS PALETE EM MANUAL, GERANDO FALHA NO ELEVADOR..ORDEM (30008425473)",FALHA DE MAGAZINE,FALHA DE ELEVADOR,FALHA DE ELEVADOR | FALHA DE MAGAZINE | FALHA DE VALVULA DE AGUA,0.10636262723167933
1651,"MAGAZINE DE PALETE QUEBRADO ,TIRANDO OS PALETE EM MANUAL, GERANDO FALHA NO ELEVADOR..ORDEM (30008425473)","MAGAZINE DE PALETE QUEBRADO ,TIRANDO OS PALETE EM MANUAL, GERANDO FALHA NO ELEVADOR..ORDEM (30008425473)",FALHA DE MAGAZINE,FALHA DE ELEVADOR,FALHA DE ELEVADOR | FALHA DE MAGAZINE | FALHA DE VALVULA DE AGUA,0.10636262723167933
1652,"MAGAZINE DE PALETE QUEBRADO ,TIRANDO OS PALETE EM MANUAL, GERANDO FALHA NO ELEVADOR..ORDEM (30008425473)","MAGAZINE DE PALETE QUEBRADO ,TIRANDO OS PALETE EM MANUAL, GERANDO FALHA NO ELEVADOR..ORDEM (30008425473)",FALHA DE MAGAZINE,FALHA DE ELEVADOR,FALHA DE ELEVADOR | FALHA DE MAGAZINE | FALHA DE VALVULA DE AGUA,0.10636262723167933
1653,"MAGAZINE DE PALETE QUEBRADO ,TIRANDO OS PALETE EM MANUAL, GERANDO FALHA NO ELEVADOR..ORDEM (30008425473)","MAGAZINE DE PALETE QUEBRADO ,TIRANDO OS PALETE EM MANUAL, GERANDO FALHA NO ELEVADOR..ORDEM (30008425473)",FALHA DE MAGAZINE,FALHA DE ELEVADOR,FALHA DE ELEVADOR | FALHA DE MAGAZINE | FALHA DE VALVULA DE AGUA,0.10636262723167933
1654,"MAGAZINE DE PALETE QUEBRADO ,TIRANDO OS PALETE EM MANUAL, GERANDO FALHA NO ELEVADOR..ORDEM (30008425473)","MAGAZINE DE PALETE QUEBRADO ,TIRANDO OS PALETE EM MANUAL, GERANDO FALHA NO ELEVADOR..ORDEM (30008425473)",FALHA DE MAGAZINE,FALHA DE ELEVADOR,FALHA DE ELEVADOR | FALHA DE MAGAZINE | FALHA DE VALVULA DE AGUA,0.10636262723167933
1655,"MAGAZINE DE PALETE QUEBRADO ,TIRANDO OS PALETE EM MANUAL, GERANDO FALHA NO ELEVADOR..ORDEM (30008425473)","MAGAZINE DE PALETE QUEBRADO ,TIRANDO OS PALETE EM MANUAL, GERANDO FALHA NO ELEVADOR..ORDEM (30008425473)",FALHA DE MAGAZINE,FALHA DE ELEVADOR,FALHA DE ELEVADOR | FALHA DE MAGAZINE | FALHA DE VALVULA DE AGUA,0.10636262723167933
1701,DEVAISER TRIPIDANDO OCASIOANDO ENROSCO DE PACOTES FALHA NA FORMAÇÃO DE CAMADAS E ESTOURO DE LATAS ( ORDEM - 30008442119),DEVAISER TRIPIDANDO OCASIOANDO ENROSCO DE PACOTES FALHA NA FORMAÇÃO DE CAMADAS E ESTOURO DE LATAS ( ORDEM - 30008442119),ENROSCO DE LATAS,ENROSCO DE PACOTES,ENROSCO DE PACOTES | ENROSCO DE LATAS | FALHA DE ELO DE ESTEIRA,0.1522350389616346
1750,"FALHA BANDEJA DE ROTULOS, A BANDEJA ESTÁ EM DESNIVEL, GERANDO ENROSCO DE ROTULOS ORDEM: 30008450158","FALHA BANDEJA DE ROTULOS, A BANDEJA ESTÁ EM DESNIVEL, GERANDO ENROSCO DE ROTULOS ORDEM: 30008450158",ENROSCO DE ROTULOS,FALHA NA TROCA DE BANDEJA,FALHA NA TROCA DE BANDEJA | ENROSCO DE ROTULOS | FALHA DE EXTRACAO DE ROTULOS,0.36513616153116735
1785,CABO DOS SENSORES DE SEGURANÇA ROMPIDO,CABO DOS SENSORES DE SEGURANÇA ROMPIDO,QUEBRA DE COMPONENTE,FALHA DE CABO DE SEGURANCA,FALHA DE CABO DE SEGURANCA | FALHA DE SENSOR | FALHA DE MOTOR,0.15186869808435366
1786,CABO DOS SENSORES DE SEGURANÇA ROMPIDO,CABO DOS SENSORES DE SEGURANÇA ROMPIDO,QUEBRA DE COMPONENTE,FALHA DE CABO DE SEGURANCA,FALHA DE CABO DE SEGURANCA | FALHA DE SENSOR | FALHA DE MOTOR,0.15186869808435366
1789,QUEDA DE LATA NO SISTEMA DE ENVOLVIMENTO.,QUEDA DE LATA NO SISTEMA DE ENVOLVIMENTO.,QUEDA DE LATAS,FALHA DE REGUA DE ENVOLVIMENTO,FALHA DE REGUA DE ENVOLVIMENTO | FALHA DE CONTAGEM DE PRODUTO | FALHA DE ENVOLVIMENTO,0.005945031976017923
1790,BICO DO GÁS 1 OBSTRUIDO,BICO DO GÁS 1 OBSTRUIDO,ENTUPIMENTO,FALSO ALARME DE REJEITO OBSTRUIDO,FALSO ALARME DE REJEITO OBSTRUIDO | QUEBRA DE COMPONENTE | FALHA DE CONTROLE DE PROCESSO,0.5857381540673031
1796,"FALHA CHECKMATE NA SAIDA DA ROTULADORA, FOI REALIZADO O AJUSTE DA POSIÇÃO DE DISPARO DA CAMERA","FALHA CHECKMATE NA SAIDA DA ROTULADORA, FOI REALIZADO O AJUSTE DA POSIÇÃO DE DISPARO DA CAMERA",FALHA DE CAMERA,FALHA DE ROTULAGEM,FALHA DE ROTULAGEM | FALHA DE LEITURA | FALHA DE ELO DE ESTEIRA,0.07475372062900765
1797,QUEBRA DA PINÇA DO STRECH ( 13205016),QUEBRA DA PINÇA DO STRECH ( 13205016),FALHA DE PINCA,QUEBRA DE ESTEIRA,QUEBRA DE ESTEIRA | FALHA DE PINCA | QUEBRA DE COMPONENTE,0.00016057825303228412
1798,QUEBRA DA PINÇA DO STRECH ( 13205016),QUEBRA DA PINÇA DO STRECH ( 13205016),FALHA DE PINCA,QUEBRA DE ESTEIRA,QUEBRA DE ESTEIRA | FALHA DE PINCA | QUEBRA DE COMPONENTE,0.00016057825303228412
1799,QUEBRA DA PINÇA DO STRECH ( 13205016),QUEBRA DA PINÇA DO STRECH ( 13205016),FALHA DE PINCA,QUEBRA DE ESTEIRA,QUEBRA DE ESTEIRA | FALHA DE PINCA | QUEBRA DE COMPONENTE,0.00016057825303228412
1801,QUEBRA DA PINÇA DO STRECH ( 13205016),QUEBRA DA PINÇA DO STRECH ( 13205016),FALHA DE PINCA,QUEBRA DE ESTEIRA,QUEBRA DE ESTEIRA | FALHA DE PINCA | QUEBRA DE COMPONENTE,0.00016057825303228412
1807,QUEDA DE LATA NO SISTEMA DE ENVOLVIMENTO.PACOTE ABERTO GERANDO FALHA DE FORMAÇÃO DE CAMADA NA PALETIZADORA.,QUEDA DE LATA NO SISTEMA DE ENVOLVIMENTO.PACOTE ABERTO GERANDO FALHA DE FORMAÇÃO DE CAMADA NA PALETIZADORA.,FALHA DE ENVOLVIMENTO,FALHA DE FORMACAO DE CAMADA,FALHA DE FORMACAO DE CAMADA | FALHA DE ENVOLVIMENTO | FALHA DE CONTAGEM DE PRODUTO,0.14966225852932935
1908,FALHA NO ENVOLVIMENTO DE PACOTES,FALHA NO ENVOLVIMENTO DE PACOTES,SEM MODO DE FALHA IDENTIFICADO,FALHA DE ENVOLVIMENTO,FALHA DE ENVOLVIMENTO | FALHA DE TRANSPORTE DE PACOTES | FALHA DE REGUA DE ENVOLVIMENTO,0.6050668386125162
1910,AJUSTE DE MODULAÇÃO DE VELOCIDADE,AJUSTE DE MODULAÇÃO DE VELOCIDADE,SEM MODO DE FALHA IDENTIFICADO,FALHA DE VELOCIDADE DO TRANSPORTE,FALHA DE VELOCIDADE DO TRANSPORTE | FALHA DE VALVULA MODULADORA | SEM MODO DE FALHA IDENTIFICADO,0.04420073021723825
1919,FALHA NO ENVOLVIMENTO DE PACOTES,FALHA NO ENVOLVIMENTO DE PACOTES,SEM MODO DE FALHA IDENTIFICADO,FALHA DE ENVOLVIMENTO,FALHA DE ENVOLVIMENTO | FALHA DE TRANSPORTE DE PACOTES | FALHA DE REGUA DE ENVOLVIMENTO,0.6050668386125162
1920,FALHA NO ENVOLVIMENTO DE PACOTES,FALHA NO ENVOLVIMENTO DE PACOTES,SEM MODO DE FALHA IDENTIFICADO,FALHA DE ENVOLVIMENTO,FALHA DE ENVOLVIMENTO | FALHA DE TRANSPORTE DE PACOTES | FALHA DE REGUA DE ENVOLVIMENTO,0.6050668386125162
1921,CABO DE SEGURANÇA DANIFICADO,CABO DE SEGURANÇA DANIFICADO,FALHA ELETRICA SEM COMPONENTE IDENTIFICADO,FALHA DE CABO DE SEGURANCA,FALHA DE CABO DE SEGURANCA | FALHA DE RELE DE SEGURANCA | FALHA DE MOLA,0.8145058251043433
1950,"PALETIZAÇÃO FICANDO COM LATERAL ABERTA, CAINDO PACOTE DO PALLET ACABADO","PALETIZAÇÃO FICANDO COM LATERAL ABERTA, CAINDO PACOTE DO PALLET ACABADO",QUEDA DE PACOTES,FALHA NA DESCARGA DE PALETE,FALHA NA DESCARGA DE PALETE | FALHA DE ROLETES | FALHA DE PORTA DE SEGURANCA,0.20574594694110426
1952,"LATA SENDO REJEITADA E CAINDO NA REJEIÇÃO, ENROSCANDO NO TRANSPORTE E FALNTANDO LATA PARA ENCHEDORA","LATA SENDO REJEITADA E CAINDO NA REJEIÇÃO, ENROSCANDO NO TRANSPORTE E FALNTANDO LATA PARA ENCHEDORA",ENROSCO DE LATAS,FALHA DE REJEICAO,FALHA DE REJEICAO | FALHA DE VELOCIDADE DO TRANSPORTE | ENROSCO DE LATAS,0.30119941997376887
1967,FALHA DE ENCHIMENTO,FALHA DE ENCHIMENTO,FALHA DE ENCHIMENTO,FALHA DE VALVULA DE ENCHIMENTO,FALHA DE VALVULA DE ENCHIMENTO | FALHA DE ENCHIMENTO | FALHA DE RESFRIAMENTO,0.15117569597857372
1968,FALHA DE ENCHIMENTO,FALHA DE ENCHIMENTO,FALHA DE ENCHIMENTO,FALHA DE VALVULA DE ENCHIMENTO,FALHA DE VALVULA DE ENCHIMENTO | FALHA DE ENCHIMENTO | FALHA DE RESFRIAMENTO,0.15117569597857372
1969,FALHA DE ENCHIMENTO,FALHA DE ENCHIMENTO,FALHA DE ENCHIMENTO,FALHA DE VALVULA DE ENCHIMENTO,FALHA DE VALVULA DE ENCHIMENTO | FALHA DE ENCHIMENTO | FALHA DE RESFRIAMENTO,0.15117569597857372
1970,FALHA DE ENCHIMENTO,FALHA DE ENCHIMENTO,FALHA DE ENCHIMENTO,FALHA DE VALVULA DE ENCHIMENTO,FALHA DE VALVULA DE ENCHIMENTO | FALHA DE ENCHIMENTO | FALHA DE RESFRIAMENTO,0.15117569597857372
1971,FALHA DE ENCHIMENTO,FALHA DE ENCHIMENTO,FALHA DE ENCHIMENTO,FALHA DE VALVULA DE ENCHIMENTO,FALHA DE VALVULA DE ENCHIMENTO | FALHA DE ENCHIMENTO | FALHA DE RESFRIAMENTO,0.15117569597857372
1972,FALHA DE ENCHIMENTO,FALHA DE ENCHIMENTO,FALHA DE ENCHIMENTO,FALHA DE VALVULA DE ENCHIMENTO,FALHA DE VALVULA DE ENCHIMENTO | FALHA DE ENCHIMENTO | FALHA DE RESFRIAMENTO,0.15117569597857372
1973,FALHA DE ENCHIMENTO,FALHA DE ENCHIMENTO,FALHA DE ENCHIMENTO,FALHA DE VALVULA DE ENCHIMENTO,FALHA DE VALVULA DE ENCHIMENTO | FALHA DE ENCHIMENTO | FALHA DE RESFRIAMENTO,0.15117569597857372
1975,FALHA DE ENCHIMENTO,FALHA DE ENCHIMENTO,FALHA DE ENCHIMENTO,FALHA DE VALVULA DE ENCHIMENTO,FALHA DE VALVULA DE ENCHIMENTO | FALHA DE ENCHIMENTO | FALHA DE RESFRIAMENTO,0.15117569597857372
1976,FALHA DE ENCHIMENTO,FALHA DE ENCHIMENTO,FALHA DE ENCHIMENTO,FALHA DE VALVULA DE ENCHIMENTO,FALHA DE VALVULA DE ENCHIMENTO | FALHA DE ENCHIMENTO | FALHA DE RESFRIAMENTO,0.15117569597857372
1977,FALHA DE ENCHIMENTO,FALHA DE ENCHIMENTO,FALHA DE ENCHIMENTO,FALHA DE VALVULA DE ENCHIMENTO,FALHA DE VALVULA DE ENCHIMENTO | FALHA DE ENCHIMENTO | FALHA DE RESFRIAMENTO,0.15117569597857372
1978,FALHA DE ENCHIMENTO,FALHA DE ENCHIMENTO,FALHA DE ENCHIMENTO,FALHA DE VALVULA DE ENCHIMENTO,FALHA DE VALVULA DE ENCHIMENTO | FALHA DE ENCHIMENTO | FALHA DE RESFRIAMENTO,0.15117569597857372
2003,"FILME NÃO ESTAVA SENDO PUXADO PARA O ROLO EMBORRACHADO , NOTA 30008478927","FILME NÃO ESTAVA SENDO PUXADO PARA O ROLO EMBORRACHADO , NOTA 30008478927",FALHA DE TRACAO GUIAMENTO DE FILME,FALHA DE CORTE DE FILME,FALHA DE CORTE DE FILME | ROMPIMENTO DE FILME | FALHA DE PINCA,0.007159636415184134
2004,"FILME NÃO ESTAVA SENDO PUXADO PARA O ROLO EMBORRACHADO , NOTA 30008478927","FILME NÃO ESTAVA SENDO PUXADO PARA O ROLO EMBORRACHADO , NOTA 30008478927",FALHA DE TRACAO GUIAMENTO DE FILME,FALHA DE CORTE DE FILME,FALHA DE CORTE DE FILME | ROMPIMENTO DE FILME | FALHA DE PINCA,0.007159636415184134
2024,AJUSTE DE VELOCIDADE DA ESTEIRA DO TAPETE DE SAÍDA ORDEM 30008479760,AJUSTE DE VELOCIDADE DA ESTEIRA DO TAPETE DE SAÍDA ORDEM 30008479760,FALHA DE ELO DE ESTEIRA,QUEBRA DE ESTEIRA,QUEBRA DE ESTEIRA | FALHA DE ESTEIRA | FALHA DE ELO DE ESTEIRA,0.08654893746669767
2025,AJUSTE DE VELOCIDADE DA ESTEIRA DO TAPETE DE SAÍDA ORDEM 30008479760,AJUSTE DE VELOCIDADE DA ESTEIRA DO TAPETE DE SAÍDA ORDEM 30008479760,FALHA DE ELO DE ESTEIRA,QUEBRA DE ESTEIRA,QUEBRA DE ESTEIRA | FALHA DE ESTEIRA | FALHA DE ELO DE ESTEIRA,0.08654893746669767
2037,"(30008489553) FORNO EM ALARME, DESARMOU O DIJUNTOR","(30008489553) FORNO EM ALARME, DESARMOU O DIJUNTOR",DESARME DE DISJUNTOR,DESARME DE TRANSPORTE,DESARME DE TRANSPORTE | BAIXA VELOCIDADE DE ESTEIRA | DESARME DE MOTOR,0.20012964206722073
2041,TWISTER DE SAIDA DA FILTEC DERRUBANDO LATAS PARA A ENTRADA DA EMPACOTADORA,TWISTER DE SAIDA DA FILTEC DERRUBANDO LATAS PARA A ENTRADA DA EMPACOTADORA,FALHA DE TWISTER,QUEDA DE LATAS,QUEDA DE LATAS | FALHA DE TWISTER | FALHA DE ESTEIRA,0.2816874744177579
2086,"ENROSCO DE ROTULO,FALHA NA APLICAÇÃO DO ROTULO","ENROSCO DE ROTULO,FALHA NA APLICAÇÃO DO ROTULO",ENROSCO DE ROTULOS,FALHA DE ROTULAGEM,FALHA DE ROTULAGEM | ENROSCO DE ROTULOS | FALHA DE APLICACAO DE COLA,0.3427699465690035
2087,"ENROSCO DE ROTULO,FALHA NA APLICAÇÃO DO ROTULO","ENROSCO DE ROTULO,FALHA NA APLICAÇÃO DO ROTULO",ENROSCO DE ROTULOS,FALHA DE ROTULAGEM,FALHA DE ROTULAGEM | ENROSCO DE ROTULOS | FALHA DE APLICACAO DE COLA,0.3427699465690035
2088,"ENROSCO DE ROTULO,FALHA NA APLICAÇÃO DO ROTULO","ENROSCO DE ROTULO,FALHA NA APLICAÇÃO DO ROTULO",ENROSCO DE ROTULOS,FALHA DE ROTULAGEM,FALHA DE ROTULAGEM | ENROSCO DE ROTULOS | FALHA DE APLICACAO DE COLA,0.3427699465690035
2103,ATRASO NO CIP DURANTE 5 ETAPAS CCKSZ - FALHA NO MIXER,ATRASO NO CIP DURANTE 5 ETAPAS CCKSZ - FALHA NO MIXER,FALHA DE MISTURA,FALHA DE MIXER,FALHA DE MIXER | FALHA DE MANGUEIRA | FALHA DE CARBONATACAO,0.13014683354594536
2202,"FALHA DE ENVOLVIMENTO, SISTEMA DE EMBREAGEM DOS ROLOS/FACA COM FALHA","FALHA DE ENVOLVIMENTO, SISTEMA DE EMBREAGEM DOS ROLOS/FACA COM FALHA",FALHA DE CORTE DE FILME,FALHA DE ALIMENTACAO ELETRICA DA EMBREAGEM,FALHA DE ALIMENTACAO ELETRICA DA EMBREAGEM | FALHA DE ENVOLVIMENTO | FALHA DE CORTE DE FILME,0.20595820821438648
2225,FALHA NO BOTÃO DE RESET 30008520288,FALHA NO BOTÃO DE RESET 30008520288,FALHA DE BOTAO DE RESET,FALHA DE PEGADOR,FALHA DE PEGADOR | FALHA DE BOTAO DE RESET | FALHA NO BOTAO RESET,0.17022730724828372
2270,FALHA NA CALIBRAÇÃO,FALHA NA CALIBRAÇÃO,FALHA DE CALIBRACAO,SEM MODO DE FALHA IDENTIFICADO,SEM MODO DE FALHA IDENTIFICADO | FALHA DE CALIBRACAO | FALHA DE CONTROLE DE PROCESSO,0.04584521129533825
2294,QUEBRADA CORREIA DA ESTRELA DE ENTRADA E SAIDA ENCHEDORA SINCRONISMO,QUEBRADA CORREIA DA ESTRELA DE ENTRADA E SAIDA ENCHEDORA SINCRONISMO,QUEBRA DE CORREIA,FALHA DE SINCRONISMO,FALHA DE SINCRONISMO | QUEBRA DE CORREIA | FALHA DE CORREIA,0.40005959668638713
2333,FALHA NO RECUO DO PISTAÕ DO TRANSPORTE DE TAMPA DA CSW,FALHA NO RECUO DO PISTAÕ DO TRANSPORTE DE TAMPA DA CSW,FALHA NO SISTEMA DE CORTE,FALHA DE TRANSPORTE,FALHA DE TRANSPORTE | TRAVAMENTO DE TRANSPORTE | QUEBRA DE ATUADOR,1.0204850300223243
2406,TROCA DE MANGUEIRA,TROCA DE MANGUEIRA,FALHA DE MANGUEIRA,FALHA DE CONEXAO DE MANGUEIRA,FALHA DE CONEXAO DE MANGUEIRA | ROMPIMENTO DE MANGUEIRA DE AR | VAZAMENTO PNEUMATICO,0.42812612622058877
2435,"VAZAMENTO DE AGUA NO FILTRO POLIDOR,GERANDO FALHA NOS JATOS FINAIS.","VAZAMENTO DE AGUA NO FILTRO POLIDOR,GERANDO FALHA NOS JATOS FINAIS.",VAZAMENTO,FALHA DE PRESSAO DOS JATOS,FALHA DE PRESSAO DOS JATOS | FALHA DE FILTRO | FALHA DE MANGUEIRA,0.5915123448340377
2440,"BORBOLETA NUMERO 50 RUIM , NOTA 30008580559","BORBOLETA NUMERO 50 RUIM , NOTA 30008580559",FALHA DE VALVULA,SEM MODO DE FALHA IDENTIFICADO,SEM MODO DE FALHA IDENTIFICADO | FALHA DE FIXACAO DA TULIPA | FALHA DE MOTOR,0.2421256900984904
2453,"QUEBRA DO GUIA DE SEPARAÇÃO DE GARRAFAS DE ENTRADA DA EMPACOTADORA , NOTA 30008583428","QUEBRA DO GUIA DE SEPARAÇÃO DE GARRAFAS DE ENTRADA DA EMPACOTADORA , NOTA 30008583428",FALHA DE GUIA,QUEBRA DE PARAFUSO,QUEBRA DE PARAFUSO | ENROSCO DE GARRAFAS | QUEDA DE GARRAFAS,0.038180694203351906
2514,"FALHA NOBREAK, FALTOU ENERGIA EQTO","FALHA NOBREAK, FALTOU ENERGIA EQTO",FALHA DE NOBREAK,FALHA DE ALIMENTACAO ELETRICA,FALHA DE ALIMENTACAO ELETRICA | FALHA DE NOBREAK | FALHA DE INSPECAO,0.0799129660914033
2545,CORREIA DA MESA DE ENVOLVIMENTO PATINANDO,CORREIA DA MESA DE ENVOLVIMENTO PATINANDO,FALHA DE CORREIA,PATINAGEM DE ESTEIRA,PATINAGEM DE ESTEIRA | FALHA DE CORREIA | QUEBRA DE CORREIA,0.7393979411470253
2578,VIRADOR DE CAIXA COM FALHA,VIRADOR DE CAIXA COM FALHA,FALHA NO VIRADOR DE CAIXAS,ENROSCO DE CAIXAS,ENROSCO DE CAIXAS | FALHA NO VIRADOR DE PACOTES | FALHA DE FORMACAO DE CAIXA,0.782846839046786
2628,MANGUEIRA SOLDA DA VALVULA N°33 OCASIONANDO EXCESSO DE ENCHIMENTO,MANGUEIRA SOLDA DA VALVULA N°33 OCASIONANDO EXCESSO DE ENCHIMENTO,FALHA DE VALVULA DE ENCHIMENTO,FALHA DE SOLDA DE FILME,FALHA DE SOLDA DE FILME | FALHA DE VALVULA DE ENCHIMENTO | FALHA DE MANGUEIRA PNEUMATICA,0.060942859647359904
2645,HASTE DO CILINDRO DO BRAÇO SEPARADOR DE CAIXAS ESCAPOU DA ROSCA DE FIXAÇÃO ORDEM: 30008629094,HASTE DO CILINDRO DO BRAÇO SEPARADOR DE CAIXAS ESCAPOU DA ROSCA DE FIXAÇÃO ORDEM: 30008629094,QUEBRA DE ATUADOR,FALHA DE ROLO SEPARADOR,FALHA DE ROLO SEPARADOR | QUEBRA DE ATUADOR | ESCAPE DE ESTEIRA,0.016946646372573593
2689,INSTALACAO DA VALVULA DE DOSADOR DE NITROGENIO,INSTALACAO DA VALVULA DE DOSADOR DE NITROGENIO,FALHA DE VALVULA DE NITROGENIO,FALHA NO DOSADOR DE NITROGENIO,FALHA NO DOSADOR DE NITROGENIO | FALHA DE VALVULA | FALHA DE DOSAGEM,0.560288389620664
2690,AJUSTE NA POSIÇÃO DO DOSADOR DE NITROGENIO,AJUSTE NA POSIÇÃO DO DOSADOR DE NITROGENIO,SEM MODO DE FALHA IDENTIFICADO,FALHA NO DOSADOR DE NITROGENIO,FALHA NO DOSADOR DE NITROGENIO | SEM MODO DE FALHA IDENTIFICADO | FALHA DE DOSAGEM,0.1891746485196782
2739,"RINSER ENTREGANDO GARRAFAS TORTAS GERANDO ENROSCO NA ET RELA DE TRANSFERÊNCIA,OCASIONANDO ENCHIMENTO DA CABEÇA","RINSER ENTREGANDO GARRAFAS TORTAS GERANDO ENROSCO NA ET RELA DE TRANSFERÊNCIA,OCASIONANDO ENCHIMENTO DA CABEÇA",FALHA DE ENCHIMENTO,GARRAFAS TORTAS NA SAIDA DO RINSER,GARRAFAS TORTAS NA SAIDA DO RINSER | FALHA DE PINCA | FALHA DE PRESSURIZACAO DA ENCHEDORA,0.14467424644782712
2740,SENSOR ENVOLVEDORA EM CURTO,SENSOR ENVOLVEDORA EM CURTO,CURTO CIRCUITO,FALHA DE SENSOR,FALHA DE SENSOR | CURTO CIRCUITO | FALHA DE ENVOLVIMENTO,0.03004223310230625
2759,"QUEDA DE GARRAFA NO SISTEMA DE RESFRIAMENTO DE FUNDO DA GARRAFA, CAUSANDO OBSTRUCAO DO SENSOR","QUEDA DE GARRAFA NO SISTEMA DE RESFRIAMENTO DE FUNDO DA GARRAFA, CAUSANDO OBSTRUCAO DO SENSOR",QUEDA DE GARRAFAS,FALHA DE SENSOR,FALHA DE SENSOR | QUEDA DE GARRAFAS | FALHA NA REFRIGERACAO DE FUNDO,0.04099486568940891
2852,FALHA CAIXA A MENOS E QUEDA DE CAIXAS CAMADA SUPERIOR,FALHA CAIXA A MENOS E QUEDA DE CAIXAS CAMADA SUPERIOR,FALHA DE FORMACAO DE CAIXA,FALHA NA PEGADA DE CAMADA,FALHA NA PEGADA DE CAMADA | ENROSCO DE CARTAO QUADRO | QUEDA DE GARRAFAS,0.31012054057141203
2858,ALTERAÇÃO DE PARÂMETROS DE VELOCIDADE DA ESTEIRA E PINO DE SEPARAÇÃO,ALTERAÇÃO DE PARÂMETROS DE VELOCIDADE DA ESTEIRA E PINO DE SEPARAÇÃO,FALHA DE ELO DE ESTEIRA,FALHA DE VELOCIDADE DO TRANSPORTE,FALHA DE VELOCIDADE DO TRANSPORTE | ALTERACAO DA VELOCIDADE DO DEVICER | FALHA DE PINO,0.021829979900163998
2866,FALHA NO JATO FINAIS.,FALHA NO JATO FINAIS.,FALHA DE JATOS DE ENXAGUE,FALHA DE PRESSAO DOS JATOS,FALHA DE PRESSAO DOS JATOS | FALHA DE MEDIDOR | FALHA DE JATOS DE ENXAGUE,1.014366734765229
2887,EIXO DA BANDEIROLA DANIFICADO E TORTO : NOTA :13271473,EIXO DA BANDEIROLA DANIFICADO E TORTO : NOTA :13271473,DESALINHAMENTO DE EIXO,QUEBRA DE EIXO,QUEBRA DE EIXO | DEFORMACAO DE EIXO | DESALINHAMENTO DE EIXO,0.3736338216982462
2892,TROCA DA ROLDANA DO PISTÃO Nº 01,TROCA DA ROLDANA DO PISTÃO Nº 01,FALHA DE ATUADOR,QUEBRA DE ATUADOR,QUEBRA DE ATUADOR | TRAVAMENTO DE ATUADOR | FALHA DE TRANSPORTE,0.03873620935021005
2902,"ENROSCO DE LATA NO TWISTER,PÓS HEUFT","ENROSCO DE LATA NO TWISTER,PÓS HEUFT",FALHA DE INSPECAO,ENROSCO DE LATAS,ENROSCO DE LATAS | FALHA DE INSPECAO | FALHA DE ENCHIMENTO,0.30535597698141326
2952,"REAPERTO PARAFUSOS DO SUPORTE DO CENTRADOR DE PACOTES ,FARMAÇAO DE CAMADAS 30008686087","REAPERTO PARAFUSOS DO SUPORTE DO CENTRADOR DE PACOTES ,FARMAÇAO DE CAMADAS 30008686087",FALHA DE FIXACAO,VAZAMENTO EM TUBULACAO,VAZAMENTO EM TUBULACAO | FALHA DE CENTRADOR | FALHA DE FIXACAO,0.12728749533717942
3036,CELULA TORTAS OCASIONANDO ENROSCO E QUEDA DE GARRAFAS NA SAIDA DA LAVADORA,CELULA TORTAS OCASIONANDO ENROSCO E QUEDA DE GARRAFAS NA SAIDA DA LAVADORA,ENROSCO DE GARRAFAS,QUEDA DE GARRAFAS,QUEDA DE GARRAFAS | ENROSCO DE GARRAFAS | GARRAFAS TORTAS NA SAIDA DO RINSER,0.017981751346262786
3069,QUEBRA DA HASTE DE SEPARAÇÃO DO TRP DE ENTRADA DA EMPACOTADORA CAUSANDO QUEDA DE GARRAFAS,QUEBRA DA HASTE DE SEPARAÇÃO DO TRP DE ENTRADA DA EMPACOTADORA CAUSANDO QUEDA DE GARRAFAS,QUEBRA DE TRANSPORTE,QUEDA DE GARRAFAS,QUEDA DE GARRAFAS | QUEBRA DE ESTEIRA | QUEBRA DE PARAFUSO,0.28699515654102836
3123,VALVULA DE AGUA DE RESFRIAMENTO PINO DE ENXAGUE ENCHEDORA PAROU TRAVADO,VALVULA DE AGUA DE RESFRIAMENTO PINO DE ENXAGUE ENCHEDORA PAROU TRAVADO,TRAVAMENTO DE VALVULA,FALHA DE RESFRIAMENTO,FALHA DE RESFRIAMENTO | TRAVAMENTO DE VALVULA | FALHA DE VALVULA,1.1238513587468355
3168,"QUEDA DE GARRAFA NO TRANS, TAPETE DE SAIDA","QUEDA DE GARRAFA NO TRANS, TAPETE DE SAIDA",FALHA DE ESTEIRA,QUEDA DE GARRAFAS,QUEDA DE GARRAFAS | FALHA DE ELO DE ESTEIRA | FALHA DE ESTEIRA,0.7791643491219253
3189,TROCA DE MANGUEIRA DE AR,TROCA DE MANGUEIRA DE AR,FALHA DE MANGUEIRA PNEUMATICA,FALHA DE CONEXAO DE MANGUEIRA,FALHA DE CONEXAO DE MANGUEIRA | ROMPIMENTO DE MANGUEIRA DE AR | FALHA DE MANGUEIRA PNEUMATICA,0.20004974971046607
3229,FALHA MOTOR 325 DESARMADO,FALHA MOTOR 325 DESARMADO,DESARME DE MOTOR,FALHA DE MOTOR,FALHA DE MOTOR | DESARME DE MOTOR | FALHA DE IHM,0.2407283949690906
3232,TRP CX ENTRADA ESCAPANDO,TRP CX ENTRADA ESCAPANDO,FALHA DE TRANSPORTE DE CAIXAS,ESCAPE DE ESTEIRA,ESCAPE DE ESTEIRA | AMASSAMENTO DE LATAS | FALHA DE MOTOR,0.7001561270637262
3259,"FALHA NA INSERÇÃO DE LATA FALSA, ATRASO NO INICIO E FINAL DE CIP - 30008743679","FALHA NA INSERÇÃO DE LATA FALSA, ATRASO NO INICIO E FINAL DE CIP - 30008743679",FALHA DE PINCA,FALHA NO SISTEMA DE INSERCAO DE FALSA GARRAFA,FALHA NO SISTEMA DE INSERCAO DE FALSA GARRAFA | FALHA NA INSERCAO DE GARRAFAS FALSAS | FALHA DE ENCOSTO DE AGRUPAMENTO,0.14164814369241063
3276,CAPSULADOR NUMERO 5 TRAVO,CAPSULADOR NUMERO 5 TRAVO,TRAVAMENTO DO CAPSULADOR,FALHA DE TAMPAMENTO,FALHA DE TAMPAMENTO | TRAVAMENTO DO CAPSULADOR | TRAVAMENTO DE PINCA,0.269022741373907
3285,TOMBADOR DE PACOTES NAO ATUANDO,TOMBADOR DE PACOTES NAO ATUANDO,FALHA NO VIRADOR DE PACOTES,FALHA DE FREIO,FALHA DE FREIO | QUEDA DE PACOTES | ENROSCO DE PACOTES,0.07826552471642056
3301,AJUSTE NA POSIÇÃO DO CABO DE ENCHIMENTO,AJUSTE NA POSIÇÃO DO CABO DE ENCHIMENTO,FALHA DE ENCHIMENTO,SEM MODO DE FALHA IDENTIFICADO,SEM MODO DE FALHA IDENTIFICADO | FALHA DE CABO DE SEGURANCA | FALHA DE VALVULA DE ENCHIMENTO,0.14023480203427602
3322,TROCA DE UM TUBO DE AR TORTO E DUAS ABAS CONICAS DE OUTROS DOIS,TROCA DE UM TUBO DE AR TORTO E DUAS ABAS CONICAS DE OUTROS DOIS,DESALINHAMENTO MECANICO,FALHA DE ABA CONICA,FALHA DE ABA CONICA | FALHA DE TULIPA | DESALINHAMENTO DE EIXO,0.04579410436830933
3358,PINÇA DERRUBANDO GARRAFA (NO SISTEMA DE RESFRIAMENTO DE FUNDO DA GARRAFA),PINÇA DERRUBANDO GARRAFA (NO SISTEMA DE RESFRIAMENTO DE FUNDO DA GARRAFA),QUEDA DE GARRAFAS,FALHA DE PINCA,FALHA DE PINCA | FALHA NA REFRIGERACAO DE FUNDO | FALHA DE RESFRIAMENTO,0.23451833445145365
3391,QUEBRA DA ENGRENAGEM DO TRANSPORTE DA HEUFT,QUEBRA DA ENGRENAGEM DO TRANSPORTE DA HEUFT,QUEBRA DE ENGRENAGEM,FALHA DE ENGRENAGEM,FALHA DE ENGRENAGEM | QUEBRA DE EIXO | QUEBRA DE ENGRENAGEM,0.286732369766997
3401,AJUSTE DE PARAMETRO DA CENTRAGEM ESQUERDA FORA DE POSIÇÃO,AJUSTE DE PARAMETRO DA CENTRAGEM ESQUERDA FORA DE POSIÇÃO,DESALINHAMENTO MECANICO,SEM MODO DE FALHA IDENTIFICADO,SEM MODO DE FALHA IDENTIFICADO | DESALINHAMENTO DE AGREGADO | DESALINHAMENTO MECANICO,0.18413102956218896
3444,"TRANSPORTE DA FILTEC QUEBROU, ORDEM :30008768532","TRANSPORTE DA FILTEC QUEBROU, ORDEM :30008768532",QUEBRA DE TRANSPORTE,FALHA DE INSPECAO,FALHA DE INSPECAO | QUEBRA DE ESTEIRA | QUEBRA DE TRANSPORTE,0.12344948493132268
3453,NAS RETOMADAS ENCHEDORA ESTÁ PERDENDO PRESSÃO E GERANDO FALHA DE (FMC),NAS RETOMADAS ENCHEDORA ESTÁ PERDENDO PRESSÃO E GERANDO FALHA DE (FMC),FALHA DE PRESSAO,CRASH DE LATAS,CRASH DE LATAS | FALHA DE PRESSURIZACAO DA ENCHEDORA | FALHA DE ENCHIMENTO,0.29000295524340847
3457,"FILME ESTOURANDO DURANTE O ENVOLVIMENTO, DEVIDO ATRITO ENTRE ROLOS POR FOLGA DO ROLAMENTO (NOTA: 13299493)","FILME ESTOURANDO DURANTE O ENVOLVIMENTO, DEVIDO ATRITO ENTRE ROLOS POR FOLGA DO ROLAMENTO (NOTA: 13299493)",FALHA DE ROLAMENTO,ROMPIMENTO DE FILME,ROMPIMENTO DE FILME | FALHA DE ROLAMENTO | INTERFERENCIA MECANICA,0.05501422972617187
3459,INSERÇÃO DE LATAS FALSAS DE FORMA MANUAL,INSERÇÃO DE LATAS FALSAS DE FORMA MANUAL,FALHA NA INSERCAO DE LATAS FALSAS,FALHA NO SISTEMA DE INSERCAO DE FALSA GARRAFA,FALHA NO SISTEMA DE INSERCAO DE FALSA GARRAFA | INTERFERENCIA MECANICA | FALHA DE FIXACAO DA VALVULA,0.6005378871045499
3486,LONA DESLIZANDO,LONA DESLIZANDO,FALHA DE ESTEIRA,PATINAGEM DE ESTEIRA,PATINAGEM DE ESTEIRA | ROMPIMENTO DE ESTEIRA LONA | FALHA DE ESTEIRA,0.21941483753560342
3487,LONA FORA SE MOVENDO ORDEM (30008773877),LONA FORA SE MOVENDO ORDEM (30008773877),ESCAPE DE ESTEIRA,ROMPIMENTO DE ESTEIRA LONA,ROMPIMENTO DE ESTEIRA LONA | PERDA DE REFERENCIA DO PEGADOR DE CHAPATEX | PATINAGEM DE ESTEIRA,0.04416388260365045
3541,RÉGUA DE ENVOLVIMENTO SE PREDEU NO CICLO,RÉGUA DE ENVOLVIMENTO SE PREDEU NO CICLO,FALHA DE ENVOLVIMENTO,FALHA DE REGUA DE ENVOLVIMENTO,FALHA DE REGUA DE ENVOLVIMENTO | FALHA DE ENVOLVIMENTO | PERDA DE REFERENCIA DO PEGADOR DE CHAPATEX,0.6160398900773113
3542,"CHECK MATE CARTÃO CORROMPIDO, PERDEU CONFIGURAÇÃO","CHECK MATE CARTÃO CORROMPIDO, PERDEU CONFIGURAÇÃO",FALHA DE INSPECAO,PERDA DE REFERENCIA DO PEGADOR DE CHAPATEX,PERDA DE REFERENCIA DO PEGADOR DE CHAPATEX | FALHA DE INSPECAO | FALHA NO MANUSEIO DE CARTAO,0.02200543948143896
3543,LONA CORRENDO,LONA CORRENDO,ESCAPE DE ESTEIRA,PATINAGEM DE ESTEIRA,PATINAGEM DE ESTEIRA | ROMPIMENTO DE ESTEIRA LONA | FALHA DE ESTEIRA,0.17744777130114942
3554,VELOCIDADE ABAIXO DA NOMINAL DEVIDO COPALSO DAS LATAS,VELOCIDADE ABAIXO DA NOMINAL DEVIDO COPALSO DAS LATAS,COLAPSO DE LATAS,ENROSCO DE GARRAFAS,ENROSCO DE GARRAFAS | AMASSAMENTO DE LATAS | COLAPSO DE LATAS,0.01615649952649889
3563,TAMPA METALICA AMASSANDO DENTRO DO ARROLHADOR E CAUSANDO PARADA,TAMPA METALICA AMASSANDO DENTRO DO ARROLHADOR E CAUSANDO PARADA,AMASSAMENTO DE LATAS,ENROSCO DE TAMPAS,ENROSCO DE TAMPAS | AMASSAMENTO DE LATAS | FALHA DE TAMPAMENTO,0.15975996017884242
3582,ENCHEDORA DESARMOU,ENCHEDORA DESARMOU,DESARME DE EQUIPAMENTO,DESARME DE TRANSPORTE,DESARME DE TRANSPORTE | DESARME DE MOTOR | DESARME DE BOMBA,0.18150586507596134
3602,ESTEIRA DO TRENSPORTE DE CAIXAS DA CURVA DE ENTRADA DA PALETIZADORA SAINDO FORA DE POSIÇÃO,ESTEIRA DO TRENSPORTE DE CAIXAS DA CURVA DE ENTRADA DA PALETIZADORA SAINDO FORA DE POSIÇÃO,ESCAPE DE ESTEIRA,FALHA DE ESTEIRA,FALHA DE ESTEIRA | ESCAPE DE ESTEIRA | PATINS FORA DE POSICAO,0.46674784452775664
3632,GÁS BAIXO NA PARTIDA,GÁS BAIXO NA PARTIDA,FALHA DE CARBONATACAO,VAZAMENTO NO COLETOR COM GAS BAIXO,VAZAMENTO NO COLETOR COM GAS BAIXO | FALHA DE CONTROLE DE PROCESSO | FALHA DE CARBONATACAO,0.9719728989946046
3680,FALHA DE ENCHIMENTO,FALHA DE ENCHIMENTO,FALHA DE ENCHIMENTO,FALHA DE VALVULA DE ENCHIMENTO,FALHA DE VALVULA DE ENCHIMENTO | FALHA DE ENCHIMENTO | FALHA DE RESFRIAMENTO,0.15117569597857372
3696,FALHA NA ENTRADA DE PALETE PARA PALETIZADORA ORDEM 30008791652,FALHA NA ENTRADA DE PALETE PARA PALETIZADORA ORDEM 30008791652,FALHA DE FORMACAO DE CAMADA,TRAVAMENTO DE PALETE,TRAVAMENTO DE PALETE | FALHA DE ELEVADOR | FALHA DE ALIMENTACAO DE PACOTES,0.17466918437441925
3707,PARADA NO CHUTADOR DO INSPETOR DE NIVEL 30008792217,PARADA NO CHUTADOR DO INSPETOR DE NIVEL 30008792217,FALHA DE REJEICAO,FALHA DE INSPECAO,FALHA DE INSPECAO | FALHA DE ENCHIMENTO | FALHA DE REJEICAO,0.6395458172503239
3725,FALHA ELETRICA NO COLOCADOR DE CHAPATEX,FALHA ELETRICA NO COLOCADOR DE CHAPATEX,FALHA DO COLOCADOR DE CHAPATEX,FALHA DO COLOCADOR DE CARTAO,FALHA DO COLOCADOR DE CARTAO | FALHA ELETRICA DO TRANSPORTE | FALHA DO COLOCADOR DE CHAPATEX,0.47234523067166745
3763,ESTEIRA DESNIVELADA (30008795344),ESTEIRA DESNIVELADA (30008795344),DESNIVELAMENTO DE ESTEIRA,QUEBRA DE ESTEIRA,QUEBRA DE ESTEIRA | ESCAPE DE ESTEIRA | TRAVAMENTO DE ESTEIRA,0.017699954282195285
3772,FALHA NA BOMBA DE ENVIO DE CARBONATO PARA ESTAÇÃO,FALHA NA BOMBA DE ENVIO DE CARBONATO PARA ESTAÇÃO,FALHA DE CARBONATACAO,FALHA DE BOMBA,FALHA DE BOMBA | DESARME DE BOMBA | FALHA DE CARBONATACAO,0.06884779671716612
3799,"AJUSTE DO EXPULSADOR, ASSIM QUE DETECTADO GARRAFA COM NÍVEL BAIXO, ELE ABAIXAVA EXPULSAVA GARRAFA PORÉM BATIA NA GARRAFA DA FRENTE E CAUSAVA CRASH","AJUSTE DO EXPULSADOR, ASSIM QUE DETECTADO GARRAFA COM NÍVEL BAIXO, ELE ABAIXAVA EXPULSAVA GARRAFA PORÉM BATIA NA GARRAFA DA FRENTE E CAUSAVA CRASH",FALHA DE ENCHIMENTO,FALHA NO SENSOR EXPULSADOR,FALHA NO SENSOR EXPULSADOR | FALHA DE ENCHIMENTO | ENROSCO DE GARRAFAS,0.06039196131720037
3831,FALHAS CONSECUTIVAS DA VALVULA MODULARORA DE XAROPE DO MIXER,FALHAS CONSECUTIVAS DA VALVULA MODULARORA DE XAROPE DO MIXER,FALHA DE VALVULA MODULADORA,FALHA DE IHM,FALHA DE IHM | FALHA DE VALVULA DE XAROPE | FALHA DE VALVULA MODULADORA,0.010387474518681383
3837,"FALHA NO INSERIMENTO DE GARRAFAS FALSAS, CAUSANDO VAZAMENTO, REAPERTO DOS PARAFUSOS LATERAIS DA GARRAFA FALSA Nº31 / Nº36","FALHA NO INSERIMENTO DE GARRAFAS FALSAS, CAUSANDO VAZAMENTO, REAPERTO DOS PARAFUSOS LATERAIS DA GARRAFA FALSA Nº31 / Nº36",FALHA DE INSPECAO,VAZAMENTO EM TUBULACAO,VAZAMENTO EM TUBULACAO | FALHA DE INSPECAO | FALHA NA INSERCAO DE GARRAFAS FALSAS,0.2359977387317881
3838,MANIVELA DAS ESCOVAS DO TRANSPORTE DA PRESSCO FECHANDO COM A VIBRAÇÃO E SEGURANDO LATA,MANIVELA DAS ESCOVAS DO TRANSPORTE DA PRESSCO FECHANDO COM A VIBRAÇÃO E SEGURANDO LATA,FALHA DE INSPECAO,FALHA DE TWISTER,FALHA DE TWISTER | VIBRACAO DE ROBO | FALHA DE PORTA DE SEGURANCA,0.18421974755900028
3839,ESTEIRA DO FORNO PAROU,ESTEIRA DO FORNO PAROU,FALHA DE ESTEIRA,QUEBRA DE ESTEIRA,QUEBRA DE ESTEIRA | ESCAPE DE ESTEIRA | FALHA DE ESTEIRA,0.3097471803617867
3840,LATAS TOMBADA PASSANDO PELO EXPULSADOR E GERANDO CRASH NA ENTRADA DO SOPRADOR,LATAS TOMBADA PASSANDO PELO EXPULSADOR E GERANDO CRASH NA ENTRADA DO SOPRADOR,FALHA DE REJEICAO,DESARME DE EQUIPAMENTO,DESARME DE EQUIPAMENTO | FALHA NO SENSOR EXPULSADOR | CRASH DE LATAS,0.2755715140201883
3941,EXESSO DE REJEITOS DE LATAS BOAS (30008821889),EXESSO DE REJEITOS DE LATAS BOAS (30008821889),FALHA DE REJEICAO,FALHA DE ENCHIMENTO,FALHA DE ENCHIMENTO | SEM MODO DE FALHA IDENTIFICADO | QUEDA DE LATAS,0.3004135907028347
3986,"ENROSCO DE LATA NO TWISTER,PÓS HEUFT","ENROSCO DE LATA NO TWISTER,PÓS HEUFT",FALHA DE INSPECAO,ENROSCO DE LATAS,ENROSCO DE LATAS | FALHA DE INSPECAO | FALHA DE ENCHIMENTO,0.30535597698141326
4059,"ENCHEDORA NÃO RECINHECENDO O PULSO DA RECEITA DE 200ML, PULSO FICOU EM 2000ML","ENCHEDORA NÃO RECINHECENDO O PULSO DA RECEITA DE 200ML, PULSO FICOU EM 2000ML",FALHA DE LEITURA,FALHA DE PARAMETRIZACAO DE RECEITA,FALHA DE PARAMETRIZACAO DE RECEITA | FALHA NO CARREGAMENTO DE RECEITA | FALHA DE CIP,0.4764618208432504
4076,"FALHA NA AUTOMAÇÃO DO TRANSPORTE ,CAUSANDO FALÇO REJEITO NO INPETOR DE CAIXA CHEIA","FALHA NA AUTOMAÇÃO DO TRANSPORTE ,CAUSANDO FALÇO REJEITO NO INPETOR DE CAIXA CHEIA",FALHA DE AUTOMACAO,FALHA DE REJEICAO,FALHA DE REJEICAO | FALHA DE AUTOMACAO | FALHA DE ROTULAGEM,1.1537809062290791
4136,SOLTANDO CARTÃO NO FINAL DO PALLET,SOLTANDO CARTÃO NO FINAL DO PALLET,FALHA NO MANUSEIO DE CARTAO,FALHA DE ENCOSTO DE AGRUPAMENTO,FALHA DE ENCOSTO DE AGRUPAMENTO | FALHA NA TROCA DE PALETE DE CARTAO | FALHA NA DESCARGA DE PALETE,0.14981211302599134
4139,"CODIFICAÇÃO ILEGIVEL, MANGUEIRA DE AR FURADA.30008838215","CODIFICAÇÃO ILEGIVEL, MANGUEIRA DE AR FURADA.30008838215",ROMPIMENTO DE MANGUEIRA DE AR,FALHA DE CODIFICACAO,FALHA DE CODIFICACAO | ROMPIMENTO DE MANGUEIRA DE AR | FALHA DE CONEXAO DE MANGUEIRA,0.12523808945137704
4192,TROCA DO BORNE DA PINÇA NUMERO 12 DO RINSER 30008840594,TROCA DO BORNE DA PINÇA NUMERO 12 DO RINSER 30008840594,FALHA DE PINCA,TRAVAMENTO DE PINCA,TRAVAMENTO DE PINCA | FALHA DE PINCA | SEM MODO DE FALHA IDENTIFICADO,0.066015641800236
4213,FALHA DE ACUMULO ESTEIRA EMBORRACHADA ENTRADA DEVIDER,FALHA DE ACUMULO ESTEIRA EMBORRACHADA ENTRADA DEVIDER,FALHA DE ESTEIRA,DESARME DE MOTOR,DESARME DE MOTOR | FALHA DE ACUMULO NO TRANSPORTE | ESCAPE DE ESTEIRA,0.32845598486770133
4234,FALHA ELETRICA NOTRASPORTE DE SAIDA DA LAVADORA,FALHA ELETRICA NOTRASPORTE DE SAIDA DA LAVADORA,FALHA ELETRICA DO TRANSPORTE,FALHA DE TRANSPORTE,FALHA DE TRANSPORTE | DESARME TRANSPORTE | FALHA ELETRICA SEM COMPONENTE IDENTIFICADO,0.08635818482434421
4244,"AJUSTE POS SETUP DA REGUA ULTRASSONICA, GARRAFAS TOMBANDO E PRENDENDO NA REGUA","AJUSTE POS SETUP DA REGUA ULTRASSONICA, GARRAFAS TOMBANDO E PRENDENDO NA REGUA",SEM MODO DE FALHA IDENTIFICADO,FALHA NO SUPRIMENTO DE AGUA,FALHA NO SUPRIMENTO DE AGUA | ENROSCO DE GARRAFAS | QUEDA DE GARRAFAS,0.016991838643415358
4253,"FALHA NO DESPARO,LIMPEZA.NOTA 30008852405","FALHA NO DESPARO,LIMPEZA.NOTA 30008852405",FALHA DE CODIFICACAO,DESPRENDIMENTO DO PISTAO DE TRAVAMENTO,DESPRENDIMENTO DO PISTAO DE TRAVAMENTO | FALHA DE PINCA | ENROSCO DE GARRAFAS,0.1037278760282091
4323,"ROBO SOLTOU CARTÃO NO MEIO DO TRAJETO, CAIU NA FRENTE DA BARREIRA, MAQUINA SE PERDEU NOS CICLOS AUTOMATICOS","ROBO SOLTOU CARTÃO NO MEIO DO TRAJETO, CAIU NA FRENTE DA BARREIRA, MAQUINA SE PERDEU NOS CICLOS AUTOMATICOS",FALHA DO COLOCADOR DE CARTAO,FALHA DE BARREIRA,FALHA DE BARREIRA | FALHA DE ROBO | FALHA DE FIXACAO,0.012193628856241534
4332,FALHA NA GARRAFA TESTE NUMERO 13 ( 30008862120 NOTA 13375889 ),FALHA NA GARRAFA TESTE NUMERO 13 ( 30008862120 NOTA 13375889 ),FALHA DE LEITURA DA GARRAFA TESTE,SEM MODO DE FALHA IDENTIFICADO,SEM MODO DE FALHA IDENTIFICADO | FALHA DE LEITURA DA GARRAFA TESTE | FALSO REJEITO,0.10155857505393506
4378,SAINDO PACOTES COM A JANELA ABERTA ALEATORIAMENTE,SAINDO PACOTES COM A JANELA ABERTA ALEATORIAMENTE,FALHA DE ENVOLVIMENTO,FALHA DE FORMACAO DE PACOTE,FALHA DE FORMACAO DE PACOTE | FALSO ALARME DE REJEITO OBSTRUIDO | FALHA DE PORTA DE SEGURANCA,0.13470156818582624
4418,INSPETOR DE LÍQUIDO SAÍDA DESCAPSULADOR TIRANDO GARRAFAS BOAS,INSPETOR DE LÍQUIDO SAÍDA DESCAPSULADOR TIRANDO GARRAFAS BOAS,FALSO REJEITO,FALHA DE DESCAPSULAMENTO,FALHA DE DESCAPSULAMENTO | FALHA DE INSPECAO | TREPIDACAO DE LATAS,0.015015946333543306
4421,TRAVAMENTO GARRAFA NA BANDEIROLA SAIDA DA LAVADORA,TRAVAMENTO GARRAFA NA BANDEIROLA SAIDA DA LAVADORA,ENROSCO DE GARRAFAS,TRAVAMENTO DE GARRAFAS NA SAIDA DA LAVADORA,TRAVAMENTO DE GARRAFAS NA SAIDA DA LAVADORA | DEFORMACAO DE EIXO | QUEBRA DE EIXO,1.0272664947645995
4467,TRAVANDO GARRAFA SAIDA NA BANDEIROLA.,TRAVANDO GARRAFA SAIDA NA BANDEIROLA.,ENROSCO DE GARRAFAS,TRAVAMENTO DE ELEVADOR,TRAVAMENTO DE ELEVADOR | QUEBRA DE EIXO | TRAVAMENTO DE ESTEIRA,0.025634331720997272
4483,FALHA DE ENCHIMENTO,FALHA DE ENCHIMENTO,FALHA DE ENCHIMENTO,FALHA DE VALVULA DE ENCHIMENTO,FALHA DE VALVULA DE ENCHIMENTO | FALHA DE ENCHIMENTO | FALHA DE RESFRIAMENTO,0.15117569597857372
