expected,predicted,count,expected_support,predicted_support,potential_taxonomy_overlap,example_observations
FALHA DE MAGAZINE,FALHA DE ELEVADOR,11,53,26,NO_RECORDED_RELATION,"MAGAZINE DE PALETE QUEBRADO ,TIRANDO OS PALETE EM MANUAL, GERANDO FALHA NO ELEVADOR..ORDEM (30008425473) || MAGAZINE DE PALETE QUEBRADO ,TIRANDO OS PALETE EM MANUAL, GERANDO FALHA NO ELEVADOR..ORDEM (30008425473) || MAGAZINE DE PALETE QUEBRADO ,TIRANDO OS PALETE EM MANUAL, GERANDO FALHA NO ELEVADOR..ORDEM (30008425473)"
ENROSCO DE ROTULOS,FALHA DE ROTULAGEM,3,10,12,NO_RECORDED_RELATION,"ENROSCO DE ROTULO,FALHA NA APLICAÇÃO DO ROTULO || ENROSCO DE ROTULO,FALHA NA APLICAÇÃO DO ROTULO || ENROSCO DE ROTULO,FALHA NA APLICAÇÃO DO ROTULO"
FALHA DE ACUMULO NO TRANSPORTE,FALHA DE SINCRONISMO,3,8,40,NO_RECORDED_RELATION,SENSORES DE ACUMULO DO TRANSPORTE FORA DE SINCRONISMO COM ENCHEDORA NÃO PARANDO NO MOMENTO CORRETO 30008299301 || SENSORES DE ACUMULO DO TRANSPORTE FORA DE SINCRONISMO COM ENCHEDORA NÃO PARANDO NO MOMENTO CORRETO 30008299301 || SENSORES DE ACUMULO DO TRANSPORTE FORA DE SINCRONISMO COM ENCHEDORA NÃO PARANDO NO MOMENTO CORRETO 30008299301
SEM MODO DE FALHA IDENTIFICADO,FALHA DE ENVOLVIMENTO,3,69,50,NO_RECORDED_RELATION,FALHA NO ENVOLVIMENTO DE PACOTES || FALHA NO ENVOLVIMENTO DE PACOTES || FALHA NO ENVOLVIMENTO DE PACOTES
ENROSCO DE LATAS,DESARME DE EQUIPAMENTO,2,18,2,NO_RECORDED_RELATION,LATAS TOMBANDO NA SAIDA DO SOPRADOR ÁPOS ALINHADOR 30008310615 || LATAS TOMBANDO NA SAIDA DO SOPRADOR ÁPOS ALINHADOR 30008310615
FALHA DE ALIMENTACAO DE TAMPAS,FALHA DE VIBRADOR,2,16,7,NO_RECORDED_RELATION,FALTA DE TAMPA NA TOLVA / VIBRADOR EM FALHA || FALTA DE TAMPA NA TOLVA/ VIBRADOR EM FALHA
FALHA DE COMUNICACAO,QUEIMA DA PLACA DEVICENET,2,52,1,NO_RECORDED_RELATION,QUEIMA DA PLACA ELETRÔNICA DE REDE. 30008275571 || QUEIMA DA PLACA ELETRÔNICA DE REDE. 30008275571
FALHA DE ELO DE ESTEIRA,QUEBRA DE ESTEIRA,2,6,63,NO_RECORDED_RELATION,AJUSTE DE VELOCIDADE DA ESTEIRA DO TAPETE DE SAÍDA ORDEM 30008479760 || AJUSTE DE VELOCIDADE DA ESTEIRA DO TAPETE DE SAÍDA ORDEM 30008479760
FALHA DE ROTULAGEM,ENROSCO DE ROTULOS,2,12,10,NO_RECORDED_RELATION,FALHA NA TROCA DE ROTULOS PARA ESPONJA TROCA DE HASTE 30008367061 || FALHA NA TROCA DE ROTULOS PARA ESPONJA TROCA DE HASTE 30008367061
FALHA DE TRACAO GUIAMENTO DE FILME,FALHA DE CORTE DE FILME,2,10,41,NO_RECORDED_RELATION,"FILME NÃO ESTAVA SENDO PUXADO PARA O ROLO EMBORRACHADO , NOTA 30008478927 || FILME NÃO ESTAVA SENDO PUXADO PARA O ROLO EMBORRACHADO , NOTA 30008478927"
PATINS FORA DE POSICAO,QUEDA DE PACOTES,2,6,2,NO_RECORDED_RELATION,PATIM FORA DA GUIA OCASIONANDO FALHA NO DIRECIONAMENTO DOS PACOTES. (13085183) || PATIM FORA DA GUIA OCASIONANDO FALHA NO DIRECIONAMENTO DOS PACOTES. (13085183)
QUEBRA DE COMPONENTE,FALHA DE SENSOR,2,18,283,NO_RECORDED_RELATION,CABO DOS SENSORES DE SEGURANÇA ROMPIDO || CABO DOS SENSORES DE SEGURANÇA ROMPIDO
QUEDA DE LATAS,DEFORMACAO DESALINHAMENTO DE GUIA,2,22,8,NO_RECORDED_RELATION,"FALTA DE GUIA CAUSANDO QUEDA DE LATA, FOI COLOCADO UM GUIA PROVISÓRIA PORÉM MÓVEL || FALTA DE GUIA CAUSANDO QUEDA DE LATA, FOI COLOCADO UM GUIA PROVISÓRIA PORÉM MÓVEL"
QUEDA DE LATAS,ROMPIMENTO DE FILME,2,22,19,NO_RECORDED_RELATION,FALHA DE ENVOLVIMENTO E QUEDA DE LATAS 30008320911 || FALHA DE ENVOLVIMENTO E QUEDA DE LATAS 30008320911
SEM MODO DE FALHA IDENTIFICADO,FALHA DE ENCHIMENTO,2,69,95,NO_RECORDED_RELATION,"AR PREVIO ACIONANDO 41 E 42 E ENCHENDO A CABEÇA SEMPRE QUE TEM ALGUMA PARADA DE LINHA, AJUSTE NIVEL DO RECIPIENTE 30008163048 || AJUSTE DE PARAMETROS ESTAVA EXPULSANDO LATAS COM NIVEL BOM (30008701534)"
TRAVAMENTO DE ROBO,FALHA DE ROBO,2,7,23,NO_RECORDED_RELATION,ROBO COM TREPIDAÇÃO/TRAVANDO CAPACIDADE DE PRODUÇÃO REDUZIDA DO ROBO.DEVIDO A QUEDA DE PACOTES (4 VEZES SEGUIDA) || ROBO COM TREPIDAÇÃO/TRAVANDO CAPACIDADE DE PRODUÇÃO REDUZIDA DO ROBO.DEVIDO A QUEDA DE PACOTES (4 VEZES SEGUIDA)
AMASSAMENTO DE LATAS,ENROSCO DE TAMPAS,1,9,44,NO_RECORDED_RELATION,TAMPA METALICA AMASSANDO DENTRO DO ARROLHADOR E CAUSANDO PARADA
ATUACAO QUEIMA DE FUSIVEL,FALHA DE BARREIRA,1,1,31,NO_RECORDED_RELATION,QUEIMA DO FUSÌVEL DA BARREIRA
COLAPSO DE LATAS,AMASSAMENTO DE LATAS,1,6,9,NO_RECORDED_RELATION,VELOCIDADE ABAIXO DA NOMINAL DEVIDO COPALSO DAS LATAS
CRASH DE GARRAFAS,FALHA DE REJEICAO,1,6,69,NO_RECORDED_RELATION,"EXCESSO DE FALÇO REJEITO,EXPULSANDO GARRAFAS BOAS,CAUSANDO CRASH DE GARRAFAS"
CURTO CIRCUITO,FALHA DE SENSOR,1,9,283,NO_RECORDED_RELATION,SENSOR ENVOLVEDORA EM CURTO
DEFORMACAO DESALINHAMENTO DE GUIA,DESALINHAMENTO DE GUIA,1,8,7,GENERIC_SPECIFIC,"GUIA TORTO, CAINDO GARRAFA ENTRADA DA LAVADORA.ORDEM 30008437731"
DEFORMACAO DESALINHAMENTO DE GUIA,FALHA DE TAMPAMENTO,1,8,12,NO_RECORDED_RELATION,"GUIA SUPERIOR E ESTRELA DO CAPSULADOR DESAJUSTADA, OCASIONANDO AS TAMPAS AMASSADAS ORDEM: 30008374149"
DESALINHAMENTO DE AGREGADO,ENROSCO DE ROTULOS,1,5,10,NO_RECORDED_RELATION,"ENROSCO DE ROTULO, ( FOI FEITO TANGENCIAMENTO)"
DESALINHAMENTO DE EIXO,QUEBRA DE EIXO,1,2,12,NO_RECORDED_RELATION,EIXO DA BANDEIROLA DANIFICADO E TORTO : NOTA :13271473
DESALINHAMENTO MECANICO,FALHA DE ABA CONICA,1,7,5,NO_RECORDED_RELATION,TROCA DE UM TUBO DE AR TORTO E DUAS ABAS CONICAS DE OUTROS DOIS
DESALINHAMENTO MECANICO,SEM MODO DE FALHA IDENTIFICADO,1,7,69,NO_RECORDED_RELATION,AJUSTE DE PARAMETRO DA CENTRAGEM ESQUERDA FORA DE POSIÇÃO
DESARME DE DISJUNTOR,DESARME DE TRANSPORTE,1,1,12,NO_RECORDED_RELATION,"(30008489553) FORNO EM ALARME, DESARMOU O DIJUNTOR"
DESARME DE EQUIPAMENTO,DESARME DE TRANSPORTE,1,2,12,NO_RECORDED_RELATION,ENCHEDORA DESARMOU
DESARME DE ESTEIRA,QUEBRA DE ESTEIRA,1,1,63,NO_RECORDED_RELATION,DESARME DA ESTEIRA DE SAIDA DA ENCAIXOTADORA.
DESARME DE MOTOR,FALHA DE MOTOR,1,19,49,NO_RECORDED_RELATION,FALHA MOTOR 325 DESARMADO
DESNIVELAMENTO DE ESTEIRA,QUEBRA DE ESTEIRA,1,2,63,NO_RECORDED_RELATION,ESTEIRA DESNIVELADA (30008795344)
ENROSCO DE GARRAFAS,QUEDA DE GARRAFAS,1,29,63,NO_RECORDED_RELATION,CELULA TORTAS OCASIONANDO ENROSCO E QUEDA DE GARRAFAS NA SAIDA DA LAVADORA
ENROSCO DE GARRAFAS,TRAVAMENTO DE GARRAFAS NA SAIDA DA LAVADORA,1,29,1,NO_RECORDED_RELATION,TRAVAMENTO GARRAFA NA BANDEIROLA SAIDA DA LAVADORA
ENROSCO DE LATAS,ENROSCO DE PACOTES,1,18,29,RELATED_NOT_EQUIVALENT,DEVAISER TRIPIDANDO OCASIOANDO ENROSCO DE PACOTES FALHA NA FORMAÇÃO DE CAMADAS E ESTOURO DE LATAS ( ORDEM - 30008442119)
ENROSCO DE LATAS,FALHA DE REJEICAO,1,18,69,NO_RECORDED_RELATION,"LATA SENDO REJEITADA E CAINDO NA REJEIÇÃO, ENROSCANDO NO TRANSPORTE E FALNTANDO LATA PARA ENCHEDORA"
ENROSCO DE TAMPAS,ENROSCO DE PACOTES,1,44,29,NO_RECORDED_RELATION,ENROSCO DE LACRE
ENTUPIMENTO,QUEBRA DE COMPONENTE,1,1,18,NO_RECORDED_RELATION,BICO DO GÁS 1 OBSTRUIDO
ESCAPE DE ESTEIRA,FALHA DE ESTEIRA,1,73,26,NO_RECORDED_RELATION,ESTEIRA DO TRENSPORTE DE CAIXAS DA CURVA DE ENTRADA DA PALETIZADORA SAINDO FORA DE POSIÇÃO
ESCAPE DE ESTEIRA,PATINAGEM DE ESTEIRA,1,73,14,NO_RECORDED_RELATION,LONA CORRENDO
ESCAPE DE ESTEIRA,QUEDA DE GARRAFAS,1,73,63,NO_RECORDED_RELATION,NYLON DA ESTEIRA DO TRANSPORTE DE SAIDA DA LAVADORA SAIU FORA DE POSIÇÃO OCASIONADO QUEDA DE GARRAFAS NA SAIDA
ESCAPE DE ESTEIRA,ROMPIMENTO DE ESTEIRA LONA,1,73,1,NO_RECORDED_RELATION,LONA FORA SE MOVENDO ORDEM (30008773877)
FALHA DE ALIMENTACAO DE GARRAFAS,FALHA DE SENSOR,1,6,283,NO_RECORDED_RELATION,"PROBLEMA NO SENSORES ,FALTANDO GARRAFAS PARA A ENTRADA DA ENCHEDORA."
FALHA DE ATUADOR,QUEBRA DE ATUADOR,1,1,6,NO_RECORDED_RELATION,TROCA DA ROLDANA DO PISTÃO Nº 01
FALHA DE AUTOMACAO,FALHA DE REJEICAO,1,11,69,NO_RECORDED_RELATION,"FALHA NA AUTOMAÇÃO DO TRANSPORTE ,CAUSANDO FALÇO REJEITO NO INPETOR DE CAIXA CHEIA"
FALHA DE CALIBRACAO,SEM MODO DE FALHA IDENTIFICADO,1,1,69,NO_RECORDED_RELATION,FALHA NA CALIBRAÇÃO
FALHA DE CAMERA,FALHA DE ROTULAGEM,1,2,12,NO_RECORDED_RELATION,"FALHA CHECKMATE NA SAIDA DA ROTULADORA, FOI REALIZADO O AJUSTE DA POSIÇÃO DE DISPARO DA CAMERA"
FALHA DE CARBONATACAO,FALHA DE BOMBA,1,6,15,NO_RECORDED_RELATION,FALHA NA BOMBA DE ENVIO DE CARBONATO PARA ESTAÇÃO
FALHA DE CARBONATACAO,FALHA DE CONTROLE DE PROCESSO,1,6,13,NO_RECORDED_RELATION,GÁS BAIXO NA PARTIDA
FALHA DE CODIFICACAO,FALHA DE INVERSOR,1,45,69,NO_RECORDED_RELATION,"FALHA NO DESPARO,LIMPEZA.NOTA 30008852405"
FALHA DE COMPACTACAO DE CAMADA,FALHA NO MANUSEIO DE CARTAO,1,7,20,NO_RECORDED_RELATION,"COMPACTADOR DE CARTÃO PARANDO FORA DE POSIÇÃO, VOLTANDO PARA POSIÇÃO MANUALMENTE"
FALHA DE CONTAGEM,FALHA NA PEGADA DE CAMADA,1,8,14,NO_RECORDED_RELATION,"PALETIZADORA PEGANDO CAIXA A MENOS, PERDEU A CONTAGEM"
FALHA DE CORREIA,FALHA DE ENVOLVIMENTO,1,10,50,NO_RECORDED_RELATION,FALHA NA CORREIA DE ENVOLVIMENTO DOS PACOTES ( ORDEM - 30008258313 )
FALHA DE CORRENTE,QUEDA DE GARRAFAS,1,1,63,NO_RECORDED_RELATION,CORRENTE DE ARRASTE COM FOLGA CAUSANDO QUEDA DE GARRAFA
FALHA DE CORTE DE FILME,FALHA DE ENVOLVIMENTO,1,41,50,NO_RECORDED_RELATION,"FALHA DE ENVOLVIMENTO, SISTEMA DE EMBREAGEM DOS ROLOS/FACA COM FALHA"
FALHA DE ELO DE ESTEIRA,FALHA DE ESTEIRA,1,6,26,GENERIC_SPECIFIC,ALTERAÇÃO DE PARÂMETROS DE VELOCIDADE DA ESTEIRA E PINO DE SEPARAÇÃO
FALHA DE ENCHIMENTO,ENROSCO DE GARRAFAS,1,95,29,NO_RECORDED_RELATION,"AJUSTE DO EXPULSADOR, ASSIM QUE DETECTADO GARRAFA COM NÍVEL BAIXO, ELE ABAIXAVA EXPULSAVA GARRAFA PORÉM BATIA NA GARRAFA DA FRENTE E CAUSAVA CRASH"
FALHA DE ENCHIMENTO,FALHA DE VALVULA DE ENCHIMENTO,1,95,120,GENERIC_SPECIFIC,FALHAS DE ENCHIMENTO NAS PARTIDAS DA ENCHEDORA
FALHA DE ENCHIMENTO,GARRAFAS TORTAS NA SAIDA DO RINSER,1,95,1,NO_RECORDED_RELATION,"RINSER ENTREGANDO GARRAFAS TORTAS GERANDO ENROSCO NA ET RELA DE TRANSFERÊNCIA,OCASIONANDO ENCHIMENTO DA CABEÇA"
FALHA DE ENCHIMENTO,SEM MODO DE FALHA IDENTIFICADO,1,95,69,NO_RECORDED_RELATION,AJUSTE NA POSIÇÃO DO CABO DE ENCHIMENTO
FALHA DE ENVOLVIMENTO,FALHA DE FORMACAO DE CAMADA,1,50,31,NO_RECORDED_RELATION,QUEDA DE LATA NO SISTEMA DE ENVOLVIMENTO.PACOTE ABERTO GERANDO FALHA DE FORMAÇÃO DE CAMADA NA PALETIZADORA.
FALHA DE ENVOLVIMENTO,FALHA DE REGUA DE ENVOLVIMENTO,1,50,7,GENERIC_SPECIFIC,RÉGUA DE ENVOLVIMENTO SE PREDEU NO CICLO
FALHA DE ENVOLVIMENTO,FALSO ALARME DE REJEITO OBSTRUIDO,1,50,1,NO_RECORDED_RELATION,SAINDO PACOTES COM A JANELA ABERTA ALEATORIAMENTE
FALHA DE ESTEIRA,ESCAPE DE ESTEIRA,1,26,73,NO_RECORDED_RELATION,FALHA DE ACUMULO ESTEIRA EMBORRACHADA ENTRADA DEVIDER
FALHA DE ESTEIRA,PATINAGEM DE ESTEIRA,1,26,14,NO_RECORDED_RELATION,LONA DESLIZANDO
FALHA DE ESTEIRA,QUEBRA DE ESTEIRA,1,26,63,NO_RECORDED_RELATION,ESTEIRA DO FORNO PAROU
FALHA DE ESTEIRA,QUEDA DE GARRAFAS,1,26,63,NO_RECORDED_RELATION,"QUEDA DE GARRAFA NO TRANS, TAPETE DE SAIDA"
FALHA DE FACA,FALHA DE CORTE DE FILME,1,1,41,NO_RECORDED_RELATION,TROCA DA FACA
FALHA DE FIXACAO,DESALINHAMENTO DE GUIA,1,20,7,NO_RECORDED_RELATION,REAPERTO DOS PARAFUSOS DE FIXACAO DOS GUIA DE COMPACTACAO ( ORDEM 30008439312)
FALHA DE FIXACAO,VAZAMENTO EM TUBULACAO,1,20,1,NO_RECORDED_RELATION,"REAPERTO PARAFUSOS DO SUPORTE DO CENTRADOR DE PACOTES ,FARMAÇAO DE CAMADAS 30008686087"
FALHA DE FORMACAO DE CAMADA,FALHA DE MANGUEIRA PNEUMATICA,1,31,2,NO_RECORDED_RELATION,"MANGUEIRA DO CENTRADOR DE PACOTES DANIFICADA, OCASIONANDO EM MÁ FORMAÇÃO DE CAMADAS"
FALHA DE FORMACAO DE CAMADA,TRAVAMENTO DE PALETE,1,31,7,NO_RECORDED_RELATION,FALHA NA ENTRADA DE PALETE PARA PALETIZADORA ORDEM 30008791652
FALHA DE GUIA,ENROSCO DE GARRAFAS,1,13,29,NO_RECORDED_RELATION,"QUEBRA DO GUIA DE SEPARAÇÃO DE GARRAFAS DE ENTRADA DA EMPACOTADORA , NOTA 30008583428"
FALHA DE GUIA,TRAVAMENTO DE TRANSPORTE,1,13,13,NO_RECORDED_RELATION,TRANSPORTE DO VIRADOR DE CAIXA NOTA30008409981
FALHA DE INSPECAO,FALHA DE CONTROLE DE PROCESSO,1,71,13,NO_RECORDED_RELATION,RECUPERAÇÃO DE ENVASE DEVIDO PARADA DO ENOS FALHA CRITICA RUIDO AUTO CANAL 1 ( 30008257602 )
FALHA DE INSPECAO,FALHA NO MANUSEIO DE CARTAO,1,71,20,NO_RECORDED_RELATION,"CHECK MATE CARTÃO CORROMPIDO, PERDEU CONFIGURAÇÃO"
FALHA DE INSPECAO,TRAVAMENTO DE TRANSPORTE,1,71,13,NO_RECORDED_RELATION,MANIVELA DAS ESCOVAS DO TRANSPORTE DA PRESSCO FECHANDO COM A VIBRAÇÃO E SEGURANDO LATA
FALHA DE JATOS DE ENXAGUE,FALHA DE PRESSAO DOS JATOS,1,1,4,NO_RECORDED_RELATION,FALHA NO JATO FINAIS.
FALHA DE LEITURA,FALHA DE PARAMETRIZACAO DE RECEITA,1,1,1,NO_RECORDED_RELATION,"ENCHEDORA NÃO RECINHECENDO O PULSO DA RECEITA DE 200ML, PULSO FICOU EM 2000ML"
FALHA DE LEITURA DA GARRAFA TESTE,SEM MODO DE FALHA IDENTIFICADO,1,1,69,NO_RECORDED_RELATION,FALHA NA GARRAFA TESTE NUMERO 13 ( 30008862120 NOTA 13375889 )
FALHA DE MANGUEIRA,FALHA DE CONEXAO DE MANGUEIRA,1,1,6,GENERIC_SPECIFIC,TROCA DE MANGUEIRA
FALHA DE MANGUEIRA PNEUMATICA,FALHA DE CONEXAO DE MANGUEIRA,1,2,6,NO_RECORDED_RELATION,TROCA DE MANGUEIRA DE AR
FALHA DE MISTURA,FALHA DE MIXER,1,1,1,NO_RECORDED_RELATION,ATRASO NO CIP DURANTE 5 ETAPAS CCKSZ - FALHA NO MIXER
FALHA DE NOBREAK,FALHA DE ALIMENTACAO ELETRICA,1,1,1,NO_RECORDED_RELATION,"FALHA NOBREAK, FALTOU ENERGIA EQTO"
FALHA DE PEGADOR,FALHA NA PEGA DE GARRAFAS,1,19,1,NO_RECORDED_RELATION,"FALHA NA PEGA DE GARRAFAS ,"
FALHA DE PINCA,FALHA NA INSERCAO DE LATAS FALSAS,1,36,1,NO_RECORDED_RELATION,"FALHA NA INSERÇÃO DE LATA FALSA, ATRASO NO INICIO E FINAL DE CIP - 30008743679"
FALHA DE PINCA,TRAVAMENTO DE PINCA,1,36,1,NO_RECORDED_RELATION,TROCA DO BORNE DA PINÇA NUMERO 12 DO RINSER 30008840594
FALHA DE PLACA ELETRONICA,FALHA ELETRICA DO TRANSPORTE,1,1,1,NO_RECORDED_RELATION,FALHA ELETRICA - QUEIMA PLACA
FALHA DE PRESSAO,FALHA DE PRESSURIZACAO DA ENCHEDORA,1,1,1,NO_RECORDED_RELATION,NAS RETOMADAS ENCHEDORA ESTÁ PERDENDO PRESSÃO E GERANDO FALHA DE (FMC)
FALHA DE PRESSURIZACAO DA ENCHEDORA,FALHA DE CABECOTE,1,1,1,NO_RECORDED_RELATION,FALHA PRESSÃO NO CABEÇOTE DA ENCHEDORA ORDEM 30008291471
FALHA DE REJEICAO,CRASH DE LATAS,1,69,2,NO_RECORDED_RELATION,LATAS TOMBADA PASSANDO PELO EXPULSADOR E GERANDO CRASH NA ENTRADA DO SOPRADOR
FALHA DE REJEICAO,FALHA DE ENCHIMENTO,1,69,95,NO_RECORDED_RELATION,EXESSO DE REJEITOS DE LATAS BOAS (30008821889)
FALHA DE REJEICAO,FALHA DE INSPECAO,1,69,71,NO_RECORDED_RELATION,PARADA NO CHUTADOR DO INSPETOR DE NIVEL 30008792217
FALHA DE ROLAMENTO,ROMPIMENTO DE FILME,1,9,19,NO_RECORDED_RELATION,"FILME ESTOURANDO DURANTE O ENVOLVIMENTO, DEVIDO ATRITO ENTRE ROLOS POR FOLGA DO ROLAMENTO (NOTA: 13299493)"
FALHA DE SENSOR,FALHA DE COMUNICACAO,1,283,52,NO_RECORDED_RELATION,FALHA COMUNICAÇÃO NA SAIDA DA LAVADORA ORDEM: 30008427069
FALHA DE SENSOR,FALHA DE ENCHIMENTO,1,283,95,NO_RECORDED_RELATION,NIVEL BAIXO DE BEBIDA NO RESERVATÓRIO DO DESAERADOR DEVIDO SENSOR DE NÍVEL EM FALHA
FALHA DE SENSOR,FALHA DE REJEICAO,1,283,69,NO_RECORDED_RELATION,REJEITO ESTOURANDO LATAS E SUJANDO SENSORES (30008369764)
FALHA DE SINCRONISMO,FALHA DE CORTE DE FILME,1,40,41,NO_RECORDED_RELATION,FALHA DE SINCRONISMO DO FILME
FALHA DE SUPRIMENTO DE AR COMPRIMIDO,FALHA NO VIRADOR DE PACOTES,1,7,1,NO_RECORDED_RELATION,FALTA DE AR NO VIRADOR DE PACOTES
FALHA DE TAMPAMENTO,QUEBRA DE ANEL O RING,1,12,1,NO_RECORDED_RELATION,TROCA DO ANEL E DAS ESFERA DO BOCAL Nº08 ORDEM 30008296097
FALHA DE TRANSPORTE DE CAIXAS,AMASSAMENTO DE LATAS,1,2,9,NO_RECORDED_RELATION,TRP CX ENTRADA ESCAPANDO
FALHA DE TRANSPORTE DE PALETES,FALHA DE BARREIRA,1,1,31,NO_RECORDED_RELATION,FALHA NO TRANSPORTE DE PALETES 8241859
FALHA DE TWISTER,QUEDA DE LATAS,1,4,22,NO_RECORDED_RELATION,TWISTER DE SAIDA DA FILTEC DERRUBANDO LATAS PARA A ENTRADA DA EMPACOTADORA
FALHA DE VALVULA,FALHA DE SINCRONISMO,1,40,40,NO_RECORDED_RELATION,"GARRAFA ENTRANDO TORTA E CAINDO NAS VALVULAS, REALIZADO SINCRONISMO E PONTO ZERO"
FALHA DE VALVULA,SEM MODO DE FALHA IDENTIFICADO,1,40,69,NO_RECORDED_RELATION,"BORBOLETA NUMERO 50 RUIM , NOTA 30008580559"
FALHA DE VALVULA DE NITROGENIO,FALHA NO DOSADOR DE NITROGENIO,1,1,5,NO_RECORDED_RELATION,INSTALACAO DA VALVULA DE DOSADOR DE NITROGENIO
FALHA DE VALVULA MODULADORA,FALHA DE VALVULA DE XAROPE,1,12,1,NO_RECORDED_RELATION,FALHAS CONSECUTIVAS DA VALVULA MODULARORA DE XAROPE DO MIXER
FALHA DO COLOCADOR DE CARTAO,FALHA DE ROBO,1,1,23,NO_RECORDED_RELATION,"ROBO SOLTOU CARTÃO NO MEIO DO TRAJETO, CAIU NA FRENTE DA BARREIRA, MAQUINA SE PERDEU NOS CICLOS AUTOMATICOS"
FALHA DO COLOCADOR DE CHAPATEX,FALHA DO COLOCADOR DE CARTAO,1,1,1,RELATED_NOT_EQUIVALENT,FALHA ELETRICA NO COLOCADOR DE CHAPATEX
FALHA ELETRICA DO TRANSPORTE,FALHA ELETRICA SEM COMPONENTE IDENTIFICADO,1,1,5,NO_RECORDED_RELATION,FALHA ELETRICA NOTRASPORTE DE SAIDA DA LAVADORA
FALHA ELETRICA SEM COMPONENTE IDENTIFICADO,FALHA DE CABO DE SEGURANCA,1,5,1,NO_RECORDED_RELATION,CABO DE SEGURANÇA DANIFICADO
FALHA NA INSERCAO DE LATAS FALSAS,FALHA DE REJEICAO,1,1,69,NO_RECORDED_RELATION,INSERÇÃO DE LATAS FALSAS DE FORMA MANUAL
FALHA NA SAIDA DE PALETES,FALHA DE BARREIRA,1,1,31,NO_RECORDED_RELATION,FALHA NA SAIDA DE PALETES VAZIOS (30008308978)
FALHA NO BOTAO RESET,FALHA DE PEGADOR,1,3,19,NO_RECORDED_RELATION,FALHA NO BOTÃO DE RESET 30008520288
FALHA NO CORTE DE TUBETES,FALHA DE CORTE DE FILME,1,8,41,NO_RECORDED_RELATION,FALHA NO SISTEMA DE CORTE
FALHA NO MANUSEIO DE CARTAO,FALHA NA TROCA DE PALETE DE CARTAO,1,20,14,NO_RECORDED_RELATION,SOLTANDO CARTÃO NO FINAL DO PALLET
FALHA NO SISTEMA DE CORTE,FALHA DE TRANSPORTE,1,2,12,NO_RECORDED_RELATION,FALHA NO RECUO DO PISTAÕ DO TRANSPORTE DE TAMPA DA CSW
FALHA NO VIRADOR DE CAIXAS,ENROSCO DE CAIXAS,1,1,6,NO_RECORDED_RELATION,VIRADOR DE CAIXA COM FALHA
FALHA NO VIRADOR DE PACOTES,QUEDA DE PACOTES,1,1,2,NO_RECORDED_RELATION,TOMBADOR DE PACOTES NAO ATUANDO
FALSO REJEITO,FALHA DE INSPECAO,1,3,71,NO_RECORDED_RELATION,INSPETOR DE LÍQUIDO SAÍDA DESCAPSULADOR TIRANDO GARRAFAS BOAS
PERDA DE REFERENCIA,ENROSCO DE TAMPAS,1,9,44,NO_RECORDED_RELATION,"MAQUINA ACUSOU ERRO, PEDINDO PARA SER MASTERIZADA CAUSANDO PARADA NA LINHA"
QUEBRA DE COMPONENTE,FALHA DE PORTA DE SEGURANCA,1,18,10,NO_RECORDED_RELATION,"CABO ROMPIDO NA PORTA DE ENTRADA DA DESPALETIZADORA, NAO ACIONANDO A LIBERAÇÃO DE PALETES"
QUEBRA DE COMPONENTE,VAZAMENTO,1,18,1,NO_RECORDED_RELATION,ROMPEU O REPARO DE ENTRADA DE AGUA PARA TANQUES DE SODA ORDEM: 30008322194
QUEBRA DE ENGRENAGEM,FALHA DE ENGRENAGEM,1,1,7,NO_RECORDED_RELATION,QUEBRA DA ENGRENAGEM DO TRANSPORTE DA HEUFT
QUEBRA DE PARAFUSO,FALHA DE FREIO,1,8,5,NO_RECORDED_RELATION,QUEBRA PARAFUSO DO FREIO NA ENCAIXATADORA ORDEM: 13126307
QUEBRA DE TRANSPORTE,FALHA DE INSPECAO,1,6,71,NO_RECORDED_RELATION,"TRANSPORTE DA FILTEC QUEBROU, ORDEM :30008768532"
QUEBRA DE TRANSPORTE,QUEDA DE GARRAFAS,1,6,63,NO_RECORDED_RELATION,QUEBRA DA HASTE DE SEPARAÇÃO DO TRP DE ENTRADA DA EMPACOTADORA CAUSANDO QUEDA DE GARRAFAS
QUEDA DE GARRAFAS,FALHA DE PINCA,1,63,36,NO_RECORDED_RELATION,PINÇA DERRUBANDO GARRAFA (NO SISTEMA DE RESFRIAMENTO DE FUNDO DA GARRAFA)
QUEDA DE LATAS,FALHA DE REGUA DE ENVOLVIMENTO,1,22,7,NO_RECORDED_RELATION,QUEDA DE LATA NO SISTEMA DE ENVOLVIMENTO.
QUEDA DE PACOTES,FALHA NA DESCARGA DE PALETE,1,2,1,NO_RECORDED_RELATION,"PALETIZAÇÃO FICANDO COM LATERAL ABERTA, CAINDO PACOTE DO PALLET ACABADO"
ROMPIMENTO DE FILME,FALHA NO MANUSEIO DE CARTAO,1,19,20,NO_RECORDED_RELATION,ENROSCO NA RETIRADA DO QUADRO (ROMPIMENTO DO CABO DE ALIMENTAÇÃO DA BOBINA QUE ACIONA OS PISTÕES DE RETIRADA DO QUADRO(30008265417)
ROMPIMENTO DE MANGUEIRA,ROMPIMENTO DE MANGUEIRA DE AGUA,1,1,1,GENERIC_SPECIFIC,"ROMPIMENTO DA MANGUEIRA PNEUMATICA, OCASIONANDO TRAVAMENTO DO COMPACTADOR DE CAMADAS. ORDEM- 30008170585"
ROMPIMENTO DE TUBEIRA DO FORNO,ENROSCO DE PACOTES,1,1,29,NO_RECORDED_RELATION,ENROSCO DE PACOTE NO GUIA DO TRANSPOTE POR PACOTE ABERTO VINDO DO FORNO TUBEIRA RASGADA.
SEM MODO DE FALHA IDENTIFICADO,FALHA DE CABECOTE,1,69,1,NO_RECORDED_RELATION,AJUSTE NO CABEÇOTE
SEM MODO DE FALHA IDENTIFICADO,FALHA NO DOSADOR DE NITROGENIO,1,69,5,NO_RECORDED_RELATION,AJUSTE NA POSIÇÃO DO DOSADOR DE NITROGENIO
SEM MODO DE FALHA IDENTIFICADO,QUEDA DE GARRAFAS,1,69,63,NO_RECORDED_RELATION,"AJUSTE POS SETUP DA REGUA ULTRASSONICA, GARRAFAS TOMBANDO E PRENDENDO NA REGUA"
SEM MODO DE FALHA IDENTIFICADO,TRAVAMENTO DE VALVULA,1,69,13,NO_RECORDED_RELATION,VALVULA DO AR PREVIO
SOBRECORRENTE,QUEBRA DE CORRENTE,1,3,4,NO_RECORDED_RELATION,SOBRE CORRENTE NO TRANSPORTE DE PALETE - OREDEM: 30008258302
TOMBAMENTO DE RECIPIENTES,FALHA NA INSERCAO DE LATAS FALSAS,1,2,1,NO_RECORDED_RELATION,LATA TOMBANDO NO TRANSPOTE
TRAVAMENTO DE ATUADOR,QUEBRA DE ATUADOR,1,9,6,NO_RECORDED_RELATION,ATUADOR PNEUMÁTICO TARVADO
TRAVAMENTO DE PERSIANA,FALHA DE PERSIANA,1,1,1,NO_RECORDED_RELATION,TRAVAMENTO DA PERSIANA
TRAVAMENTO DE PINCA,FALHA DE MOLA,1,1,7,NO_RECORDED_RELATION,PINSA NÚMERO 5 TRAVADA
TRAVAMENTO DE ROLETES,FALHA DE ROLETES,1,8,34,NO_RECORDED_RELATION,ROLETE DE ENTRADA DA PALETIZADORA TRAVADO (NOTA 13188166)
TRAVAMENTO DE TRANSPORTE,DESARME DE TRANSPORTE,1,13,12,NO_RECORDED_RELATION,TRANSPORTE NA SAIDA DA ENVOLVEDORA TRAVANDO - ORDEM: 13123991
TRAVAMENTO DE TRANSPORTE,SOBRECORRENTE,1,13,3,NO_RECORDED_RELATION,"PARADA DE TRANSPORTES, SOBRECARGA ELETRICA"
TRAVAMENTO DO SISTEMA DE COMPACTACAO,FALHA DE COMPACTACAO DE CAMADA,1,3,7,NO_RECORDED_RELATION,COMPACTADOR DE CAMADAS TRAVADO
VAZAMENTO,FALHA DE PRESSAO DOS JATOS,1,1,4,NO_RECORDED_RELATION,"VAZAMENTO DE AGUA NO FILTRO POLIDOR,GERANDO FALHA NOS JATOS FINAIS."
VELOCIDADE REDUZIDA SEM CAUSA IDENTIFICADA,FALHA DE VELOCIDADE DO TRANSPORTE,1,6,10,NO_RECORDED_RELATION,VELOCIDADE BAIXA
