canonical_label,family,train_support,validation_support,test_support,total_support,unique_observations,train_accuracy_if_available,test_accuracy_if_available,precision,recall,f1,top_confusion_target,top_confusion_count,rarity_bucket,review_priority,recommended_min_examples,examples_missing_to_target,missing_to_10,missing_to_20,separation_margin,persistent_confusion_count,persistent_versions,average_model_margin,possible_label_noise_count
DESALINHAMENTO MECANICO,OTHER_UNKNOWN,7,2,2,11,11,1.0,0.0,0.0,0.0,0.0,FALHA DE ABA CONICA,1,MEDIUM_11_20,63.5289,20,9,0,9,-0.01587787,6,3,0.5702285118253987,0
FALHA DE MANGUEIRA PNEUMATICA,MANGUEIRA,2,1,1,4,4,1.0,0.0,0.0,0.0,0.0,FALHA DE CONEXAO DE MANGUEIRA,1,RARE_4_5,62.4573,20,16,6,16,0.28384838,3,3,0.4912580545358772,0
DESALINHAMENTO DE AGREGADO,OTHER_UNKNOWN,5,1,1,7,6,1.0,0.0,0.0,0.0,0.0,ENROSCO DE ROTULOS,1,LOW_SUPPORT_6_10,62.3946,20,13,3,13,0.13250103,3,3,0.5583889242314396,0
DESARME DE EQUIPAMENTO,OTHER_UNKNOWN,2,1,1,4,4,1.0,0.0,0.0,0.0,0.0,DESARME DE TRANSPORTE,1,RARE_4_5,61.9687,20,16,6,16,0.39313596,3,3,0.44592924031014664,0
SEM MODO DE FALHA IDENTIFICADO,OTHER_UNKNOWN,69,15,16,100,93,0.9855072463768116,0.4375,0.5833333333333334,0.4375,0.5,FALHA DE ENVOLVIMENTO,3,HEALTHY_GT20,61.9083,20,0,0,0,-0.04908344,25,3,0.5381996577984668,2
ROMPIMENTO DE MANGUEIRA DE AR,MANGUEIRA,4,1,1,6,5,1.0,0.0,0.0,0.0,0.0,FALHA DE CODIFICACAO,1,LOW_SUPPORT_6_10,61.2528,20,14,4,14,0.21626724,2,2,0.5466457898400661,0
ENROSCO DE ROTULOS,ROTULO,10,2,4,16,12,1.0,0.0,0.0,0.0,0.0,FALHA DE ROTULAGEM,3,MEDIUM_11_20,61.1698,20,4,0,4,0.15002093,11,3,0.576534789595934,0
ENTUPIMENTO,OTHER_UNKNOWN,1,0,1,2,2,1.0,0.0,0.0,0.0,0.0,FALSO ALARME DE REJEITO OBSTRUIDO,1,VERY_RARE_2_3,60.6665,20,18,8,18,0.46327102,3,2,0.5051522388749997,0
CRASH DE LATAS,LATA,2,1,1,4,4,1.0,0.0,0.0,0.0,0.0,FALHA DE ENCHIMENTO,1,RARE_4_5,60.6545,20,16,6,16,0.47693658,2,1,0.41767270208417673,0
QUEBRA DE COMPONENTE,OTHER_UNKNOWN,18,3,4,25,22,1.0,0.0,0.0,0.0,0.0,FALHA DE SENSOR,2,HEALTHY_GT20,60.2491,20,0,0,0,-0.03338548,11,2,0.648439860788845,0
ENROSCO DE LATAS,LATA,18,6,4,28,22,1.0,0.0,0.0,0.0,0.0,DESARME DE EQUIPAMENTO,2,HEALTHY_GT20,60.2188,20,0,0,0,0.07281024,12,3,0.6273134157620582,0
ROMPIMENTO DE MANGUEIRA,MANGUEIRA,1,1,1,3,3,1.0,0.0,0.0,0.0,0.0,TRAVAMENTO DE ATUADOR,1,VERY_RARE_2_3,59.6941,20,17,7,17,0.65752882,3,2,0.4601518667303988,0
FALHA DO COLOCADOR DE CHAPATEX,CARTAO,1,1,1,3,3,1.0,0.0,0.0,0.0,0.0,FALHA DO COLOCADOR DE CARTAO,1,VERY_RARE_2_3,59.4988,20,17,7,17,0.71307355,3,3,0.4299198586237701,0
FALHA DE PLACA ELETRONICA,OTHER_UNKNOWN,1,1,1,3,3,1.0,0.0,0.0,0.0,0.0,QUEIMA DA PLACA DEVICENET,1,VERY_RARE_2_3,59.3954,20,17,7,17,0.69251207,3,2,0.462089828421256,0
FALHA DO COLOCADOR DE CARTAO,CARTAO,1,0,1,2,2,1.0,0.0,0.0,0.0,0.0,FALHA DE ROBO,1,VERY_RARE_2_3,59.3595,20,18,8,18,0.78336109,3,2,0.3449296805743033,0
FALHA NA INSERCAO DE LATAS FALSAS,LATA,1,1,1,3,3,1.0,0.0,0.0,0.0,0.0,FALHA NO SISTEMA DE INSERCAO DE FALSA GARRAFA,1,VERY_RARE_2_3,59.3544,20,17,7,17,0.70162308,3,2,0.4581988485550446,0
COLAPSO DE LATAS,LATA,6,2,1,9,6,1.0,0.0,0.0,0.0,0.0,AMASSAMENTO DE LATAS,1,LOW_SUPPORT_6_10,59.1033,20,11,1,11,0.26521602,3,2,0.7089713273811885,0
VAZAMENTO,OTHER_UNKNOWN,1,1,1,3,3,1.0,0.0,0.0,0.0,0.0,FALHA DE PRESSAO DOS JATOS,1,VERY_RARE_2_3,59.0518,20,17,7,17,0.67334697,3,3,0.5215665176199613,0
FALHA NO CORTE DE TUBETES,OTHER_UNKNOWN,8,2,1,11,9,1.0,0.0,0.0,0.0,0.0,FALHA DE CORTE DE FILME,1,MEDIUM_11_20,59.0091,20,9,0,9,0.17884912,3,3,0.6942403303529114,0
FALHA DE JATOS DE ENXAGUE,OTHER_UNKNOWN,1,0,1,2,2,1.0,0.0,0.0,0.0,0.0,FALHA DE PRESSAO DOS JATOS,1,VERY_RARE_2_3,58.9853,20,18,8,18,0.5609141,3,3,0.6170758458414674,0
FALHA DE MANGUEIRA,MANGUEIRA,1,1,1,3,3,1.0,0.0,0.0,0.0,0.0,FALHA DE CONEXAO DE MANGUEIRA,1,VERY_RARE_2_3,58.8191,20,17,7,17,0.79142432,3,3,0.4355365181040238,0
FALSO REJEITO,REJEICAO,3,1,1,5,5,1.0,0.0,0.0,0.0,0.0,FALHA DE INSPECAO,1,RARE_4_5,58.6069,20,15,5,15,0.15719822,3,2,0.46230305147417267,1
FALHA DE LEITURA,OTHER_UNKNOWN,1,0,1,2,2,1.0,0.0,0.0,0.0,0.0,FALHA DE PARAMETRIZACAO DE RECEITA,1,VERY_RARE_2_3,58.4223,20,18,8,18,0.7784491,3,3,0.467409980909324,0
FALHA DE MISTURA,OTHER_UNKNOWN,1,3,1,5,3,1.0,0.0,0.0,0.0,0.0,FALHA DE MIXER,1,RARE_4_5,58.3432,20,15,5,15,0.64157504,3,3,0.613446096539292,0
DESARME DE DISJUNTOR,OTHER_UNKNOWN,1,1,1,3,3,1.0,0.0,0.0,0.0,0.0,DESARME DE TRANSPORTE,1,VERY_RARE_2_3,57.966,20,17,7,17,0.92101862,3,3,0.4124445152635756,0
TOMBAMENTO DE RECIPIENTES,OTHER_UNKNOWN,2,1,1,4,3,1.0,0.0,0.0,0.0,0.0,QUEDA DE LATAS,1,RARE_4_5,57.8316,20,16,6,16,0.61147159,2,1,0.6174897304355557,0
FALHA DE TWISTER,OTHER_UNKNOWN,4,1,1,6,4,1.0,0.0,0.0,0.0,0.0,QUEDA DE LATAS,1,LOW_SUPPORT_6_10,57.8095,20,14,4,14,0.59147561,3,3,0.6881419650832838,0
FALHA DE PRESSAO,OTHER_UNKNOWN,1,0,1,2,2,1.0,0.0,0.0,0.0,0.0,FALHA DE ENCHIMENTO,1,VERY_RARE_2_3,57.6914,20,18,8,18,0.74397761,3,1,0.5939528212470919,0
FALHA DE FACA,OTHER_UNKNOWN,1,1,1,3,3,1.0,0.0,0.0,0.0,0.0,FALHA DE CORTE DE FILME,1,VERY_RARE_2_3,57.5158,20,17,7,17,0.8248115,3,3,0.5589038796072914,0
VELOCIDADE REDUZIDA SEM CAUSA IDENTIFICADA,OTHER_UNKNOWN,6,1,1,8,3,1.0,0.0,0.0,0.0,0.0,FALHA DE VELOCIDADE DO TRANSPORTE,1,LOW_SUPPORT_6_10,57.4725,20,12,2,12,0.51206219,3,3,0.7155445432569953,0
CURTO CIRCUITO,OTHER_UNKNOWN,9,1,1,11,6,1.0,0.0,0.0,0.0,0.0,FALHA DE SENSOR,1,MEDIUM_11_20,57.06,20,9,0,9,0.45584713,3,3,0.6652242822817152,0
QUEDA DE LATAS,LATA,22,6,6,34,29,1.0,0.1666666666666666,0.3333333333333333,0.1666666666666666,0.2222222222222222,FALHA DE GUIA,2,HEALTHY_GT20,57.0193,20,0,0,0,0.01453457,15,3,0.6436676895154217,0
FALHA DE PINO DE SEPARACAO,OTHER_UNKNOWN,1,1,0,2,2,1.0,0.0,0.0,0.0,0.0,,0,VERY_RARE_2_3,56.1938,20,18,8,18,0.54570836,0,0,0.4489942090611507,0
TRAVAMENTO DE BOIA,OTHER_UNKNOWN,1,1,0,2,2,1.0,0.0,0.0,0.0,0.0,,0,VERY_RARE_2_3,55.9302,20,18,8,18,0.57280806,0,0,0.45460387703945904,0
AUSENCIA DE PARAFUSO DE FIXACAO,OTHER_UNKNOWN,1,1,0,2,2,1.0,0.0,0.0,0.0,0.0,,0,VERY_RARE_2_3,55.8825,20,18,8,18,0.56503847,0,0,0.4684504816143175,0
PERDA DE REFERENCIA HOME,OTHER_UNKNOWN,1,1,0,2,2,1.0,0.0,0.0,0.0,0.0,,0,VERY_RARE_2_3,55.5738,20,18,8,18,0.60711712,0,0,0.4645547934519261,0
FALHA NO SISTEMA DE CORTE,OTHER_UNKNOWN,2,1,1,4,3,1.0,0.0,0.0,0.0,0.0,FALHA DE TRANSPORTE,1,RARE_4_5,55.5461,20,16,6,16,0.8574976,3,3,0.7534623865620965,0
FALHA DE RESFRIAMENTO,OTHER_UNKNOWN,1,0,0,1,1,1.0,0.0,0.0,0.0,0.0,,0,SINGLETON,55.1408,20,19,9,19,0.3678422,0,0,0.6975464269460347,0
DESARME PALETIZADORA,OTHER_UNKNOWN,1,0,0,1,1,1.0,0.0,0.0,0.0,0.0,,0,SINGLETON,54.8535,20,19,9,19,0.4471032,0,0,0.64993129478173,0
PINO DE SEPARACAO TRAVADO,OTHER_UNKNOWN,1,1,0,2,2,1.0,0.0,0.0,0.0,0.0,,0,VERY_RARE_2_3,54.8513,20,18,8,18,0.62176919,0,0,0.5403083988794528,0
FALHA DE LUBRIFICACAO,OTHER_UNKNOWN,1,1,0,2,2,1.0,0.0,0.0,0.0,0.0,,0,VERY_RARE_2_3,54.8401,20,18,8,18,0.72048879,0,0,0.44174779474001186,0
FALHA DE PRESSAO DE AGUA,OTHER_UNKNOWN,1,0,0,1,1,1.0,0.0,0.0,0.0,0.0,,0,SINGLETON,54.6857,20,19,9,19,0.3678425,0,0,0.7589790293997214,0
DESALINHAMENTO DE CENTRADOR,OTHER_UNKNOWN,2,0,0,2,2,1.0,0.0,0.0,0.0,0.0,,0,VERY_RARE_2_3,54.5244,20,18,8,18,0.47645852,0,0,0.7284188422861733,0
FALHA DE CORTE DA EMBALAGEM DO TUBETE,OTHER_UNKNOWN,1,0,0,1,1,1.0,0.0,0.0,0.0,0.0,,0,SINGLETON,54.5038,20,19,9,19,0.61272833,0,0,0.5165940031341304,0
FALHA DE ALIMENTACAO,OTHER_UNKNOWN,1,1,0,2,2,1.0,0.0,0.0,0.0,0.0,,0,VERY_RARE_2_3,54.4531,20,18,8,18,0.82815975,0,0,0.38126147336297556,0
FALHA DE VALVULA DE NITROGENIO,VALVULA,1,1,1,3,3,1.0,0.0,0.0,0.0,0.0,FALHA NO DOSADOR DE NITROGENIO,1,VERY_RARE_2_3,54.4323,20,17,7,17,0.72576571,3,3,0.42563286788355187,1
VAZAMENTO NO COLETOR COM GAS BAIXO,OTHER_UNKNOWN,2,0,0,2,1,1.0,0.0,0.0,0.0,0.0,,0,VERY_RARE_2_3,54.4299,20,18,8,18,0.54947311,0,0,0.6663399187830155,0
DESARME DE PAINEL,OTHER_UNKNOWN,1,1,0,2,2,1.0,0.0,0.0,0.0,0.0,,0,VERY_RARE_2_3,54.3085,20,18,8,18,0.7653795,0,0,0.46295434902538546,0
ROMPIMENTO DE TUBETE,OTHER_UNKNOWN,1,0,0,1,1,1.0,0.0,0.0,0.0,0.0,,0,SINGLETON,54.2822,20,19,9,19,0.53857192,0,0,0.6273398973540848,0
FALHA DE CAME,OTHER_UNKNOWN,1,1,0,2,2,1.0,0.0,0.0,0.0,0.0,,0,VERY_RARE_2_3,54.1389,20,18,8,18,0.87875778,0,0,0.36941805369651265,0
FALHA DE SECAGEM DE ROTULO,ROTULO,2,0,0,2,1,1.0,0.0,0.0,0.0,0.0,,0,VERY_RARE_2_3,54.0868,20,18,8,18,0.60639465,0,0,0.6517185152976959,0
FALHA DE TERMOSTATO,OTHER_UNKNOWN,1,0,0,1,1,1.0,0.0,0.0,0.0,0.0,,0,SINGLETON,54.0185,20,19,9,19,0.49128997,0,0,0.7144784077484896,0
FALHA DE MANGUEIRA DE AGUA,MANGUEIRA,1,0,0,1,1,1.0,0.0,0.0,0.0,0.0,,0,SINGLETON,54.0041,20,19,9,19,0.4717679,0,0,0.7377009966924546,0
FALHA DE ACOPLAMENTO,OTHER_UNKNOWN,1,1,0,2,2,1.0,0.0,0.0,0.0,0.0,,0,VERY_RARE_2_3,53.9986,20,18,8,18,0.71276203,0,0,0.5550839576211353,0
FALHA DE MEDIDOR DE VAZAO,OTHER_UNKNOWN,1,0,0,1,1,1.0,0.0,0.0,0.0,0.0,,0,SINGLETON,53.9736,20,19,9,19,0.64784682,0,0,0.5498749629141924,0
FALHA DE ELO DE ESTEIRA,ESTEIRA,6,2,3,11,10,1.0,0.0,0.0,0.0,0.0,QUEBRA DE ESTEIRA,2,MEDIUM_11_20,53.7395,20,9,0,9,0.19365368,9,3,0.48875467952742613,0
FALHA DE CARTAO MESTRE,CARTAO,1,10,0,11,2,1.0,0.0,0.0,0.0,0.0,,0,MEDIUM_11_20,53.67,20,9,0,9,0.69696569,0,0,0.38163544905298996,0
TRAVAMENTO DE CENTRADOR,OTHER_UNKNOWN,1,0,0,1,1,1.0,0.0,0.0,0.0,0.0,,0,SINGLETON,53.5891,20,19,9,19,0.50131363,0,0,0.7615048917097029,0
PERDA DE REFERENCIA DO CENTRADOR,OTHER_UNKNOWN,1,0,0,1,1,1.0,0.0,0.0,0.0,0.0,,0,SINGLETON,53.4328,20,19,9,19,0.5013141,0,0,0.782609504896197,0
FALHA DE TANGENCIAMENTO,OTHER_UNKNOWN,1,0,0,1,1,1.0,0.0,0.0,0.0,0.0,,0,SINGLETON,53.4086,20,19,9,19,0.49269748,0,0,0.7952717287948265,0
FALHA DE COLETOR,OTHER_UNKNOWN,1,0,0,1,1,1.0,0.0,0.0,0.0,0.0,,0,SINGLETON,53.401,20,19,9,19,0.6041787,0,0,0.6747749684020882,0
FALHA DE MIXER,OTHER_UNKNOWN,1,1,0,2,2,1.0,0.0,0.0,0.0,0.0,,0,VERY_RARE_2_3,53.3929,20,18,8,18,0.81296813,0,0,0.5295655073841639,0
QUEBRA DE TRANSPORTE,TRANSPORTE,6,2,2,10,10,1.0,0.0,0.0,0.0,0.0,FALHA DE INSPECAO,1,LOW_SUPPORT_6_10,53.3033,20,10,0,10,0.11044892,6,3,0.5365591881794384,0
TRAVAMENTO DE ROBO,ROBO,7,4,2,13,7,1.0,0.0,0.0,0.0,0.0,FALHA DE ROBO,2,MEDIUM_11_20,53.2838,20,7,0,7,0.11536769,6,3,0.3916382467431297,0
FALHA DE FIXACAO DA TULIPA,OTHER_UNKNOWN,1,0,0,1,1,1.0,0.0,0.0,0.0,0.0,,0,SINGLETON,53.2756,20,19,9,19,0.56503889,0,0,0.7343703955221963,0
TRAVAMENTO DE ROLO DE COLA,OTHER_UNKNOWN,3,0,0,3,1,1.0,0.0,0.0,0.0,0.0,,0,VERY_RARE_2_3,53.2696,20,17,7,17,0.60107741,0,0,0.7735168069237629,0
QUEBRA DE BRACO,OTHER_UNKNOWN,2,1,0,3,2,1.0,0.0,0.0,0.0,0.0,,0,VERY_RARE_2_3,53.2695,20,17,7,17,0.78016767,0,0,0.6009097448519011,0
FALHA DE EXTRACAO DE ROTULOS,ROTULO,1,0,0,1,1,1.0,0.0,0.0,0.0,0.0,,0,SINGLETON,53.2604,20,19,9,19,0.62832391,0,0,0.6674301188533844,0
FALHA DE ALIMENTACAO DE LATAS,LATA,1,0,0,1,1,1.0,0.0,0.0,0.0,0.0,,0,SINGLETON,53.1841,20,19,9,19,0.65492806,0,0,0.6487350451176479,0
FALHA NA INSERCAO DE LATAS,LATA,1,0,0,1,1,1.0,0.0,0.0,0.0,0.0,,0,SINGLETON,53.0677,20,19,9,19,0.57588232,0,0,0.7506127834125319,0
TRAVAMENTO DE PINO DE SEPARACAO,OTHER_UNKNOWN,1,0,0,1,1,1.0,0.0,0.0,0.0,0.0,,0,SINGLETON,52.9915,20,19,9,19,0.57985598,0,0,0.7565587763924325,0
FALHA TROCADOR DE CALOR,OTHER_UNKNOWN,2,2,0,4,3,1.0,0.0,0.0,0.0,0.0,,0,RARE_4_5,52.9493,20,16,6,16,0.66972317,0,0,0.7371537846047813,0
QUEBRA DE PISTAO,OTHER_UNKNOWN,1,0,0,1,1,1.0,0.0,0.0,0.0,0.0,,0,SINGLETON,52.9059,20,19,9,19,0.59284341,0,0,0.7539623930451897,0
FALHA DO TENSOR DE ROTULOS,ROTULO,1,0,0,1,1,1.0,0.0,0.0,0.0,0.0,,0,SINGLETON,52.8882,20,19,9,19,0.67369115,0,0,0.6682157468267842,0
FALHA DE DRIVE,OTHER_UNKNOWN,1,2,0,3,2,1.0,0.0,0.0,0.0,0.0,,0,VERY_RARE_2_3,52.8279,20,17,7,17,0.67721683,0,0,0.7528488871447498,0
FALHA DE CONTAGEM DE PRODUTO,OTHER_UNKNOWN,2,0,0,2,1,1.0,0.0,0.0,0.0,0.0,,0,VERY_RARE_2_3,52.8221,20,18,8,18,0.66902608,0,0,0.7468726842966129,0
FALHA DE NIVEL DE AGUA,OTHER_UNKNOWN,1,0,0,1,1,1.0,0.0,0.0,0.0,0.0,,0,SINGLETON,52.6508,20,19,9,19,0.57280812,0,0,0.8102317532862886,0
PENTES SOLTOS,OTHER_UNKNOWN,2,0,0,2,1,1.0,0.0,0.0,0.0,0.0,,0,VERY_RARE_2_3,52.6129,20,18,8,18,0.77859442,0,0,0.6621720001907464,0
COLISAO DO BRACO DE ESTIRAMENTO,OTHER_UNKNOWN,1,1,0,2,2,1.0,0.0,0.0,0.0,0.0,,0,VERY_RARE_2_3,52.5672,20,18,8,18,0.65046832,0,0,0.7976242995795199,0
ALTERACAO DA VELOCIDADE DO DEVICER,OTHER_UNKNOWN,2,0,0,2,1,1.0,0.0,0.0,0.0,0.0,,0,VERY_RARE_2_3,52.4962,20,18,8,18,0.63043603,0,0,0.8268107797716934,0
DESALINHAMENTO DO BRACO DE CENTRAGEM,OTHER_UNKNOWN,2,0,0,2,1,1.0,0.0,0.0,0.0,0.0,,0,VERY_RARE_2_3,52.2969,20,18,8,18,0.73594353,0,0,0.7449743032685956,0
FALHA DE SEQUENCIAMENTO DA PALETIZADORA,OTHER_UNKNOWN,2,0,0,2,1,1.0,0.0,0.0,0.0,0.0,,0,VERY_RARE_2_3,52.2752,20,18,8,18,0.74601084,0,0,0.737501503241554,0
FALHA DE ACIONAMENTO DO EMPURRADOR,OTHER_UNKNOWN,1,0,0,1,1,1.0,0.0,0.0,0.0,0.0,,0,SINGLETON,52.1722,20,19,9,19,0.67721671,0,0,0.7610271650946145,0
DESARME DE PAINEL DE COMANDO,OTHER_UNKNOWN,2,0,0,2,1,1.0,0.0,0.0,0.0,0.0,,0,VERY_RARE_2_3,52.1368,20,18,8,18,0.72330257,0,0,0.777840354554163,0
DEFORMACAO DESALINHAMENTO DE GUIA,GUIA,8,2,2,12,11,1.0,0.0,0.0,0.0,0.0,DESALINHAMENTO DE GUIA,1,MEDIUM_11_20,52.1213,20,8,0,8,0.10787277,6,3,0.562320919838497,0
FALHA NO SISTEMA DE AR COMPRIMIDO,OTHER_UNKNOWN,1,0,0,1,1,1.0,0.0,0.0,0.0,0.0,,0,SINGLETON,52.1161,20,19,9,19,0.7188237,0,0,0.7232389025856387,0
AFROUXAMENTO DE PARAFUSO DE FIXACAO,OTHER_UNKNOWN,1,0,0,1,1,1.0,0.0,0.0,0.0,0.0,,0,SINGLETON,52.0873,20,19,9,19,0.768301,0,0,0.6732016143591969,0
QUEBRA DE PINO,OTHER_UNKNOWN,1,0,0,1,1,1.0,0.0,0.0,0.0,0.0,,0,SINGLETON,52.075,20,19,9,19,0.64050719,0,0,0.8141616882457029,0
FALHA NO SUPRIMENTO DE AGUA,OTHER_UNKNOWN,1,0,0,1,1,1.0,0.0,0.0,0.0,0.0,,0,SINGLETON,52.0396,20,19,9,19,0.78063886,0,0,0.6661877329955262,0
OBSTRUCAO DE MANGUEIRA DE AR,MANGUEIRA,1,0,0,1,1,1.0,0.0,0.0,0.0,0.0,,0,SINGLETON,52.0278,20,19,9,19,0.71875045,0,0,0.7352453157632997,0
FALHA DE PROPORCIONAMENTO,OTHER_UNKNOWN,1,0,0,1,1,1.0,0.0,0.0,0.0,0.0,,0,SINGLETON,51.9928,20,19,9,19,0.67750272,0,0,0.7849294111958017,0
ESPANAMENTO DE PARAFUSO,OTHER_UNKNOWN,1,0,0,1,1,1.0,0.0,0.0,0.0,0.0,,0,SINGLETON,51.9865,20,19,9,19,0.76391825,0,0,0.6915848654719327,0
FALHA NOS SNIFS,OTHER_UNKNOWN,1,0,0,1,1,1.0,0.0,0.0,0.0,0.0,,0,SINGLETON,51.978,20,19,9,19,0.71316299,0,0,0.7480520564185456,0
DEGRADACAO DE MANGUEIRA,MANGUEIRA,2,0,0,2,1,1.0,0.0,0.0,0.0,0.0,,0,VERY_RARE_2_3,51.9469,20,18,8,18,0.79356396,0,0,0.7305146583997797,0
FALHA DE MANGUEIRA DE ALTA PRESSAO,MANGUEIRA,1,0,0,1,1,1.0,0.0,0.0,0.0,0.0,,0,SINGLETON,51.9253,20,19,9,19,0.68608525,0,0,0.7846882614515202,0
VAZAMENTO EM CONEXAO,OTHER_UNKNOWN,1,0,0,1,1,1.0,0.0,0.0,0.0,0.0,,0,SINGLETON,51.8484,20,19,9,19,0.70192206,0,0,0.7778085104715302,0
DESALINHAMENTO DE MASCARA,OTHER_UNKNOWN,1,0,0,1,1,1.0,0.0,0.0,0.0,0.0,,0,SINGLETON,51.8419,20,19,9,19,0.77130862,0,0,0.7030405534292878,0
FALHA DE ROLO DE ESTIRAMENTO,OTHER_UNKNOWN,1,0,0,1,1,1.0,0.0,0.0,0.0,0.0,,0,SINGLETON,51.8378,20,19,9,19,0.63240507,0,0,0.8550075252143643,0
FALHA DE SOPRADOR,OTHER_UNKNOWN,1,0,0,1,1,1.0,0.0,0.0,0.0,0.0,,0,SINGLETON,51.8306,20,19,9,19,0.7490249,0,0,0.7288649293642806,0
PATINS FORA DE POSICAO,PATINS,6,1,2,9,5,1.0,0.0,0.0,0.0,0.0,QUEDA DE PACOTES,2,LOW_SUPPORT_6_10,51.7937,20,11,1,11,0.41997753,6,3,0.47891289154002226,0
FALHA DE APLICACAO DE COLA,OTHER_UNKNOWN,1,0,0,1,1,1.0,0.0,0.0,0.0,0.0,,0,SINGLETON,51.7837,20,19,9,19,0.6933879,0,0,0.795840653313109,0
FALHA NA TROCA AUTOMATICA,OTHER_UNKNOWN,1,0,0,1,1,1.0,0.0,0.0,0.0,0.0,,0,SINGLETON,51.7371,20,19,9,19,0.7147184,0,0,0.7788717651859054,0
DESGASTE DE PINO DE SEPARACAO,OTHER_UNKNOWN,1,0,0,1,1,1.0,0.0,0.0,0.0,0.0,,0,SINGLETON,51.684,20,19,9,19,0.67645213,0,0,0.827764361239682,0
ENROSCO DE CARTAO QUADRO,CARTAO,1,0,0,1,1,1.0,0.0,0.0,0.0,0.0,,0,SINGLETON,51.6801,20,19,9,19,0.78910294,0,0,0.7054849944952515,0
FALHA DE PINOS DE TRANSFERENCIA,OTHER_UNKNOWN,1,0,0,1,1,1.0,0.0,0.0,0.0,0.0,,0,SINGLETON,51.6535,20,19,9,19,0.73823789,0,0,0.7645246859183703,0
DESPRENDIMENTO DO PISTAO DE TRAVAMENTO,OTHER_UNKNOWN,1,0,0,1,1,1.0,0.0,0.0,0.0,0.0,,0,SINGLETON,51.6343,20,19,9,19,0.70507786,0,0,0.8032614183256667,0
DESALINHAMENTO DE CHAPA,OTHER_UNKNOWN,1,0,0,1,1,1.0,0.0,0.0,0.0,0.0,,0,SINGLETON,51.6329,20,19,9,19,0.71234557,0,0,0.7955330413056799,0
VAZAMENTO DE PRODUTO,OTHER_UNKNOWN,1,0,0,1,1,1.0,0.0,0.0,0.0,0.0,,0,SINGLETON,51.588,20,19,9,19,0.83362989,0,0,0.6693783854715765,0
FALHA DE BOTOEIRA DE EMERGENCIA,OTHER_UNKNOWN,1,0,0,1,1,1.0,0.0,0.0,0.0,0.0,,0,SINGLETON,51.5616,20,19,9,19,0.73498145,0,0,0.7804867576071887,0
ATUACAO DO CIRCUITO DE EMERGENCIA,OTHER_UNKNOWN,1,0,0,1,1,1.0,0.0,0.0,0.0,0.0,,0,SINGLETON,51.5549,20,19,9,19,0.73498115,0,0,0.7813906172759633,0
FALHA DE PRE ENXAGUE,OTHER_UNKNOWN,1,0,0,1,1,1.0,0.0,0.0,0.0,0.0,,0,SINGLETON,51.4517,20,19,9,19,0.88478583,0,0,0.6320172373338557,0
FALHA DE CENTRADOR,OTHER_UNKNOWN,1,0,0,1,1,1.0,0.0,0.0,0.0,0.0,,0,SINGLETON,51.4306,20,19,9,19,0.74817988,0,0,0.7837791200516834,0
INTERFERENCIA MECANICA,OTHER_UNKNOWN,1,0,0,1,1,1.0,0.0,0.0,0.0,0.0,,0,SINGLETON,51.4286,20,19,9,19,0.77217001,0,0,0.757891071902238,0
ESTABILIDADE DE EQUIPAMENTO,OTHER_UNKNOWN,2,0,0,2,1,1.0,0.0,0.0,0.0,0.0,,0,VERY_RARE_2_3,51.4252,20,18,8,18,0.79042466,0,0,0.7991007173055069,0
FALHA NA ABERTURA DA GARRA,OTHER_UNKNOWN,1,0,0,1,1,1.0,0.0,0.0,0.0,0.0,,0,SINGLETON,51.3944,20,19,9,19,0.72613159,0,0,0.812701895391655,0
FALHA DE TRANSDUTOR,OTHER_UNKNOWN,1,1,0,2,2,1.0,0.0,0.0,0.0,0.0,,0,VERY_RARE_2_3,51.3148,20,18,8,18,0.82054067,0,0,0.7824506025664248,0
FALHA DE PARAMETRIZACAO DE RECEITA,OTHER_UNKNOWN,1,0,0,1,1,1.0,0.0,0.0,0.0,0.0,,0,SINGLETON,51.3125,20,19,9,19,0.85693996,0,0,0.6811638939564961,0
FALHA DE ATUADOR,ATUADOR,1,0,1,2,2,1.0,0.0,0.0,0.0,0.0,TRAVAMENTO DE ATUADOR,1,VERY_RARE_2_3,51.3066,20,18,8,18,0.55441642,3,2,0.33261301783186964,0
DEFORMACAO DE MEXEDOR,OTHER_UNKNOWN,1,0,0,1,1,1.0,0.0,0.0,0.0,0.0,,0,SINGLETON,51.2963,20,19,9,19,0.72057092,0,0,0.8320050128637335,0
FALHA NO CIP RAMAL B,OTHER_UNKNOWN,1,0,0,1,1,1.0,0.0,0.0,0.0,0.0,,0,SINGLETON,51.2884,20,19,9,19,0.83653721,0,0,0.7066503038495688,0
FALHA DE ROLO SEPARADOR,OTHER_UNKNOWN,1,0,0,1,1,1.0,0.0,0.0,0.0,0.0,,0,SINGLETON,51.2481,20,19,9,19,0.79390739,0,0,0.7585596333621698,0
FALHA DE ELEMENTO DE TRANSMISSAO,OTHER_UNKNOWN,1,0,0,1,1,1.0,0.0,0.0,0.0,0.0,,0,SINGLETON,51.2138,20,19,9,19,0.81216493,0,0,0.7432955922788445,0
FALHA DE CORREIA,CORREIA,10,2,2,14,13,1.0,0.0,0.0,0.0,0.0,FALHA DE ENVOLVIMENTO,1,MEDIUM_11_20,51.2004,20,6,0,6,-0.00794887,5,3,0.5969044726338041,0
TRANSBORDAMENTO DE TANQUE,OTHER_UNKNOWN,1,0,0,1,1,1.0,0.0,0.0,0.0,0.0,,0,SINGLETON,51.1744,20,19,9,19,0.70192242,0,0,0.868775836601742,0
QUEBRA DE ANEL O RING,OTHER_UNKNOWN,1,0,0,1,1,1.0,0.0,0.0,0.0,0.0,,0,SINGLETON,51.1626,20,19,9,19,0.73056173,0,0,0.8391516964316876,0
FALHA DE BRACO DE TUBETES,OTHER_UNKNOWN,1,0,0,1,1,1.0,0.0,0.0,0.0,0.0,,0,SINGLETON,51.1177,20,19,9,19,0.78632323,0,0,0.7844379345511774,0
QUEDA DE PACOTES,PACOTE,2,2,1,5,4,1.0,0.0,0.0,0.0,0.0,FALHA DE ROLETES,1,RARE_4_5,51.0925,20,15,5,15,0.51030055,3,2,0.42462598073565305,0
FALHA DE RETORNO DO BRACO DE SOLDA,OTHER_UNKNOWN,1,0,0,1,1,1.0,0.0,0.0,0.0,0.0,,0,SINGLETON,51.0755,20,19,9,19,0.75684482,0,0,0.8222601028220915,0
FALHA DE AMOSTRAGEM,OTHER_UNKNOWN,1,0,0,1,1,1.0,0.0,0.0,0.0,0.0,,0,SINGLETON,51.0625,20,19,9,19,0.88366617,0,0,0.6857789355659293,0
FALHA DE PRANCHA,OTHER_UNKNOWN,1,0,0,1,1,1.0,0.0,0.0,0.0,0.0,,0,SINGLETON,51.0495,20,19,9,19,0.78655052,0,0,0.7933943268587785,0
SOBREAQUECIMENTO DE PROCESSADOR,OTHER_UNKNOWN,1,0,0,1,1,1.0,0.0,0.0,0.0,0.0,,0,SINGLETON,51.0167,20,19,9,19,0.81454991,0,0,0.767304308185157,0
FALHA DE COLISAO DA GAIOLA,OTHER_UNKNOWN,2,0,0,2,1,1.0,0.0,0.0,0.0,0.0,,0,VERY_RARE_2_3,51.0016,20,18,8,18,0.75989674,0,0,0.8831201347181604,0
TRAVAMENTO DE CHAVE SECCIONADORA,OTHER_UNKNOWN,1,0,0,1,1,1.0,0.0,0.0,0.0,0.0,,0,SINGLETON,50.9873,20,19,9,19,0.76913989,0,0,0.8207717385328916,0
FALHA DE FEEDBACK,OTHER_UNKNOWN,1,0,0,1,1,1.0,0.0,0.0,0.0,0.0,,0,SINGLETON,50.9751,20,19,9,19,0.7091966,0,0,0.887757739579023,0
DEFORMACAO DE FACA,OTHER_UNKNOWN,1,0,0,1,1,1.0,0.0,0.0,0.0,0.0,,0,SINGLETON,50.9104,20,19,9,19,0.80763552,0,0,0.7891860903570458,0
FALHA DE CHAVE DE EMERGENCIA,OTHER_UNKNOWN,1,0,0,1,1,1.0,0.0,0.0,0.0,0.0,,0,SINGLETON,50.8884,20,19,9,19,0.76913971,0,0,0.8341197766726113,0
FALHA DE COMANDO DA ARVORE DE ESPUMA,OTHER_UNKNOWN,1,0,0,1,1,1.0,0.0,0.0,0.0,0.0,,0,SINGLETON,50.8882,20,19,9,19,0.8270708,0,0,0.7710026583178504,0
FALHA DE ROTACAO,OTHER_UNKNOWN,1,0,0,1,1,1.0,0.0,0.0,0.0,0.0,,0,SINGLETON,50.8788,20,19,9,19,0.76368015,0,0,0.841365876048153,0
FALHA DE CIP,OTHER_UNKNOWN,1,0,0,1,1,1.0,0.0,0.0,0.0,0.0,,0,SINGLETON,50.8324,20,19,9,19,0.85020863,0,0,0.753306194945734,0
COLISAO DO EMPURRADOR,OTHER_UNKNOWN,1,0,0,1,1,1.0,0.0,0.0,0.0,0.0,,0,SINGLETON,50.8167,20,19,9,19,0.7402792,0,0,0.8752554709862342,0
TAB DANIFICADO,OTHER_UNKNOWN,2,0,0,2,1,1.0,0.0,0.0,0.0,0.0,,0,VERY_RARE_2_3,50.7999,20,18,8,18,0.81678589,0,0,0.8508113134820294,0
FALHA ESTRUTURAL,OTHER_UNKNOWN,1,0,0,1,1,1.0,0.0,0.0,0.0,0.0,,0,SINGLETON,50.7979,20,19,9,19,0.81165726,0,0,0.7999862332224639,0
FALHA DE ENCOSTO DE AGRUPAMENTO,OTHER_UNKNOWN,1,0,0,1,1,1.0,0.0,0.0,0.0,0.0,,0,SINGLETON,50.7775,20,19,9,19,0.84001318,0,0,0.7718290446645576,0
TRAVAMENTO DE PERSIANA,PERSIANA,1,2,1,4,3,1.0,0.0,0.0,0.0,0.0,FALHA DE PERSIANA,1,RARE_4_5,50.766,20,16,6,16,0.65478009,3,3,0.3411937816408842,0
FALHA DE BOCAL,OTHER_UNKNOWN,1,0,0,1,1,1.0,0.0,0.0,0.0,0.0,,0,SINGLETON,50.7448,20,19,9,19,0.74804896,0,0,0.8764869632784946,0
FALHA DE PRESSURIZACAO,OTHER_UNKNOWN,5,0,0,5,1,1.0,0.0,0.0,0.0,0.0,,0,RARE_4_5,50.7204,20,15,5,15,0.84768185,0,0,0.8038719667465205,0
FALHA DE FIXACAO DE PROTECAO,OTHER_UNKNOWN,1,0,0,1,1,1.0,0.0,0.0,0.0,0.0,,0,SINGLETON,50.7132,20,19,9,19,0.83394213,0,0,0.7871340048052705,0
FALHA DE CONTROLE DE BRIX,OTHER_UNKNOWN,1,0,0,1,1,1.0,0.0,0.0,0.0,0.0,,0,SINGLETON,50.6701,20,19,9,19,0.82390557,0,0,0.8038878805929957,0
FALHA DE SOLENOIDE,OTHER_UNKNOWN,1,0,0,1,1,1.0,0.0,0.0,0.0,0.0,,0,SINGLETON,50.6351,20,19,9,19,0.82828844,0,0,0.8038339521305777,0
FALHA DE CARBONATACAO,CARBONATACAO,6,2,2,10,10,1.0,0.0,0.0,0.0,0.0,FALHA DE BOMBA,1,LOW_SUPPORT_6_10,50.5503,20,10,0,10,0.349861,6,3,0.6202445881559834,0
TRAVAMENTO DE BOCAL,OTHER_UNKNOWN,1,0,0,1,1,1.0,0.0,0.0,0.0,0.0,,0,SINGLETON,50.4981,20,19,9,19,0.82709621,0,0,0.8236216134198594,0
FALHA DE TRANSPORTE DE PALETES,PALETE,1,0,1,2,2,1.0,0.0,0.0,0.0,0.0,FALHA DE TRANSPORTE DE PACOTES,1,VERY_RARE_2_3,50.4734,20,18,8,18,0.62455323,3,1,0.36606851048479344,0
TRAVAMENTO DE SNIFFER,OTHER_UNKNOWN,1,0,0,1,1,1.0,0.0,0.0,0.0,0.0,,0,SINGLETON,50.4602,20,19,9,19,0.82709633,0,0,0.8287392451607245,0
DANIFICACAO DA BUCHA DE ELEVACAO DO PISTAO,OTHER_UNKNOWN,1,0,0,1,1,1.0,0.0,0.0,0.0,0.0,,0,SINGLETON,50.4367,20,19,9,19,0.82673641,0,0,0.8323025648952987,0
FALHA ELETRONICA DA VALVULA,VALVULA,1,1,2,4,3,1.0,0.0,0.0,0.0,0.0,FALHA DE VALVULA,2,RARE_4_5,50.3585,20,16,6,16,0.73403403,2,1,0.21283573207040904,0
DEFORMACAO DE HASTE,OTHER_UNKNOWN,1,0,0,1,1,1.0,0.0,0.0,0.0,0.0,,0,SINGLETON,50.3583,20,19,9,19,0.82240909,0,0,0.8476057466771664,0
FALHA ELETRICA SEM COMPONENTE IDENTIFICADO,ELETRICO,5,1,1,7,7,1.0,0.0,0.0,0.0,0.0,FALHA DE CABO DE SEGURANCA,1,LOW_SUPPORT_6_10,50.2708,20,13,3,13,0.27761391,3,3,0.6602151135047526,0
SOBRECORRENTE,CORRENTE,3,1,1,5,5,1.0,0.0,0.0,0.0,0.0,QUEBRA DE CORRENTE,1,RARE_4_5,50.2553,20,15,5,15,0.48101875,3,3,0.544640904887075,0
FALHA NO CARREGAMENTO DE RECEITA,OTHER_UNKNOWN,1,0,0,1,1,1.0,0.0,0.0,0.0,0.0,,0,SINGLETON,50.1881,20,19,9,19,0.85693942,0,0,0.8329427837129811,0
FALHA DE FILTRO,FILTRO,1,1,2,4,3,1.0,0.0,0.0,0.0,0.0,FALHA DE VEDACAO DA VALVULA,2,RARE_4_5,50.1802,20,16,6,16,0.74092591,4,2,0.407355177728697,0
FALHA DE ANALISADOR,OTHER_UNKNOWN,4,0,0,4,1,1.0,0.0,0.0,0.0,0.0,,0,RARE_4_5,50.1766,20,16,6,16,0.89816324,0,0,0.8439267751223508,0
FALHA DE CAMERA,CAMERA,2,1,1,4,4,1.0,0.0,0.0,0.0,0.0,FALHA DE ROTULAGEM,1,RARE_4_5,50.1678,20,16,6,16,0.5129257,3,3,0.5418377764033339,0
FALHA DE BANDEIROLA,OTHER_UNKNOWN,1,0,0,1,1,1.0,0.0,0.0,0.0,0.0,,0,SINGLETON,49.8809,20,19,9,19,0.86851516,0,0,0.8617926140555874,0
FALHA DE TRACAO GUIAMENTO DE FILME,FILME,10,1,2,13,7,1.0,0.0,0.0,0.0,0.0,ROMPIMENTO DE FILME,2,MEDIUM_11_20,49.8325,20,7,0,7,0.31803883,6,2,0.5707448869391952,0
FALHA NO VIRADOR DE PACOTES,PACOTE,1,2,1,4,3,1.0,0.0,0.0,0.0,0.0,ENROSCO DE PACOTES,1,RARE_4_5,49.7521,20,16,6,16,0.73825082,3,1,0.3802961402640358,0
FALHA DE GERADOR DE IMPULSOS,OTHER_UNKNOWN,1,0,0,1,1,1.0,0.0,0.0,0.0,0.0,,0,SINGLETON,49.678,20,19,9,19,0.92257535,0,0,0.8302552152623197,0
DESNIVELAMENTO DE ESTEIRA,ESTEIRA,2,1,1,4,3,1.0,0.0,0.0,0.0,0.0,ESCAPE DE ESTEIRA,1,RARE_4_5,49.6306,20,16,6,16,0.76972498,3,2,0.3650372028374918,0
FALHA DE COMPACTACAO DE CAMADA,CAMADA,7,1,1,9,9,1.0,0.0,0.0,0.0,0.0,FALHA NO MANUSEIO DE CARTAO,1,LOW_SUPPORT_6_10,49.4898,20,11,1,11,0.13829471,2,2,0.6836591234576993,0
FALHA DE VEDACAO DA VALVULA,VALVULA,4,2,1,7,6,1.0,0.0,0.0,0.0,0.0,FALHA DE VALVULA DE ENCHIMENTO,1,LOW_SUPPORT_6_10,49.3965,20,13,3,13,0.33417086,1,1,0.4773116523091559,0
FALHA DE ESTEIRA,ESTEIRA,26,5,5,36,33,1.0,0.2,0.25,0.2,0.2222222222222222,DESARME DE MOTOR,1,HEALTHY_GT20,49.2257,20,0,0,0,-0.18977401,12,3,0.5116250549642194,0
DESALINHAMENTO DE EIXO,EIXO,2,1,1,4,4,1.0,0.0,0.0,0.0,0.0,QUEBRA DE EIXO,1,RARE_4_5,49.062,20,16,6,16,0.57786343,3,3,0.6087360008178689,0
FALHA ELETRICA DO TRANSPORTE,ELETRICO,1,1,1,3,3,1.0,0.0,0.0,0.0,0.0,FALHA ELETRICA SEM COMPONENTE IDENTIFICADO,1,VERY_RARE_2_3,48.9967,20,17,7,17,0.73108852,3,2,0.4724935987324245,0
QUEBRA DE ENGRENAGEM,ENGRENAGEM,1,0,1,2,2,1.0,0.0,0.0,0.0,0.0,FALHA DE ENGRENAGEM,1,VERY_RARE_2_3,48.7478,20,18,8,18,0.66406125,3,3,0.5424258672639495,0
TRAVAMENTO DE PINCA,PINCA,1,0,1,2,2,1.0,0.0,0.0,0.0,0.0,SEM MODO DE FALHA IDENTIFICADO,1,VERY_RARE_2_3,48.6055,20,18,8,18,0.63393775,2,1,0.48005293489367207,0
DESARME DE ESTEIRA,ESTEIRA,1,1,1,3,3,1.0,0.0,0.0,0.0,0.0,QUEBRA DE ESTEIRA,1,VERY_RARE_2_3,48.6047,20,17,7,17,0.80233957,3,3,0.4506077741682685,0
FALHA DE LEITURA DA GARRAFA TESTE,GARRAFA,1,0,1,2,2,1.0,0.0,0.0,0.0,0.0,SEM MODO DE FALHA IDENTIFICADO,1,VERY_RARE_2_3,48.4985,20,18,8,18,0.66364878,3,3,0.574090747353386,0
FALHA DE PRESSURIZACAO DA ENCHEDORA,ENCHIMENTO,1,0,1,2,2,1.0,0.0,0.0,0.0,0.0,FALHA DE CABECOTE,1,VERY_RARE_2_3,48.4202,20,18,8,18,0.70919672,3,3,0.537799645768001,0
FALHA DE FORMACAO DE CAIXA,CAIXA,1,0,1,2,2,1.0,0.0,0.0,0.0,0.0,FALHA NA PEGADA DE CAMADA,1,VERY_RARE_2_3,48.4093,20,18,8,18,0.6487698,2,2,0.48964302394961007,0
FALHA NO VIRADOR DE CAIXAS,CAIXA,1,0,1,2,2,1.0,0.0,0.0,0.0,0.0,ENROSCO DE CAIXAS,1,VERY_RARE_2_3,48.093,20,18,8,18,0.71448877,3,3,0.5734668152372583,0
FALHA NA SAIDA DE PALETES,PALETE,1,0,1,2,2,1.0,0.0,0.0,0.0,0.0,FALHA DE BARREIRA,1,VERY_RARE_2_3,47.958,20,18,8,18,0.68048453,3,3,0.6248221066794961,0
FALHA DE CORRENTE,CORRENTE,1,1,1,3,3,1.0,0.0,0.0,0.0,0.0,QUEDA DE GARRAFAS,1,VERY_RARE_2_3,47.9558,20,17,7,17,0.80092543,3,3,0.5294098449416601,0
FALHA DE TRANSPORTE DE CAIXAS,CAIXA,2,0,1,3,2,1.0,0.0,0.0,0.0,0.0,ESCAPE DE ESTEIRA,1,VERY_RARE_2_3,47.4135,20,17,7,17,0.72018018,3,2,0.6719617739789822,0
FALHA DE ROTULAGEM,ROTULO,12,4,4,20,18,1.0,0.5,0.3333333333333333,0.5,0.4,ENROSCO DE ROTULOS,2,MEDIUM_11_20,46.9758,20,0,0,0,-0.03368355,6,3,0.5965320494620355,0
FALHA DE ALIMENTACAO DE GARRAFAS,GARRAFA,6,1,1,8,5,1.0,0.0,0.0,0.0,0.0,FALHA DE SENSOR,1,LOW_SUPPORT_6_10,46.8165,20,12,2,12,0.61776881,3,3,0.6947651486369207,0
DESALINHAMENTO DE PALETE,PALETE,1,0,0,1,1,1.0,0.0,0.0,0.0,0.0,,0,SINGLETON,46.7681,20,19,9,19,0.37952745,0,0,0.4651492483290648,0
TRAVAMENTO DE ELEVADOR,ELEVADOR,2,1,0,3,3,1.0,0.0,0.0,0.0,0.0,,0,VERY_RARE_2_3,46.7101,20,17,7,17,0.39793462,0,0,0.5586647768273326,0
FALHA DE CABECOTE,CABECOTE,1,2,0,3,2,1.0,0.0,0.0,0.0,0.0,,0,VERY_RARE_2_3,46.689,20,17,7,17,0.55175725,0,0,0.41292211450608773,0
VAZAMENTO PNEUMATICO,PNEUMATICO,1,1,0,2,2,1.0,0.0,0.0,0.0,0.0,,0,VERY_RARE_2_3,46.405,20,18,8,18,0.55110875,0,0,0.41704447700772407,0
ATUACAO QUEIMA DE FUSIVEL,ELETRICO,1,0,1,2,2,1.0,0.0,0.0,0.0,0.0,FALHA DE BARREIRA,1,VERY_RARE_2_3,46.3369,20,18,8,18,0.92281772,2,2,0.47200290510938914,0
PERDA DE REFERENCIA DO PEGADOR DE CHAPATEX,PEGADOR,1,0,0,1,1,1.0,0.0,0.0,0.0,0.0,,0,SINGLETON,45.8038,20,19,9,19,0.39683557,0,0,0.5764441612426936,0
ROMPIMENTO DE TUBEIRA DO FORNO,TUBULACAO,1,4,1,6,3,1.0,0.0,0.0,0.0,0.0,ENROSCO DE PACOTES,1,LOW_SUPPORT_6_10,45.715,20,14,4,14,0.75613549,2,2,0.6752373495047902,0
AMASSAMENTO DE LATAS,LATA,9,4,2,15,12,1.0,0.5,0.5,0.5,0.5,ENROSCO DE TAMPAS,1,MEDIUM_11_20,45.6772,20,5,0,5,0.17335006,3,3,0.5749842281981917,0
DEFORMACAO DE CABECOTE,CABECOTE,2,0,0,2,2,1.0,0.0,0.0,0.0,0.0,,0,VERY_RARE_2_3,45.6464,20,18,8,18,0.32187873,0,0,0.7442518417750206,0
FALHA SENSOR DA PORTA,SENSOR,1,0,0,1,1,1.0,0.0,0.0,0.0,0.0,,0,SINGLETON,45.5281,20,19,9,19,0.58697632,0,0,0.40639639085278034,0
SAIDA DE GARRAFAS COM TAMPA TORTA,TAMPA,2,0,0,2,1,1.0,0.0,0.0,0.0,0.0,,0,VERY_RARE_2_3,45.3613,20,18,8,18,0.47951329,0,0,0.62039685561177,0
ROMPIMENTO DE ESTEIRA LONA,ESTEIRA,1,1,0,2,2,1.0,0.0,0.0,0.0,0.0,,0,VERY_RARE_2_3,45.2965,20,18,8,18,0.72538069,0,0,0.379576283259086,0
FALHA NA GARRA DO ROBO,ROBO,1,0,0,1,1,1.0,0.0,0.0,0.0,0.0,,0,SINGLETON,45.2764,20,19,9,19,0.50583988,0,0,0.5288182630263808,0
FALHA NO DOSADOR DE NITROGENIO,DOSAGEM,5,0,0,5,1,1.0,0.0,0.0,0.0,0.0,,0,RARE_4_5,45.1074,20,15,5,15,0.39081964,0,0,0.7258847859785655,0
QUEBRA DE PARAFUSO,OTHER_UNKNOWN,8,3,2,13,12,1.0,0.5,1.0,0.5,0.6666666666666666,FALHA DE FREIO,1,MEDIUM_11_20,45.0655,20,7,0,7,0.06519387,3,3,0.6620024513579434,0
FALHA DE TRANSPORTE DE GARRAFAS,GARRAFA,1,1,0,2,2,1.0,0.0,0.0,0.0,0.0,,0,VERY_RARE_2_3,44.9547,20,18,8,18,0.5975621,0,0,0.5518540440509019,0
FALHA NA TROCA DE PALETE DE CARTAO,CARTAO,14,3,3,20,14,1.0,0.3333333333333333,0.5,0.3333333333333333,0.4,FALHA NA TROCA DE PALETE DE FOLHA SEPARADORA,2,MEDIUM_11_20,44.9441,20,0,0,0,0.27809274,4,2,0.6882443118542391,0
TRAVAMENTO DE STOPPER,STOPPER,1,3,0,4,2,1.0,0.0,0.0,0.0,0.0,,0,RARE_4_5,44.8379,20,16,6,16,0.54576957,0,0,0.6350107798678493,0
FALHA NO DEPOSITO DE PALLET,PALETE,2,0,0,2,1,1.0,0.0,0.0,0.0,0.0,,0,VERY_RARE_2_3,44.8162,20,18,8,18,0.46794391,0,0,0.7004481568541305,0
FALHA DE ACUMULO NO TRANSPORTE,TRANSPORTE,8,2,4,14,11,1.0,0.25,1.0,0.25,0.4,FALHA DE SINCRONISMO,3,MEDIUM_11_20,44.7419,20,6,0,6,0.16024553,9,3,0.4911375423316858,0
FALHA DE FIXACAO DA BASE DO SENSOR,SENSOR,1,0,0,1,1,1.0,0.0,0.0,0.0,0.0,,0,SINGLETON,44.6735,20,19,9,19,0.65773007,0,0,0.4446341692103517,0
COLISAO DO ROBO COM PALETE,ROBO,1,0,0,1,1,1.0,0.0,0.0,0.0,0.0,,0,SINGLETON,44.5427,20,19,9,19,0.50583977,0,0,0.6278530348235063,0
PATINAMENTO DE ROLETE,ROLETE,1,0,0,1,1,1.0,0.0,0.0,0.0,0.0,,0,SINGLETON,44.5338,20,19,9,19,0.48503721,0,0,0.6517333767760531,0
MONTAGEM INCORRETA DE CORREIA,CORREIA,1,0,0,1,1,1.0,0.0,0.0,0.0,0.0,,0,SINGLETON,44.4353,20,19,9,19,0.49321669,0,0,0.6561133061442948,0
FALHA DE SEGMENTOS,SEGMENTO,1,1,0,2,2,1.0,0.0,0.0,0.0,0.0,,0,VERY_RARE_2_3,44.3318,20,18,8,18,0.75953101,0,0,0.4659521816703761,0
FALHA DO SECADOR DE GARRAFAS,GARRAFA,1,1,0,2,2,1.0,0.0,0.0,0.0,0.0,,0,VERY_RARE_2_3,44.2828,20,18,8,18,0.74530485,0,0,0.4865018500153986,0
FALHA NA PEGA DE PALLET VAZIO,PALETE,3,0,0,3,1,1.0,0.0,0.0,0.0,0.0,,0,VERY_RARE_2_3,44.1672,20,17,7,17,0.46794403,0,0,0.7946960196882532,0
FALSA RECRAVACAO,RECRAVACAO,1,0,0,1,1,1.0,0.0,0.0,0.0,0.0,,0,SINGLETON,44.0824,20,19,9,19,0.64485347,0,0,0.5384628332082745,0
FALHA DE ENCHIMENTO,ENCHIMENTO,95,19,31,145,105,0.9578947368421052,0.9032258064516128,0.875,0.9032258064516128,0.8888888888888888,ENROSCO DE GARRAFAS,1,HEALTHY_GT20,44.0607,10,0,0,0,-0.31550565,24,3,0.555227958262578,1
FALHA DE VALVULA DE AGUA,VALVULA,2,0,0,2,1,1.0,0.0,0.0,0.0,0.0,,0,VERY_RARE_2_3,43.994,20,18,8,18,0.63948098,0,0,0.629860814181779,0
ENTUPIMENTO DE TUBULACAO,TUBULACAO,1,0,0,1,1,1.0,0.0,0.0,0.0,0.0,,0,SINGLETON,43.9117,20,19,9,19,0.46327162,0,0,0.7594286705321502,0
PALLET PARADO NA MESA,MESA,1,0,0,1,1,1.0,0.0,0.0,0.0,0.0,,0,SINGLETON,43.9095,20,19,9,19,0.52057835,0,0,0.6972668987090114,0
DEFORMACAO DE EIXO,EIXO,1,0,0,1,1,1.0,0.0,0.0,0.0,0.0,,0,SINGLETON,43.8714,20,19,9,19,0.57090253,0,0,0.6475461430246782,0
TREPIDACAO DE ESTEIRA,ESTEIRA,1,0,0,1,1,1.0,0.0,0.0,0.0,0.0,,0,SINGLETON,43.7413,20,19,9,19,0.62086686,0,0,0.6106462236039909,0
FALHA NO SENSOR EXPULSADOR,SENSOR,1,0,0,1,1,1.0,0.0,0.0,0.0,0.0,,0,SINGLETON,43.6966,20,19,9,19,0.73443207,0,0,0.4928815187832788,0
FALHA NO FLUXO DE PALETES,PALETE,2,0,0,2,1,1.0,0.0,0.0,0.0,0.0,,0,VERY_RARE_2_3,43.653,20,18,8,18,0.60695672,0,0,0.7055411278697811,0
ERRO DE COMUNICACAO,COMUNICACAO,1,0,0,1,1,1.0,0.0,0.0,0.0,0.0,,0,SINGLETON,43.5526,20,19,9,19,0.70239747,0,0,0.5472384180995533,0
DESARME DE BOMBA,BOMBA,1,0,0,1,1,1.0,0.0,0.0,0.0,0.0,,0,SINGLETON,43.4283,20,19,9,19,0.65611479,0,0,0.6144757211944019,0
PATINAMENTO DE ESTEIRA,ESTEIRA,1,0,0,1,1,1.0,0.0,0.0,0.0,0.0,,0,SINGLETON,43.4056,20,19,9,19,0.67743316,0,0,0.5943014401403609,0
DESALINHAMENTO DE PILHA DE PALETES,PALETE,1,0,0,1,1,1.0,0.0,0.0,0.0,0.0,,0,SINGLETON,43.3899,20,19,9,19,0.64101422,0,0,0.6361204647339687,0
FALHA DE FIXACAO DA CORRENTE DE ELEVACAO,CORRENTE,1,0,0,1,1,1.0,0.0,0.0,0.0,0.0,,0,SINGLETON,43.2543,20,19,9,19,0.59510544,0,0,0.7044665067502306,0
FALHA DE CONTAGEM,OTHER_UNKNOWN,8,2,2,12,11,1.0,0.5,1.0,0.5,0.6666666666666666,FALHA NA PEGADA DE CAMADA,1,MEDIUM_11_20,43.1938,20,8,0,8,0.38812188,3,3,0.64011318579675,0
QUEBRA DE ELO DE ESTEIRA,ESTEIRA,1,0,0,1,1,1.0,0.0,0.0,0.0,0.0,,0,SINGLETON,43.1921,20,19,9,19,0.70710945,0,0,0.5907753678734027,0
FALHA DE DIRECIONAMENTO DE PACOTES,PACOTE,1,0,0,1,1,1.0,0.0,0.0,0.0,0.0,,0,SINGLETON,43.1393,20,19,9,19,0.61076212,0,0,0.702922977810531,0
BAIXA VELOCIDADE DE ESTEIRA,ESTEIRA,1,0,0,1,1,1.0,0.0,0.0,0.0,0.0,,0,SINGLETON,43.1091,20,19,9,19,0.72171688,0,0,0.5860523010521237,0
FALHA NA INSERCAO DE GARRAFAS FALSAS,GARRAFA,1,0,0,1,1,1.0,0.0,0.0,0.0,0.0,,0,SINGLETON,43.0861,20,19,9,19,0.57588267,0,0,0.7481271281161377,0
TRAVAMENTO NA ALIMENTACAO DE TAMPAS,TAMPA,2,0,0,2,1,1.0,0.0,0.0,0.0,0.0,,0,VERY_RARE_2_3,43.0643,20,18,8,18,0.75425504,0,0,0.6302127039233811,0
ACUMULO TAMPAS BUFFER FALHA,TAMPA,1,0,0,1,1,1.0,0.0,0.0,0.0,0.0,,0,SINGLETON,43.0609,20,19,9,19,0.67745036,0,0,0.6408055423080984,0
FALHA NA ABERTURA DOS GANCHOS DO ROBO,ROBO,1,0,0,1,1,1.0,0.0,0.0,0.0,0.0,,0,SINGLETON,43.0589,20,19,9,19,0.70407844,0,0,0.6120491729335434,0
FALHA DE BATEDOR DE CAIXAS,CAIXA,1,0,0,1,1,1.0,0.0,0.0,0.0,0.0,,0,SINGLETON,43.0451,20,19,9,19,0.63568309,0,0,0.6884713964855412,0
FALHA DA MESA GIRATORIA,MESA,1,0,0,1,1,1.0,0.0,0.0,0.0,0.0,,0,SINGLETON,42.9034,20,19,9,19,0.52057841,0,0,0.8330659094756095,0
QUEBRA DE REGUA,GUIA,1,1,0,2,2,1.0,0.0,0.0,0.0,0.0,,0,VERY_RARE_2_3,42.8582,20,18,8,18,0.77311994,0,0,0.6369597112795262,0
PARADA DE TRANSPORTE,TRANSPORTE,1,0,0,1,1,1.0,0.0,0.0,0.0,0.0,,0,SINGLETON,42.8156,20,19,9,19,0.69749212,0,0,0.652071450998998,0
ENTUPIMENTO NO TRANSPORTE DE TAMPAS,TAMPA,1,0,0,1,1,1.0,0.0,0.0,0.0,0.0,,0,SINGLETON,42.798,20,19,9,19,0.7196686,0,0,0.6302773393743576,0
FALHA DE PARAMETRIZACAO DO REJEITO,REJEICAO,1,0,0,1,1,1.0,0.0,0.0,0.0,0.0,,0,SINGLETON,42.7972,20,19,9,19,0.72880396,0,0,0.6204277249192656,0
FALHA EM ENVIAR TAMPAS PARA ENCHEDORA,TAMPA,2,0,0,2,1,1.0,0.0,0.0,0.0,0.0,,0,VERY_RARE_2_3,42.7839,20,18,8,18,0.73078564,0,0,0.6891379348905222,0
FALHA DE PERSIANA,PERSIANA,1,0,0,1,1,1.0,0.0,0.0,0.0,0.0,,0,SINGLETON,42.7757,20,19,9,19,0.65477973,0,0,0.70402481908926,0
QUEBRA DE TERMINAL ELETRICO,ELETRICO,1,0,0,1,1,1.0,0.0,0.0,0.0,0.0,,0,SINGLETON,42.7487,20,19,9,19,0.64537102,0,0,0.717918757844948,0
FALHA DE TENSIONAMENTO DE ESTEIRA,ESTEIRA,1,0,0,1,1,1.0,0.0,0.0,0.0,0.0,,0,SINGLETON,42.7294,20,19,9,19,0.67317605,0,0,0.690219466328855,0
FALHA DE ATUADOR DO DEVAISER,ATUADOR,1,1,0,2,2,1.0,0.0,0.0,0.0,0.0,,0,VERY_RARE_2_3,42.6258,20,18,8,18,0.76600198,0,0,0.6733041372843223,0
FALHA DE FIXACAO DA VALVULA,VALVULA,1,0,0,1,1,1.0,0.0,0.0,0.0,0.0,,0,SINGLETON,42.6239,20,19,9,19,0.7494289,0,0,0.6213408524843587,0
FALHA NA PEGA DE GARRAFAS,GARRAFA,1,0,0,1,1,1.0,0.0,0.0,0.0,0.0,,0,SINGLETON,42.5944,20,19,9,19,0.61710218,0,0,0.7695589126794061,0
FALHA DE POSICIONAMENTO DO CABECOTE,CABECOTE,1,1,0,2,2,1.0,0.0,0.0,0.0,0.0,,0,VERY_RARE_2_3,42.5481,20,18,8,18,0.80211201,0,0,0.6464849357353672,0
FALHA DE SEGURANCA,SEGURANCA,1,0,0,1,1,1.0,0.0,0.0,0.0,0.0,,0,SINGLETON,42.5078,20,19,9,19,0.71694916,0,0,0.6724106230765187,0
FALHA DE RELE DE SEGURANCA,ELETRICO,1,1,0,2,2,1.0,0.0,0.0,0.0,0.0,,0,VERY_RARE_2_3,42.4917,20,18,8,18,0.67551917,0,0,0.7817271560423713,0
PERDA DE REFERENCIA DO ROBO,ROBO,1,0,0,1,1,1.0,0.0,0.0,0.0,0.0,,0,SINGLETON,42.4771,20,19,9,19,0.72189677,0,0,0.6711706542052733,0
FALHA DE POSICIONAMENTO DE PACOTES,PACOTE,1,0,0,1,1,1.0,0.0,0.0,0.0,0.0,,0,SINGLETON,42.4483,20,19,9,19,0.80094442,0,0,0.5888796415484118,0
TRAVAMENTO DE CORRENTE,CORRENTE,1,0,0,1,1,1.0,0.0,0.0,0.0,0.0,,0,SINGLETON,42.3777,20,19,9,19,0.68012047,0,0,0.7301146645789887,0
DESAJUSTE DE GUIA,GUIA,1,0,0,1,1,1.0,0.0,0.0,0.0,0.0,,0,SINGLETON,42.2821,20,19,9,19,0.77086696,0,0,0.6441088471988821,0
QUEBRA DE TRECHO DO TRANSPORTE,TRANSPORTE,1,0,0,1,1,1.0,0.0,0.0,0.0,0.0,,0,SINGLETON,42.2462,20,19,9,19,0.73427176,0,0,0.6888449183741714,0
FALSO ALARME DE REJEITO OBSTRUIDO,REJEICAO,1,0,0,1,1,1.0,0.0,0.0,0.0,0.0,,0,SINGLETON,42.1182,20,19,9,19,0.79749043,0,0,0.637205974809633,0
VAZAMENTO EM TUBULACAO,TUBULACAO,1,0,0,1,1,1.0,0.0,0.0,0.0,0.0,,0,SINGLETON,42.1166,20,19,9,19,0.58508608,0,0,0.8689620645679662,0
FALHA DE CONTROLE DE NIVEL DO CARBONATADOR,CARBONATACAO,1,0,0,1,1,1.0,0.0,0.0,0.0,0.0,,0,SINGLETON,41.9893,20,19,9,19,0.75271577,0,0,0.7034187117892442,0
TRAVAMENTO DE PATINS,PATINS,1,0,0,1,1,1.0,0.0,0.0,0.0,0.0,,0,SINGLETON,41.9482,20,19,9,19,0.80651599,0,0,0.6503247083885444,0
FALHA DE TESOURA DE FILME,FILME,1,0,0,1,1,1.0,0.0,0.0,0.0,0.0,,0,SINGLETON,41.8707,20,19,9,19,0.79067132,0,0,0.678048982024204,0
GARRAFAS TORTAS NA SAIDA DO RINSER,GARRAFA,1,1,0,2,2,1.0,0.0,0.0,0.0,0.0,,0,VERY_RARE_2_3,41.8475,20,18,8,18,0.74752742,0,0,0.7895902893136977,0
FALHA ELETRICA DO TRANSPORTE DE ENTRADA,ELETRICO,1,0,0,1,1,1.0,0.0,0.0,0.0,0.0,,0,SINGLETON,41.7911,20,19,9,19,0.71223265,0,0,0.7742980317756938,0
FALHA DE ALIMENTACAO DE PALETES,PALETE,1,0,0,1,1,1.0,0.0,0.0,0.0,0.0,,0,SINGLETON,41.6247,20,19,9,19,0.75212529,0,0,0.7532794052352544,0
FALHA NA MESA DE FORMACAO DE PACOTES,MESA,1,0,0,1,1,1.0,0.0,0.0,0.0,0.0,,0,SINGLETON,41.6004,20,19,9,19,0.72363919,0,0,0.7876009922725982,0
GARRAFAS FORA DE POSICAO,GARRAFA,1,0,0,1,1,1.0,0.0,0.0,0.0,0.0,,0,SINGLETON,41.5226,20,19,9,19,0.85357589,0,0,0.6564727010265266,0
FALHA DE ALIMENTACAO ELETRICA,ELETRICO,1,0,0,1,1,1.0,0.0,0.0,0.0,0.0,,0,SINGLETON,41.502,20,19,9,19,0.74690878,0,0,0.775524629082188,0
FALHA DE BATETORES PNEUMATICOS,PNEUMATICO,1,0,0,1,1,1.0,0.0,0.0,0.0,0.0,,0,SINGLETON,41.3696,20,19,9,19,0.71670592,0,0,0.8263185429276885,0
FALHA DE CABO DE SEGURANCA,SEGURANCA,1,0,0,1,1,1.0,0.0,0.0,0.0,0.0,,0,SINGLETON,41.3508,20,19,9,19,0.67551893,0,0,0.8737560518261517,0
FALHA DE DOSAGEM DE NITROGENIO,DOSAGEM,1,0,0,1,1,1.0,0.0,0.0,0.0,0.0,,0,SINGLETON,41.1973,20,19,9,19,0.79431248,0,0,0.7649771761428135,0
QUEBRA DE SUPORTE,SUPORTE,1,0,0,1,1,1.0,0.0,0.0,0.0,0.0,,0,SINGLETON,41.1868,20,19,9,19,0.78638738,0,0,0.775043372981814,0
FALHA NA DESCARGA DE PALETE,PALETE,1,0,0,1,1,1.0,0.0,0.0,0.0,0.0,,0,SINGLETON,41.1643,20,19,9,19,0.7638026,0,0,0.8026862372122466,0
FALHA DE INSPECAO,INSPECAO,71,14,13,98,77,0.9859154929577465,0.6153846153846154,0.7272727272727273,0.6153846153846154,0.6666666666666666,ENROSCO DE LATAS,2,HEALTHY_GT20,41.152,10,0,0,0,-0.11638751,16,3,0.5843822282584246,0
QUEBRA DE SEGMENTO,SEGMENTO,1,0,0,1,1,1.0,0.0,0.0,0.0,0.0,,0,SINGLETON,41.144,20,19,9,19,0.75778522,0,0,0.8119877798938869,0
FALHA DE POSICIONAMENTO DE PALETE,PALETE,2,0,0,2,1,1.0,0.0,0.0,0.0,0.0,,0,VERY_RARE_2_3,40.9477,20,18,8,18,0.80002347,0,0,0.8492568157203444,0
FALHA DE GUIA,GUIA,13,3,3,19,18,1.0,0.3333333333333333,0.25,0.3333333333333333,0.2857142857142857,ENROSCO DE GARRAFAS,1,MEDIUM_11_20,40.9032,20,1,0,1,-0.01465748,6,2,0.6109872793664907,0
FALHA DE REJEICAO,REJEICAO,69,13,11,93,76,1.0,0.7272727272727273,0.7272727272727273,0.7272727272727273,0.7272727272727273,DESARME DE EQUIPAMENTO,1,HEALTHY_GT20,40.8235,10,0,0,0,-0.07340203,9,3,0.6546730174238948,2
FALHA DE CONEXAO ELETRICA,ELETRICO,1,0,0,1,1,1.0,0.0,0.0,0.0,0.0,,0,SINGLETON,40.8203,20,19,9,19,0.8120905,0,0,0.7964954925274578,0
FALHA DE SEGURANCA DO CABECOTE,CABECOTE,1,0,0,1,1,1.0,0.0,0.0,0.0,0.0,,0,SINGLETON,40.7438,20,19,9,19,0.76354751,0,0,0.859732050672084,0
PROBLEMA NA TAMPA DA LATA,TAMPA,2,0,0,2,1,1.0,0.0,0.0,0.0,0.0,,0,VERY_RARE_2_3,40.7105,20,18,8,18,0.85829225,0,0,0.8200004310870908,0
EIXO DO BRACO TENCIONADOR DO FILME DA ENVOLVEDORA SOLTO,FILME,1,0,0,1,1,1.0,0.0,0.0,0.0,0.0,,0,SINGLETON,40.6758,20,19,9,19,0.85297827,0,0,0.7714308547155234,0
FALHA DE VELOCIDADE DO TRANSPORTE,TRANSPORTE,10,2,2,14,13,1.0,0.5,0.5,0.5,0.5,VELOCIDADE REDUZIDA SEM CAUSA IDENTIFICADA,1,MEDIUM_11_20,40.6575,10,0,0,6,0.11525967,2,2,0.5891294039232449,1
DESAJUSTE DE REGUA,GUIA,1,0,0,1,1,1.0,0.0,0.0,0.0,0.0,,0,SINGLETON,40.6454,20,19,9,19,0.87073311,0,0,0.7561777419460408,0
FALHA NO DISPOSITIVO DE RETIRADA DE GARRAFAS,GARRAFA,1,0,0,1,1,1.0,0.0,0.0,0.0,0.0,,0,SINGLETON,40.6406,20,19,9,19,0.81559344,0,0,0.8169353091874185,0
FALHA DE ALIMENTACAO ELETRICA DA EMBREAGEM,ELETRICO,1,0,0,1,1,1.0,0.0,0.0,0.0,0.0,,0,SINGLETON,40.4903,20,19,9,19,0.84210882,0,0,0.8083111353410583,0
QUEDA DE CAIXAS,CAIXA,1,0,0,1,1,1.0,0.0,0.0,0.0,0.0,,0,SINGLETON,40.3142,20,19,9,19,0.88845453,0,0,0.781567449748837,0
FALHA DE SUPORTE DE TAMPAS,SUPORTE,1,0,0,1,1,1.0,0.0,0.0,0.0,0.0,,0,SINGLETON,40.0358,20,19,9,19,0.8590672,0,0,0.85117947108071,0
FALHA NO MANUSEIO DE CARTAO,CARTAO,20,4,3,27,18,1.0,0.6666666666666666,0.5,0.6666666666666666,0.5714285714285714,FALHA NA TROCA DE PALETE DE CARTAO,1,HEALTHY_GT20,39.9934,20,0,0,0,0.13939748,3,2,0.6492518452162088,0
QUEIMA DA PLACA DEVICENET,COMUNICACAO,1,0,0,1,1,1.0,0.0,0.0,0.0,0.0,,0,SINGLETON,39.8076,20,19,9,19,0.88961186,0,0,0.8486933645796851,0
FALHA DE FIXACAO,OTHER_UNKNOWN,20,4,4,28,28,1.0,0.75,1.0,0.75,0.8571428571428571,FALHA DE FORMACAO DE CAMADA,1,HEALTHY_GT20,39.6225,20,0,0,0,-0.13913088,4,2,0.5872893612588085,0
TRAVAMENTO DE TRANSPORTE,TRANSPORTE,13,3,3,19,18,1.0,0.3333333333333333,0.5,0.3333333333333333,0.4,DESARME DE TRANSPORTE,1,MEDIUM_11_20,39.5461,20,1,0,1,0.03408371,6,3,0.594115444644214,0
ENROSCO DE GARRAFAS,GARRAFA,29,12,5,46,34,1.0,0.6,0.6,0.6,0.6,QUEDA DE GARRAFAS,1,HEALTHY_GT20,38.7741,10,0,0,0,-0.17416727,7,3,0.4999164207848802,0
CRASH DE GARRAFAS,GARRAFA,6,2,2,10,10,1.0,0.5,1.0,0.5,0.6666666666666666,FALHA DE REJEICAO,1,LOW_SUPPORT_6_10,37.6693,10,0,0,10,0.07953327,2,2,0.4463430228972164,0
FALHA DE SENSOR,SENSOR,283,56,58,397,346,1.0,0.9827586206896552,0.8769230769230769,0.9827586206896552,0.926829268292683,FALHA DE COMUNICACAO,1,HEALTHY_GT20,37.5984,10,0,0,0,-0.07062631,7,3,0.7390571661181946,1
FALHA DE ENVOLVIMENTO,ENVOLVIMENTO,50,8,9,67,46,1.0,0.6666666666666666,0.5,0.6666666666666666,0.5714285714285714,FALHA DE FORMACAO DE CAMADA,1,HEALTHY_GT20,37.4563,10,0,0,0,-0.08766932,9,3,0.648742844040528,0
TRAVAMENTO DE ROLETES,ROLETE,8,2,2,12,11,1.0,0.5,1.0,0.5,0.6666666666666666,FALHA DE ROLETES,1,MEDIUM_11_20,37.3549,10,0,0,8,0.01334982,3,3,0.526959727903039,0
ESCAPE DE ESTEIRA,ESTEIRA,73,22,13,108,80,1.0,0.6923076923076923,0.8181818181818182,0.6923076923076923,0.75,FALHA DE ESTEIRA,2,HEALTHY_GT20,37.1791,10,0,0,0,-0.03008426,12,3,0.6442871389618021,0
FALHA DE CONEXAO DE MANGUEIRA,MANGUEIRA,6,1,1,8,8,1.0,1.0,0.3333333333333333,1.0,0.5,,0,LOW_SUPPORT_6_10,36.9048,20,12,2,12,0.0942353,0,0,0.6826303581942637,0
FALHA DE FORMACAO DE CAMADA,CAMADA,31,7,7,45,38,1.0,0.5714285714285714,0.6666666666666666,0.5714285714285714,0.6153846153846154,FALHA DE MANGUEIRA PNEUMATICA,1,HEALTHY_GT20,36.8756,10,0,0,0,-0.01673429,8,3,0.6008586104383201,0
FALHA DE VALVULA,VALVULA,40,8,7,55,50,1.0,0.7142857142857143,0.5555555555555556,0.7142857142857143,0.625,FALHA DE SINCRONISMO,1,HEALTHY_GT20,36.645,10,0,0,0,-0.18426854,6,3,0.5353772117358163,0
QUEDA DE GARRAFAS,GARRAFA,63,11,14,88,74,1.0,0.8571428571428571,0.6666666666666666,0.8571428571428571,0.75,FALHA DE PINCA,1,HEALTHY_GT20,36.5156,10,0,0,0,-0.02389834,5,3,0.654059456484738,2
FALHA DE PRESSAO DOS JATOS,OTHER_UNKNOWN,4,1,1,6,6,1.0,1.0,0.3333333333333333,1.0,0.5,,0,LOW_SUPPORT_6_10,36.4633,20,14,4,14,0.18679251,0,0,0.7273560364924876,0
FALHA DE ALIMENTACAO DE TAMPAS,TAMPA,16,3,4,23,22,1.0,0.5,1.0,0.5,0.6666666666666666,FALHA DE VIBRADOR,2,HEALTHY_GT20,35.0775,10,0,0,0,-0.01649534,6,3,0.5529552106932147,0
TRAVAMENTO DO SISTEMA DE COMPACTACAO,OTHER_UNKNOWN,3,1,1,5,5,1.0,1.0,1.0,1.0,1.0,,0,RARE_4_5,34.7097,20,15,5,15,0.32633024,1,1,0.5074550375102174,0
ROMPIMENTO DE FILME,FILME,19,7,3,29,22,1.0,0.6666666666666666,0.2857142857142857,0.6666666666666666,0.4,FALHA NO MANUSEIO DE CARTAO,1,HEALTHY_GT20,34.6838,20,0,0,0,-0.10530724,3,3,0.5794690791832446,0
TRAVAMENTO DE ATUADOR,ATUADOR,9,2,3,14,13,1.0,0.6666666666666666,0.5,0.6666666666666666,0.5714285714285714,QUEBRA DE ATUADOR,1,MEDIUM_11_20,34.4713,10,0,0,6,0.02207307,3,3,0.5507545471425273,0
FALHA DE ROLAMENTO,ROLAMENTO,9,2,2,13,12,1.0,0.5,1.0,0.5,0.6666666666666666,ROMPIMENTO DE FILME,1,MEDIUM_11_20,34.185,10,0,0,7,0.12950874,3,3,0.6976483466515456,0
FALHA DE VALVULA DE ENCHIMENTO,VALVULA,120,23,23,166,138,1.0,1.0,0.92,1.0,0.9583333333333334,,0,HEALTHY_GT20,34.0319,10,0,0,0,-0.23660356,1,1,0.5505804415371396,1
FALHA DE MAGAZINE,MAGAZINE,53,6,17,76,39,1.0,1.0,1.0,1.0,1.0,,0,HEALTHY_GT20,33.8952,10,0,0,0,0.19297252,22,2,0.6454968601277354,1
FALHA DE CALIBRACAO,OTHER_UNKNOWN,1,1,1,3,3,1.0,1.0,1.0,1.0,1.0,,0,VERY_RARE_2_3,33.7912,20,17,7,17,0.65723145,2,2,0.46281924181036027,0
FALHA DE AUTOMACAO,AUTOMACAO,11,2,3,16,15,1.0,0.6666666666666666,1.0,0.6666666666666666,0.8,FALHA DE REJEICAO,1,MEDIUM_11_20,33.5226,10,0,0,4,0.16430677,3,3,0.6880183522945349,1
TRAVAMENTO DE VALVULA,VALVULA,13,3,2,18,16,1.0,0.5,1.0,0.5,0.6666666666666666,FALHA DE RESFRIAMENTO,1,MEDIUM_11_20,33.4111,10,0,0,2,-0.05092672,2,2,0.5598118300798095,0
FALHA DE FREIO,OTHER_UNKNOWN,5,1,1,7,6,1.0,1.0,0.5,1.0,0.6666666666666666,,0,LOW_SUPPORT_6_10,33.3969,20,13,3,13,0.33182502,0,0,0.7152588623918742,0
FALHA NO BOTAO RESET,OTHER_UNKNOWN,3,1,1,5,4,1.0,1.0,1.0,1.0,1.0,,0,RARE_4_5,32.4896,20,15,5,15,0.69011632,2,2,0.5663448756464866,0
FALHA DE PINO,OTHER_UNKNOWN,2,1,1,4,4,1.0,1.0,1.0,1.0,1.0,,0,RARE_4_5,32.1905,20,16,6,16,0.3262926,0,0,0.5682507557302295,0
ROMPIMENTO DE MANGUEIRA DE AGUA,MANGUEIRA,1,1,1,3,3,1.0,1.0,1.0,1.0,1.0,,0,VERY_RARE_2_3,32.1613,20,17,7,17,0.47176892,0,0,0.4336481146827385,0
FALHA DE MEDIDOR,OTHER_UNKNOWN,1,1,1,3,3,1.0,1.0,1.0,1.0,1.0,,0,VERY_RARE_2_3,32.0392,20,17,7,17,0.3812176,0,0,0.5354970917230696,0
TRAVAMENTO DO CAPSULADOR,OTHER_UNKNOWN,1,0,1,2,2,1.0,1.0,1.0,1.0,1.0,,0,VERY_RARE_2_3,32.0188,20,18,8,18,0.74143523,1,1,0.41411472492582657,0
FALHA DE NOBREAK,OTHER_UNKNOWN,1,1,1,3,3,1.0,1.0,1.0,1.0,1.0,,0,VERY_RARE_2_3,31.5171,20,17,7,17,0.87178472,2,2,0.5274474356608759,0
FALHA DE TRANSPORTE DE LATAS,LATA,1,2,1,4,3,1.0,1.0,1.0,1.0,1.0,,0,RARE_4_5,31.3191,20,16,6,16,0.48571879,0,0,0.5203824123149634,0
FALHA DE SUPRIMENTO DE AR COMPRIMIDO,OTHER_UNKNOWN,7,1,1,9,7,1.0,1.0,1.0,1.0,1.0,,0,LOW_SUPPORT_6_10,31.3091,20,11,1,11,0.44842164,1,1,0.6248459393946538,0
PERDA DE REFERENCIA,OTHER_UNKNOWN,9,2,3,14,12,1.0,1.0,0.75,1.0,0.8571428571428571,,0,MEDIUM_11_20,31.1872,20,6,0,6,0.30301076,1,1,0.6515300498225021,0
FALHA NO ENVIO DE BEBIDA,OTHER_UNKNOWN,2,1,1,4,4,1.0,1.0,1.0,1.0,1.0,,0,RARE_4_5,31.1085,20,16,6,16,0.49154297,0,0,0.539202577333134,0
FALHA DE PARAMETRIZACAO,OTHER_UNKNOWN,3,1,1,5,5,1.0,1.0,1.0,1.0,1.0,,0,RARE_4_5,31.0191,20,15,5,15,0.30766772,0,0,0.6990309214021633,0
FALHA DE TULIPA,OTHER_UNKNOWN,3,1,1,5,5,1.0,1.0,1.0,1.0,1.0,,0,RARE_4_5,30.7373,20,15,5,15,0.32454892,0,0,0.7152974117757338,0
FALHA DE ELAU,OTHER_UNKNOWN,5,1,1,7,6,1.0,1.0,1.0,1.0,1.0,,0,LOW_SUPPORT_6_10,30.6018,20,13,3,13,0.30761958,0,0,0.6785946708048243,0
FALHA DE PENTE DE TRANSFERENCIA,OTHER_UNKNOWN,4,1,1,6,6,1.0,1.0,1.0,1.0,1.0,,0,LOW_SUPPORT_6_10,30.474,20,14,4,14,0.41458854,0,0,0.6345477524595776,0
DESLIGAMENTO INDEVIDO DO EQUIPAMENTO,OTHER_UNKNOWN,4,1,1,6,5,1.0,1.0,1.0,1.0,1.0,,0,LOW_SUPPORT_6_10,30.4286,20,14,4,14,0.53636692,0,0,0.5321668018320048,0
VAZAMENTO EM COLETOR,OTHER_UNKNOWN,5,1,1,7,5,1.0,1.0,1.0,1.0,1.0,,0,LOW_SUPPORT_6_10,30.3113,20,13,3,13,0.37959814,0,0,0.6474919994634274,0
FALHA DE ABA CONICA,OTHER_UNKNOWN,5,1,1,7,4,1.0,1.0,0.5,1.0,0.6666666666666666,,0,LOW_SUPPORT_6_10,30.2941,20,13,3,13,0.74955055,0,0,0.6863159106206049,0
FALHA DE VACUO,OTHER_UNKNOWN,6,1,1,8,8,1.0,1.0,1.0,1.0,1.0,,0,LOW_SUPPORT_6_10,30.1833,20,12,2,12,0.29404061,0,0,0.6939825640835668,0
FALHA DE EMPURRADOR,OTHER_UNKNOWN,2,1,1,4,4,1.0,1.0,1.0,1.0,1.0,,0,RARE_4_5,30.031,20,16,6,16,0.48717043,0,0,0.6672436026268295,0
FALHA DE TAMPAMENTO,TAMPA,12,3,3,18,18,1.0,0.6666666666666666,1.0,0.6666666666666666,0.8,QUEBRA DE ANEL O RING,1,MEDIUM_11_20,29.8249,10,0,0,2,-0.03701634,3,3,0.6093936708637852,0
FALHA DE PINCA,PINCA,36,13,10,59,45,1.0,0.9,0.8181818181818182,0.9,0.8571428571428571,FALHA NO SISTEMA DE INSERCAO DE FALSA GARRAFA,1,HEALTHY_GT20,29.684,10,0,0,0,0.02226694,9,2,0.6594957917448621,0
FALHA DE MOLA,OTHER_UNKNOWN,7,1,1,9,8,1.0,1.0,1.0,1.0,1.0,,0,LOW_SUPPORT_6_10,29.1237,20,11,1,11,0.35365772,0,0,0.7100584175183313,0
FALHA DE VEDACAO,OTHER_UNKNOWN,1,1,1,3,3,1.0,1.0,1.0,1.0,1.0,,0,VERY_RARE_2_3,28.9043,20,17,7,17,0.58508572,0,0,0.7131665160690791,0
FALHA DE VALVULA MODULADORA,VALVULA,12,3,3,18,17,1.0,0.6666666666666666,1.0,0.6666666666666666,0.8,FALHA DE VALVULA,1,MEDIUM_11_20,28.8663,10,0,0,2,0.14670093,3,1,0.5596722179516009,0
DESARME DE MOTOR,MOTOR,19,4,5,28,24,1.0,0.8,0.8,0.8,0.8,FALHA DE MOTOR,1,HEALTHY_GT20,28.5782,10,0,0,0,-0.03736331,3,3,0.5298027447705292,0
QUEIMA DE FILAMENTO,OTHER_UNKNOWN,3,1,1,5,5,1.0,1.0,1.0,1.0,1.0,,0,RARE_4_5,28.5581,20,15,5,15,0.60443077,0,0,0.7062453054031178,0
FALHA DE MANDRIL,OTHER_UNKNOWN,9,2,2,13,12,1.0,1.0,1.0,1.0,1.0,,0,MEDIUM_11_20,28.2373,20,7,0,7,0.21002673,0,0,0.7182962656292371,0
FALHA DE BAILARINA,OTHER_UNKNOWN,5,2,1,8,6,1.0,1.0,1.0,1.0,1.0,,0,LOW_SUPPORT_6_10,28.1952,20,12,2,12,0.51305291,0,0,0.7170505619256825,0
TREPIDACAO DE LATAS,LATA,2,1,1,4,3,1.0,1.0,1.0,1.0,1.0,,0,RARE_4_5,27.9696,20,16,6,16,0.69729578,0,0,0.709196919289078,0
QUEBRA DE ATUADOR,ATUADOR,6,1,1,8,8,1.0,1.0,0.5,1.0,0.6666666666666666,,0,LOW_SUPPORT_6_10,27.46,10,2,2,12,0.12620844,1,1,0.645570181821297,0
FALHA DE CORTE DE FILME,FILME,41,8,8,57,47,1.0,0.875,0.7777777777777778,0.875,0.8235294117647058,FALHA DE ENVOLVIMENTO,1,HEALTHY_GT20,27.065,10,0,0,0,0.04272873,3,2,0.6797619434736059,0
FALHA NA REFRIGERACAO DE FUNDO,OTHER_UNKNOWN,7,1,1,9,6,1.0,1.0,1.0,1.0,1.0,,0,LOW_SUPPORT_6_10,27.0636,20,11,1,11,0.59451397,0,0,0.7219721731936722,0
FALHA DE PEGADOR,PEGADOR,19,4,4,27,25,1.0,0.75,1.0,0.75,0.8571428571428571,FALHA NA PEGA DE GARRAFAS,1,HEALTHY_GT20,26.9958,10,0,0,0,-0.04895336,3,3,0.6863183911983969,0
TRAVAMENTO DE PALETE,PALETE,7,1,1,9,9,1.0,1.0,0.5,1.0,0.6666666666666666,,0,LOW_SUPPORT_6_10,26.9909,10,1,1,11,-0.12213804,0,0,0.6384680751929489,0
FALHA DE COMUNICACAO,COMUNICACAO,52,9,8,69,44,1.0,0.75,0.8571428571428571,0.75,0.8,QUEIMA DA PLACA DEVICENET,2,HEALTHY_GT20,26.9474,10,0,0,0,0.47207127,6,3,0.7658395403689062,0
FALHA DE ROBO,ROBO,23,4,3,30,23,1.0,1.0,0.5,1.0,0.6666666666666666,,0,HEALTHY_GT20,26.8275,10,0,0,0,-0.00255927,0,0,0.5983265799152232,1
DESALINHAMENTO DE GUIA,GUIA,7,1,1,9,9,1.0,1.0,0.5,1.0,0.6666666666666666,,0,LOW_SUPPORT_6_10,26.5553,10,1,1,11,0.02835981,0,0,0.5577560386043567,0
FALHA DE MODULO,OTHER_UNKNOWN,3,1,2,6,3,1.0,1.0,1.0,1.0,1.0,,0,LOW_SUPPORT_6_10,26.0409,20,14,4,14,0.89269838,0,0,0.6970030217734772,0
QUEBRA DE CORREIA,CORREIA,15,3,3,21,20,1.0,0.6666666666666666,1.0,0.6666666666666666,0.8,FALHA DE SINCRONISMO,1,HEALTHY_GT20,26.0077,10,0,0,0,0.121892,2,2,0.6673237826550811,0
QUEBRA DE CORRENTE,CORRENTE,4,1,1,6,5,1.0,1.0,0.5,1.0,0.6666666666666666,,0,LOW_SUPPORT_6_10,25.1877,10,4,4,14,0.34996414,0,0,0.5408445800869334,0
FALHA DE TRANSPORTE DE PACOTES,PACOTE,3,1,1,5,5,1.0,1.0,0.5,1.0,0.6666666666666666,,0,RARE_4_5,25.0768,10,5,5,15,0.21888405,0,0,0.6982108814133803,0
FALHA DE FONTE DE ALIMENTACAO,OTHER_UNKNOWN,8,0,1,9,2,1.0,1.0,1.0,1.0,1.0,,0,LOW_SUPPORT_6_10,24.9371,20,11,1,11,0.83676912,0,0,0.7395835298910858,0
TRAVAMENTO DE GARRAFAS NA SAIDA DA LAVADORA,GARRAFA,1,1,1,3,3,1.0,1.0,0.5,1.0,0.6666666666666666,,0,VERY_RARE_2_3,24.8639,10,7,7,17,0.40939355,0,0,0.5690504397037791,0
FALHA DE ENGRENAGEM,ENGRENAGEM,7,1,1,9,8,1.0,1.0,0.5,1.0,0.6666666666666666,,0,LOW_SUPPORT_6_10,24.4441,10,1,1,11,0.15988511,0,0,0.6663446606112726,0
FALHA NO SISTEMA DE INSERCAO DE FALSA GARRAFA,GARRAFA,1,0,1,2,2,1.0,1.0,0.3333333333333333,1.0,0.5,,0,VERY_RARE_2_3,24.4096,10,8,8,18,0.68295282,0,0,0.5337336247836074,0
FALHA DE REGUA DE ENVOLVIMENTO,ENVOLVIMENTO,7,1,1,9,7,1.0,1.0,0.5,1.0,0.6666666666666666,,0,LOW_SUPPORT_6_10,24.3847,10,1,1,11,0.26311201,0,0,0.5862060157320315,0
FALHA NA TROCA DE PALETE DE FOLHA SEPARADORA,PALETE,4,1,1,6,4,1.0,1.0,0.3333333333333333,1.0,0.5,,0,LOW_SUPPORT_6_10,24.1161,10,4,4,14,0.47695082,0,0,0.7277969964760894,0
FALHA DE CODIFICACAO,IMPRESSAO,45,8,13,66,54,1.0,0.9230769230769232,0.9230769230769232,0.9230769230769232,0.9230769230769232,FALHA DE PINCA,1,HEALTHY_GT20,24.0225,10,0,0,0,0.12362753,3,1,0.7709205946524447,0
ESPUMAMENTO DE BEBIDA,OTHER_UNKNOWN,13,3,3,19,17,1.0,1.0,1.0,1.0,1.0,,0,MEDIUM_11_20,23.6145,20,1,0,1,0.33870512,0,0,0.7351296115964677,0
FALHA DE VIBRADOR,VIBRADOR,7,1,1,9,7,1.0,1.0,0.3333333333333333,1.0,0.5,,0,LOW_SUPPORT_6_10,23.4328,10,1,1,11,0.36513764,0,0,0.7719787936880169,0
ENROSCO DE CAIXAS,CAIXA,6,2,2,10,10,1.0,1.0,0.6666666666666666,1.0,0.8,,0,LOW_SUPPORT_6_10,23.3704,10,0,0,10,0.20317844,0,0,0.5581641679020659,0
FALHA DE DOSAGEM,DOSAGEM,5,1,1,7,7,1.0,1.0,1.0,1.0,1.0,,0,LOW_SUPPORT_6_10,23.2593,10,3,3,13,0.04971658,0,0,0.6171094914588817,0
FALHA DE CONEXAO PNEUMATICA,PNEUMATICO,3,1,1,5,5,1.0,1.0,1.0,1.0,1.0,,0,RARE_4_5,22.7889,10,5,5,15,0.16150321,0,0,0.6331426289037357,0
ESCAPE DE CORREIA,CORREIA,4,1,1,6,6,1.0,1.0,1.0,1.0,1.0,,0,LOW_SUPPORT_6_10,22.7884,10,4,4,14,0.246378,0,0,0.5302027290592555,0
FALHA DE MOTOR,MOTOR,49,11,9,69,62,1.0,1.0,0.9,1.0,0.9473684210526316,,0,HEALTHY_GT20,22.7306,10,0,0,0,-0.21564226,0,0,0.6507017153214253,0
FALHA DE PATINS,PATINS,9,2,2,13,11,1.0,1.0,1.0,1.0,1.0,,0,MEDIUM_11_20,22.28,10,0,0,7,0.07346804,1,1,0.63810550765982,0
ENROSCO DE TAMPAS,TAMPA,44,9,9,62,52,1.0,1.0,0.9,1.0,0.9473684210526316,,0,HEALTHY_GT20,22.2793,10,0,0,0,0.00918269,1,1,0.6858157382222684,0
TAMPA INVERTIDA,TAMPA,5,1,1,7,7,1.0,1.0,1.0,1.0,1.0,,0,LOW_SUPPORT_6_10,22.2411,10,3,3,13,0.2817234,0,0,0.5256049266934425,0
FALHA DE FORMACAO DE PACOTE,PACOTE,5,4,1,10,5,1.0,1.0,0.5,1.0,0.6666666666666666,,0,LOW_SUPPORT_6_10,22.1663,10,0,0,10,0.40450922,0,0,0.6512381722719712,0
FALHA DE SINCRONISMO,SINCRONISMO,40,8,10,58,48,1.0,1.0,0.6666666666666666,1.0,0.8,,0,HEALTHY_GT20,21.8873,10,0,0,0,0.0583041,1,1,0.7899443177162468,0
QUEBRA DE ESTEIRA,ESTEIRA,63,11,11,85,65,1.0,1.0,0.7333333333333333,1.0,0.8461538461538461,,0,HEALTHY_GT20,21.838,10,0,0,0,0.03066155,0,0,0.6954750187829043,0
FALHA DE ROLETES,ROLETE,34,6,6,46,40,1.0,1.0,0.75,1.0,0.8571428571428571,,0,HEALTHY_GT20,21.348,10,0,0,0,-0.1005273,0,0,0.6586782966023411,0
FALHA DE REGUA DE ARRASTE,GUIA,2,1,1,4,4,1.0,1.0,1.0,1.0,1.0,,0,RARE_4_5,20.987,10,6,6,16,0.50522983,0,0,0.5404652894915668,0
FALHA DE ALIMENTACAO DE PACOTES,PACOTE,6,1,1,8,7,1.0,1.0,1.0,1.0,1.0,,0,LOW_SUPPORT_6_10,20.9627,10,2,2,12,0.26032846,0,0,0.640670401174313,0
TRAVAMENTO DE ESTEIRA,ESTEIRA,14,3,3,20,19,1.0,1.0,1.0,1.0,1.0,,0,MEDIUM_11_20,20.8329,10,0,0,0,-0.03526469,1,1,0.485366319625083,0
FALHA DE ATUADOR DA VALVULA,VALVULA,2,1,1,4,4,1.0,1.0,1.0,1.0,1.0,,0,RARE_4_5,20.7922,10,6,6,16,0.50051555,0,0,0.567261558352647,0
ENROSCO DE PACOTES,PACOTE,29,7,14,50,33,1.0,1.0,0.8235294117647058,1.0,0.9032258064516128,,0,HEALTHY_GT20,20.7622,10,0,0,0,0.0298224,0,0,0.6025681815496328,0
PACOTE FORA DE POSICAO,PACOTE,1,1,1,3,3,1.0,1.0,1.0,1.0,1.0,,0,VERY_RARE_2_3,20.7331,10,7,7,17,0.63720316,0,0,0.4446573300346163,0
EXCESSO DE GARRAFA COM ROTULO,GARRAFA,6,3,2,11,10,1.0,1.0,1.0,1.0,1.0,,0,MEDIUM_11_20,20.7151,10,0,0,9,0.20754588,0,0,0.573968976234256,0
FALHA DE VALVULA DE XAROPE,VALVULA,1,0,1,2,2,1.0,1.0,1.0,1.0,1.0,,0,VERY_RARE_2_3,20.6647,10,8,8,18,0.6775026,0,0,0.38188429486708364,0
VIBRACAO DE ROBO,ROBO,4,1,2,7,4,1.0,1.0,1.0,1.0,1.0,,0,LOW_SUPPORT_6_10,20.6582,10,3,3,13,0.49331331,0,0,0.5121518392212341,0
DESARME DE MESA,MESA,1,0,2,3,2,1.0,1.0,1.0,1.0,1.0,,0,VERY_RARE_2_3,20.6255,10,7,7,17,0.72698018,0,0,0.37097527147928844,0
TRAVAMENTO DE ENGRENAGEM,ENGRENAGEM,3,1,6,10,5,1.0,1.0,1.0,1.0,1.0,,0,LOW_SUPPORT_6_10,20.5995,10,0,0,10,0.23886035,0,0,0.6074519472775882,0
FALHA NA MESA DE CARGA,MESA,3,1,1,5,5,1.0,1.0,1.0,1.0,1.0,,0,RARE_4_5,20.5244,10,5,5,15,0.44270887,0,0,0.6324281871431773,0
FALHA DE TRANSPORTE,TRANSPORTE,12,2,3,17,14,1.0,1.0,0.75,1.0,0.8571428571428571,,0,MEDIUM_11_20,20.3943,10,0,0,3,0.02097245,0,0,0.5818889212012569,0
FALHA DE PORTA DE SEGURANCA,SEGURANCA,10,2,3,15,14,1.0,1.0,0.75,1.0,0.8571428571428571,,0,MEDIUM_11_20,20.3333,10,0,0,5,0.04952791,0,0,0.6735942634273254,0
FALHA DE PRESSOSTATO,PRESSOSTATO,3,1,1,5,5,1.0,1.0,1.0,1.0,1.0,,0,RARE_4_5,20.0023,10,5,5,15,0.46975391,0,0,0.6663783405478394,0
FALHA DE SOLDA DE FILME,FILME,29,7,7,43,38,1.0,1.0,1.0,1.0,1.0,,0,HEALTHY_GT20,19.6855,10,0,0,0,-0.03548772,0,0,0.6161179316151608,0
DEFORMACAO DE SUPORTE,SUPORTE,1,1,1,3,3,1.0,1.0,1.0,1.0,1.0,,0,VERY_RARE_2_3,19.6719,10,7,7,17,0.63240507,0,0,0.5759442781374297,0
DESARME TERMICO,TEMPERATURA,2,1,3,6,4,1.0,1.0,1.0,1.0,1.0,,0,LOW_SUPPORT_6_10,19.6376,10,4,4,14,0.50875601,0,0,0.6428408994427754,0
DESARME DE TRANSPORTE,TRANSPORTE,12,3,9,24,18,1.0,1.0,0.75,1.0,0.8571428571428571,,0,HEALTHY_GT20,19.4961,10,0,0,0,-0.02924434,0,0,0.593336992758153,0
QUEBRA NO EIXO DA TAMPA DO ARROLHADOR,TAMPA,1,0,1,2,2,1.0,1.0,1.0,1.0,1.0,,0,VERY_RARE_2_3,19.399,10,8,8,18,0.68002021,0,0,0.5380304608291206,0
QUEBRA DE EIXO,EIXO,12,2,2,16,14,1.0,1.0,0.6666666666666666,1.0,0.8,,0,MEDIUM_11_20,19.3841,10,0,0,4,0.14240693,0,0,0.6938344744316378,0
DANIFICACAO DE GARRAFAS,GARRAFA,3,1,1,5,5,1.0,1.0,1.0,1.0,1.0,,0,RARE_4_5,19.1727,10,5,5,15,0.53026227,0,0,0.7045003307818775,0
FALHA DE INVERSOR,INVERSOR,69,14,18,101,83,1.0,1.0,1.0,1.0,1.0,,0,HEALTHY_GT20,19.0067,10,0,0,0,0.17947446,0,0,0.7435378639353692,0
PATINAGEM DE ESTEIRA,ESTEIRA,14,2,3,19,16,1.0,1.0,0.5,1.0,0.6666666666666666,,0,MEDIUM_11_20,18.8421,10,0,0,1,0.17827412,0,0,0.6788108089596511,0
FALHA NA DESCIDA DE TAMPAS,TAMPA,1,0,1,2,2,1.0,1.0,1.0,1.0,1.0,,0,VERY_RARE_2_3,18.5535,10,8,8,18,0.74102953,0,0,0.5822694131721373,0
VAZAMENTO EM VALVULA,VALVULA,13,3,3,19,18,1.0,1.0,1.0,1.0,1.0,,0,MEDIUM_11_20,18.401,10,0,0,1,-0.06521087,0,0,0.5917135968202808,0
FALHA DE ENCODER,ENCODER,6,2,2,10,10,1.0,1.0,1.0,1.0,1.0,,0,LOW_SUPPORT_6_10,18.2285,10,0,0,10,0.40197989,0,0,0.715036397617369,0
FALHA DE PLC,AUTOMACAO,7,3,2,12,10,1.0,1.0,1.0,1.0,1.0,,0,MEDIUM_11_20,18.1224,10,0,0,8,0.37994675,0,0,0.645011117539999,0
FALHA DE BOMBA,BOMBA,15,3,3,21,19,1.0,1.0,0.75,1.0,0.8571428571428571,,0,HEALTHY_GT20,18.0619,10,0,0,0,0.18289188,1,1,0.726525330813025,0
ETICADOR DE CORRENTE ESCAPOU,CORRENTE,1,0,1,2,2,1.0,1.0,1.0,1.0,1.0,,0,VERY_RARE_2_3,18.0218,10,8,8,18,0.66960484,0,0,0.7212517288731879,0
FALHA NA TROCA DE BOBINA,BOBINA,8,1,2,11,8,1.0,1.0,1.0,1.0,1.0,,0,MEDIUM_11_20,17.9762,10,0,0,9,0.37464508,0,0,0.7140949778255488,0
FALHA NA TROCA DE BANDEJA,BANDEJA,6,1,4,11,8,1.0,1.0,0.8,1.0,0.8888888888888888,,0,MEDIUM_11_20,17.8398,10,0,0,9,0.45984827,0,0,0.7705093132169085,0
FALHA NA PEGADA DE CAMADA,CAMADA,14,3,2,19,12,1.0,1.0,0.5,1.0,0.6666666666666666,,0,MEDIUM_11_20,17.7962,10,0,0,1,0.30801173,0,0,0.6786469928629648,0
FALHA DE DIMENSIONAMENTO DE CAMADA,CAMADA,1,0,1,2,2,1.0,1.0,1.0,1.0,1.0,,0,VERY_RARE_2_3,17.4954,10,8,8,18,0.80584407,0,0,0.6493069382157032,0
FALHA DE RECRAVACAO,RECRAVACAO,34,7,5,46,35,1.0,1.0,1.0,1.0,1.0,,0,HEALTHY_GT20,17.1738,10,0,0,0,0.1206506,0,0,0.7398043715278773,0
FALHA DE REDUTOR,REDUTOR,7,1,2,10,7,1.0,1.0,1.0,1.0,1.0,,0,LOW_SUPPORT_6_10,17.1263,10,0,0,10,0.45773415,0,0,0.7816006074328661,0
TRAVAMENTO DE CILINDRO ROTATIVO,CILINDRO,1,0,1,2,2,1.0,1.0,1.0,1.0,1.0,,0,VERY_RARE_2_3,16.994,10,8,8,18,0.73744532,0,0,0.7814253840380792,0
FALHA DE FLUXIMETRO,FLUXIMETRO,1,1,2,4,3,1.0,1.0,1.0,1.0,1.0,,0,RARE_4_5,16.6931,10,6,6,16,0.87495348,0,0,0.6909926141537064,0
FALHA DE BARREIRA,BARREIRA,31,5,5,41,33,1.0,1.0,0.7142857142857143,1.0,0.8333333333333334,,0,HEALTHY_GT20,16.371,10,0,0,0,0.31737601,0,0,0.785984356037701,0
FALHA NO AVANCO DE PALETES PARA PALETIZAR,PALETE,1,0,1,2,2,1.0,1.0,1.0,1.0,1.0,,0,VERY_RARE_2_3,16.2009,10,8,8,18,0.81101517,0,0,0.8063831225880808,0
FALHA DE ELEVADOR,ELEVADOR,26,3,3,32,23,1.0,1.0,1.0,1.0,1.0,,0,HEALTHY_GT20,15.8711,10,0,0,0,0.14983588,0,0,0.739070974384588,0
FALHA DE CONTROLE DE PROCESSO,PROCESSO,13,3,4,20,18,1.0,1.0,0.8,1.0,0.8888888888888888,,0,MEDIUM_11_20,15.577,10,0,0,0,0.12232561,0,0,0.7626756559133472,0
FALHA DE DESCAPSULAMENTO,DESCAPSULAMENTO,16,3,3,22,21,1.0,1.0,1.0,1.0,1.0,,0,HEALTHY_GT20,15.2062,10,0,0,0,0.11484856,0,0,0.7251487925334449,0
FALHA DE IHM,IHM,12,3,3,18,18,1.0,1.0,1.0,1.0,1.0,,0,MEDIUM_11_20,15.1668,10,0,0,2,0.25093616,0,0,0.7114695072213558,0
TRAVAMENTO DE SEGMENTOS,SEGMENTO,33,5,8,46,33,1.0,1.0,1.0,1.0,1.0,,0,HEALTHY_GT20,14.9452,10,0,0,0,0.3549252,0,0,0.768284738108405,0
FALHA DE SERVO MOTOR,SERVO_MOTOR,21,4,4,29,24,1.0,1.0,1.0,1.0,1.0,,0,HEALTHY_GT20,14.9099,10,0,0,0,0.21342699,0,0,0.7531589255631871,0
FALHA DE VENTOSA,VENTOSA,16,3,4,23,18,1.0,1.0,1.0,1.0,1.0,,0,HEALTHY_GT20,13.0856,10,0,0,0,0.31556206,0,0,0.7830273902019124,0
FALHA DE CONTROLE DE TEMPERATURA,TEMPERATURA,12,5,3,20,17,1.0,1.0,1.0,1.0,1.0,,0,MEDIUM_11_20,12.4047,10,0,0,0,0.38802362,0,0,0.7547768187887163,0
