priority_rank,active_learning_score,observation,current_label,family,train_support,rarity_bucket,top1,top1_score,top2,top2_score,top3,top3_score,margin_top1_top2,prototype_best_label,prototype_similarity,persistent_confusion,possible_label_noise,review_reason,human_decision,human_label,human_comment,reviewed_by,reviewed_at
1,48.3992,"ENROSCO DE ROTULO,FALHA NA APLICAÇÃO DO ROTULO",ENROSCO DE ROTULOS,ROTULO,10,MEDIUM_11_20,FALHA DE ROTULAGEM,1.0,ENROSCO DE ROTULOS,0.8333299501331003,FALHA DE COMUNICACAO,0.22601696015831668,0.1666700498668997,ENROSCO DE ROTULOS,0.5759491920471191,ENROSCO DE ROTULOS -> FALHA DE ROTULAGEM (9),False,PERSISTENT_CONFUSION,,,,,
2,43.7774,FALHA NYLON DO TENSOR DE ROTULOS DO AGREGADO 2 ORDEM: 30008219040,FALHA DO TENSOR DE ROTULOS,ROTULO,1,SINGLETON,FALHA DO TENSOR DE ROTULOS,1.0,ENROSCO DE ROTULOS,0.33178425317321586,FALHA DE ROTULAGEM,0.28572393393541984,0.6682157468267842,FALHA DO TENSOR DE ROTULOS,0.9999999403953552,,False,RARE_CLASS,,,,,
3,43.3897,"FALHA EXTRAÇÃO DE RÓTULOS, EXCESSO GERANDO PARADA LINATRONIC",FALHA DE EXTRACAO DE ROTULOS,ROTULO,1,SINGLETON,FALHA DE EXTRACAO DE ROTULOS,1.0,ENROSCO DE ROTULOS,0.33256988114661556,FALHA DE ROTULAGEM,0.27901181799645686,0.6674301188533844,FALHA DE EXTRACAO DE ROTULOS,1.000000238418579,,False,RARE_CLASS,,,,,
4,42.6237,FALHA TUNEL SECAGEM DE ROTULOS NA ENTRADA DA ROTULADORA,FALHA DE SECAGEM DE ROTULO,ROTULO,2,VERY_RARE_2_3,FALHA DE SECAGEM DE ROTULO,1.0,FALHA DE ROTULAGEM,0.3482814847023042,ENROSCO DE ROTULOS,0.3307920478998124,0.6517185152976959,FALHA DE SECAGEM DE ROTULO,0.9999998211860657,,False,RARE_CLASS,,,,,
5,41.3,"FALHA BANDEJA DE ROTULOS, A BANDEJA ESTÁ EM DESNIVEL, GERANDO ENROSCO DE ROTULOS ORDEM: 30008450158",ENROSCO DE ROTULOS,ROTULO,10,MEDIUM_11_20,FALHA NA TROCA DE BANDEJA,1.0,ENROSCO DE ROTULOS,0.9440323917363715,FALHA DE EXTRACAO DE ROTULOS,0.509047639409183,0.055967608263628454,FALHA NA TROCA DE BANDEJA,0.43887850642204285,ENROSCO DE ROTULOS -> FALHA NA TROCA DE BANDEJA (2),False,PERSISTENT_CONFUSION,,,,,
6,39.6307,FALHA NA TROCA DE ROTULOS PARA ESPONJA TROCA DE HASTE 30008367061,FALHA DE ROTULAGEM,ROTULO,12,MEDIUM_11_20,ENROSCO DE ROTULOS,1.0,FALHA NA TROCA DE BOBINA,0.6777936822933096,FALHA DE ROTULAGEM,0.6358034698103121,0.3222063177066904,FALHA NA TROCA DE BANDEJA,0.28845396637916565,FALHA DE ROTULAGEM -> ENROSCO DE ROTULOS (6),False,PERSISTENT_CONFUSION | MODEL_PROTOTYPE_FAMILY_DISAGREEMENT,,,,,
7,38.4389,ENROSCO DE ROTULO,ENROSCO DE ROTULOS,ROTULO,10,MEDIUM_11_20,ENROSCO DE ROTULOS,1.0,FALHA DE ROTULAGEM,0.3116780076457494,ENROSCO DE TAMPAS,0.23873230095259143,0.6883219923542506,ENROSCO DE ROTULOS,0.8880670666694641,ENROSCO DE ROTULOS -> FALHA DE ROTULAGEM (9),False,PERSISTENT_CONFUSION,,,,,
8,34.8043,FALHA NA APLICAÇÃO DE RÓTULO AGREGADO 2 BAIXA VELOCIDADE - COMPENSAÇÃO AUMENTO COLA,FALHA DE ROTULAGEM,ROTULO,12,MEDIUM_11_20,FALHA DE ROTULAGEM,1.0,ENROSCO DE ROTULOS,0.5715017096642561,FALHA DE APLICACAO DE COLA,0.5073808241569489,0.42849829033574394,FALHA DE APLICACAO DE COLA,0.44165539741516113,FALHA DE ROTULAGEM -> ENROSCO DE ROTULOS (6),False,PERSISTENT_CONFUSION,,,,,
9,34.3212,ENROSCO DE ROTULO NO AGREGADO 2 30008683278,ENROSCO DE ROTULOS,ROTULO,10,MEDIUM_11_20,ENROSCO DE ROTULOS,1.0,FALHA DE ROTULAGEM,0.31275032412748177,FALHA DO TENSOR DE ROTULOS,0.20899322817421204,0.6872496758725182,ENROSCO DE ROTULOS,0.6325626969337463,ENROSCO DE ROTULOS -> FALHA DE ROTULAGEM (9),False,PERSISTENT_CONFUSION,,,,,
10,33.6295,"FALHA PRESSÃO DO EMPURRADOR DE ROTULOS, OCASIONANDO ENROSCO DE ROTULOS DO AGREGADO 2",ENROSCO DE ROTULOS,ROTULO,10,MEDIUM_11_20,ENROSCO DE ROTULOS,1.0,FALHA DE ROTULAGEM,0.3281429932133767,FALHA DE EXTRACAO DE ROTULOS,0.17174592333058322,0.6718570067866233,ENROSCO DE ROTULOS,0.5752979516983032,ENROSCO DE ROTULOS -> FALHA DE ROTULAGEM (9),False,PERSISTENT_CONFUSION,,,,,
11,30.8206,FALHA NO DISPARODA INSPEÇÃO DE ROTULO DE CORPO AGREGADO 2 ORDEM: 30008457949,FALHA DE ROTULAGEM,ROTULO,12,MEDIUM_11_20,FALHA DE INSPECAO,1.0,FALHA DE ROTULAGEM,0.9153692749231983,ENROSCO DE ROTULOS,0.6726350530470226,0.0846307250768017,FALHA DE TERMOSTATO,0.34739843010902405,,False,MODEL_PROTOTYPE_FAMILY_DISAGREEMENT,,,,,
12,27.4034,FALHA NO PRESSÃO DO ROTULOS DO AGREGADO 1,FALHA DE ROTULAGEM,ROTULO,12,MEDIUM_11_20,FALHA DE ROTULAGEM,1.0,ENROSCO DE ROTULOS,0.4201820722584934,FALHA DO TENSOR DE ROTULOS,0.247767426402341,0.5798179277415065,FALHA DE ROTULAGEM,0.4371681213378906,FALHA DE ROTULAGEM -> ENROSCO DE ROTULOS (6),False,PERSISTENT_CONFUSION,,,,,
13,26.7598,AJUSTE NA PRESSÃO DO EMPURADOR DE ROTULO,FALHA DE ROTULAGEM,ROTULO,12,MEDIUM_11_20,FALHA DE ROTULAGEM,1.0,ENROSCO DE ROTULOS,0.3553719085912021,SEM MODO DE FALHA IDENTIFICADO,0.24180313062079098,0.6446280914087978,FALHA DE ROTULAGEM,0.4932336211204529,FALHA DE ROTULAGEM -> ENROSCO DE ROTULOS (6),False,PERSISTENT_CONFUSION,,,,,
14,25.8094,EXCESSO DE RÓTULO NA SAÍDA ENROSCO DE GARRAFAS,ENROSCO DE ROTULOS,ROTULO,10,MEDIUM_11_20,ENROSCO DE ROTULOS,1.0,ENROSCO DE GARRAFAS,0.615277941949035,EXCESSO DE GARRAFA COM ROTULO,0.40760748788434936,0.38472205805096504,ENROSCO DE ROTULOS,0.6448202729225159,,False,DIVERSITY_COVERAGE,,,,,
15,25.492,ACOMPANHAMENTO REJEITO POR INSPEÇÃO DE RÓTULO PARANDO ROTULADORA,FALHA DE ROTULAGEM,ROTULO,12,MEDIUM_11_20,FALHA DE ROTULAGEM,1.0,ENROSCO DE ROTULOS,0.30895231639773496,FALHA DE INSPECAO,0.30607835401953115,0.691047683602265,FALHA DE ROTULAGEM,0.48104050755500793,FALHA DE ROTULAGEM -> ENROSCO DE ROTULOS (6),False,PERSISTENT_CONFUSION,,,,,
16,25.1659,FALHA NA APLICAÇÃO DOS ROTULOS NA GARRAFAS,FALHA DE ROTULAGEM,ROTULO,12,MEDIUM_11_20,FALHA DE ROTULAGEM,1.0,ENROSCO DE ROTULOS,0.2920728988064858,FALHA DE SECAGEM DE ROTULO,0.19102122233759056,0.7079271011935142,FALHA DE ROTULAGEM,0.4895881116390228,FALHA DE ROTULAGEM -> ENROSCO DE ROTULOS (6),False,PERSISTENT_CONFUSION,,,,,
17,24.5354,FALHA NA APLICAÇÃO DO ROTULO NAS GARRAFAS,FALHA DE ROTULAGEM,ROTULO,12,MEDIUM_11_20,FALHA DE ROTULAGEM,1.0,ENROSCO DE ROTULOS,0.24088376691207206,FALHA DE CODIFICACAO,0.16287862941979364,0.759116233087928,FALHA DE ROTULAGEM,0.5263766050338745,FALHA DE ROTULAGEM -> ENROSCO DE ROTULOS (6),False,PERSISTENT_CONFUSION,,,,,
18,23.2796,"FALHA EMPURRADOR DE ROTULO, TRAVOU A BANDEIJA",FALHA DE ROTULAGEM,ROTULO,12,MEDIUM_11_20,FALHA DE ROTULAGEM,1.0,ENROSCO DE ROTULOS,0.2751151677328871,FALHA DE EMPURRADOR,0.15976282437007466,0.7248848322671129,FALHA DE ROTULAGEM,0.39759570360183716,FALHA DE ROTULAGEM -> ENROSCO DE ROTULOS (6),False,PERSISTENT_CONFUSION,,,,,
19,22.5803,"FALHA CHECKMATE, OCASIONANDO FALSO REJEITO NA SAIDA DA ROTULADORA",FALHA DE ROTULAGEM,ROTULO,12,MEDIUM_11_20,FALHA DE REJEICAO,1.0,FALHA DE ROTULAGEM,0.5542594447296908,FALHA DE SECAGEM DE ROTULO,0.28592000455405414,0.4457405552703092,FALHA DE REJEICAO,0.35320383310317993,,False,MODEL_PROTOTYPE_FAMILY_DISAGREEMENT,,,,,
20,21.5791,FALHA TRNSPORTE NA ENTRADA DA ROTULADORA,FALHA DE ROTULAGEM,ROTULO,12,MEDIUM_11_20,FALHA DE ROTULAGEM,1.0,FALHA DE SECAGEM DE ROTULO,0.5170231195474362,FALHA DE ELEVADOR,0.21451686311542986,0.4829768804525638,FALHA DE SECAGEM DE ROTULO,0.559711754322052,,False,DIVERSITY_COVERAGE,,,,,
21,16.8026,ENROSCO DE ROTULO 30008653925,ENROSCO DE ROTULOS,ROTULO,10,MEDIUM_11_20,ENROSCO DE ROTULOS,1.0,ENROSCO DE GARRAFAS,0.1822075783974053,EXCESSO DE GARRAFA COM ROTULO,0.11521557793722434,0.8177924216025947,ENROSCO DE ROTULOS,0.6593170762062073,,False,DIVERSITY_COVERAGE,,,,,
22,16.6533,ENROSCO DE GARRAFA NA SAIDA POR EXCESSO DE RÓTULOS,ENROSCO DE ROTULOS,ROTULO,10,MEDIUM_11_20,ENROSCO DE ROTULOS,1.0,ENROSCO DE GARRAFAS,0.2571967782990271,EXCESSO DE GARRAFA COM ROTULO,0.21320430358534662,0.7428032217009729,ENROSCO DE ROTULOS,0.5402237772941589,,False,DIVERSITY_COVERAGE,,,,,
23,15.9096,"FALHA TANGECIAMENTO DO ROLO, OCASIONANDO ENROSCO DE ROTULOS DO AGREGADO 2",ENROSCO DE ROTULOS,ROTULO,10,MEDIUM_11_20,ENROSCO DE ROTULOS,1.0,DESALINHAMENTO DE AGREGADO,0.24372656348267327,FALHA DO TENSOR DE ROTULOS,0.1984411730384513,0.7562734365173267,ENROSCO DE ROTULOS,0.5173913836479187,,False,DIVERSITY_COVERAGE,,,,,
24,15.2502,ENROSCO DE ROTULO ( CASTELO DANIFICADO ),ENROSCO DE ROTULOS,ROTULO,10,MEDIUM_11_20,ENROSCO DE ROTULOS,1.0,FALHA DE ESTEIRA,0.12272453321902609,DESALINHAMENTO DE AGREGADO,0.08740739860936303,0.8772754667809739,ENROSCO DE ROTULOS,0.6243607401847839,,False,DIVERSITY_COVERAGE,,,,,
25,12.3486,"ENTRANDO RÓTULO NA SALA DE ENVASE, CAINDO GARRAFA NO ALINHADOR E DANDO FALHA NO LINATRONIC.",FALHA DE ROTULAGEM,ROTULO,12,MEDIUM_11_20,FALHA DE ROTULAGEM,1.0,FALHA DE SENSOR,0.27219642629911506,QUEDA DE GARRAFAS,0.2112014481152315,0.727803573700885,FALHA DE ROTULAGEM,0.5089541673660278,,False,DIVERSITY_COVERAGE,,,,,
26,12.1957,"ENROSCO DE ROTULOS DO AGREGADO 1, AS ESPONJAS ANTIGAS NÃO ESTAVA ABSORVENDO A AGUA, FOI NECESSARIO AUMENTAR UM VOLUME DA AGUA",ENROSCO DE ROTULOS,ROTULO,10,MEDIUM_11_20,ENROSCO DE ROTULOS,1.0,FALHA DO TENSOR DE ROTULOS,0.16991098102805924,DESALINHAMENTO DE AGREGADO,0.12027276833204852,0.8300890189719408,ENROSCO DE ROTULOS,0.3766382932662964,,False,DIVERSITY_COVERAGE,,,,,
27,12.1873,"EXCESSO DE GARRAFA COM RÓTULO NA SALA DE ENVASE, CAINDO GARRAFA NO ALINHADOR E LINATRONIC PARANDO LINATRONIC",FALHA DE ROTULAGEM,ROTULO,12,MEDIUM_11_20,FALHA DE ROTULAGEM,1.0,EXCESSO DE GARRAFA COM ROTULO,0.298965192914216,QUEDA DE GARRAFAS,0.26688480680179966,0.7010348070857839,FALHA DE ROTULAGEM,0.46286407113075256,,False,DIVERSITY_COVERAGE,,,,,
28,12.0239,"ENROSCO DE ROTULOS DO AGREGADO 1, AS ESPONJAS ANTIGAS NÃO ESTAVA ABSORVENDO A AGUA, FOI NECESSARIO AUMENTAR UM VOLUME DA AGUA 30008406828",ENROSCO DE ROTULOS,ROTULO,10,MEDIUM_11_20,ENROSCO DE ROTULOS,1.0,FALHA DO TENSOR DE ROTULOS,0.1644494076760514,DESALINHAMENTO DE AGREGADO,0.11066302023910654,0.8355505923239486,ENROSCO DE ROTULOS,0.37395593523979187,,False,DIVERSITY_COVERAGE,,,,,
29,11.8433,FALHA AUTOMAÇÃO NO TRANSPORTE NA ENTRADA DA ROTULADORA,FALHA DE ROTULAGEM,ROTULO,12,MEDIUM_11_20,FALHA DE ROTULAGEM,1.0,FALHA DE AUTOMACAO,0.28681445216517404,FALHA DE SECAGEM DE ROTULO,0.25370046388969036,0.7131855478348259,FALHA DE ROTULAGEM,0.45688050985336304,,False,DIVERSITY_COVERAGE,,,,,
30,11.6946,"EXCESSO DE GARRAFA COM RÓTULO NA SALA DE ENVASE, CAINDO GARRAFA NO ALINHADOR E LINATRONIC.",FALHA DE ROTULAGEM,ROTULO,12,MEDIUM_11_20,FALHA DE ROTULAGEM,1.0,EXCESSO DE GARRAFA COM ROTULO,0.25767589065263374,QUEDA DE GARRAFAS,0.24639201546422188,0.7423241093473663,FALHA DE ROTULAGEM,0.4898306727409363,,False,DIVERSITY_COVERAGE,,,,,
31,10.9894,"FALHA INSPEÇÃO RÓTULO FRENTE ,REALIZADO APRENDIZAGEM DE CCSA PARA CCZ",FALHA DE ROTULAGEM,ROTULO,12,MEDIUM_11_20,FALHA DE ROTULAGEM,1.0,FALHA DE INSPECAO,0.3170848399750126,ENROSCO DE ROTULOS,0.27363075216596566,0.6829151600249874,FALHA DE ROTULAGEM,0.3554896116256714,,False,DIVERSITY_COVERAGE,,,,,
32,10.1719,"FALHA TRANSPORTE DA ROTULADORA, PERDEU PARAMETROS",FALHA DE ROTULAGEM,ROTULO,12,MEDIUM_11_20,FALHA DE ROTULAGEM,1.0,FALHA DE TRANSPORTE,0.2402118348771615,FALHA DE SECAGEM DE ROTULO,0.23363993803874514,0.7597881651228385,FALHA DE ROTULAGEM,0.4102993309497833,,False,DIVERSITY_COVERAGE,,,,,
33,10.1119,AJUSTE NO SINCRONISMO DA ESTRELA DE TRANSFERENCIA ROTULADORA/ENCHEDORA NOTA N°30008248232,FALHA DE ROTULAGEM,ROTULO,12,MEDIUM_11_20,FALHA DE ROTULAGEM,1.0,FALHA DE SINCRONISMO,0.29112613681168353,SEM MODO DE FALHA IDENTIFICADO,0.18531460734515703,0.7088738631883165,FALHA DE ROTULAGEM,0.33460918068885803,,False,DIVERSITY_COVERAGE,,,,,
