label_a,label_b,relation,support_a,support_b,confusion_count,semantic_similarity,separation_margin,recommended_action,confidence,human_decision,human_canonical_label,human_comment
FALHA DE MAGAZINE,FALHA DE ELEVADOR,NO_RECORDED_RELATION,76,32,22,0.58823529,0.14983588,REVIEW_FAMILY,HIGH,,,
FALHA DE ENCHIMENTO,FALHA DE VALVULA DE ENCHIMENTO,GENERIC_SPECIFIC,145,166,16,0.7755102,-0.31550565,REVIEW_GENERIC_SPECIFIC,MEDIUM,,,
ENROSCO DE ROTULOS,FALHA DE ROTULAGEM,NO_RECORDED_RELATION,16,20,9,0.5,-0.03368355,INSUFFICIENT_EVIDENCE,HIGH,,,
FALHA DE ACUMULO NO TRANSPORTE,FALHA DE SINCRONISMO,NO_RECORDED_RELATION,14,58,9,0.48,0.0583041,REVIEW_FAMILY,HIGH,,,
SEM MODO DE FALHA IDENTIFICADO,FALHA DE ENVOLVIMENTO,NO_RECORDED_RELATION,100,67,9,0.431373,-0.08766932,REVIEW_FAMILY,HIGH,,,
TRAVAMENTO DE ROBO,FALHA DE ROBO,NO_RECORDED_RELATION,13,30,6,0.64516129,-0.00255927,KEEP_SEPARATE,HIGH,,,
FALHA DE ELO DE ESTEIRA,QUEBRA DE ESTEIRA,NO_RECORDED_RELATION,11,85,6,0.6,0.03066155,KEEP_SEPARATE,HIGH,,,
FALHA DE ROTULAGEM,ENROSCO DE ROTULOS,NO_RECORDED_RELATION,20,16,6,0.5,-0.03368355,INSUFFICIENT_EVIDENCE,HIGH,,,
FALHA DE ALIMENTACAO DE TAMPAS,FALHA DE VIBRADOR,NO_RECORDED_RELATION,23,9,6,0.46808511,-0.01649534,REVIEW_FAMILY,HIGH,,,
ENROSCO DE LATAS,DESARME DE EQUIPAMENTO,NO_RECORDED_RELATION,28,4,6,0.421053,0.07281024,REVIEW_FAMILY,HIGH,,,
PATINS FORA DE POSICAO,QUEDA DE PACOTES,NO_RECORDED_RELATION,9,5,6,0.421053,0.41997753,REVIEW_FAMILY,HIGH,,,
QUEDA DE LATAS,ROMPIMENTO DE FILME,NO_RECORDED_RELATION,34,29,6,0.36363636,-0.10530724,REVIEW_FAMILY,HIGH,,,
FALHA DE COMUNICACAO,QUEIMA DA PLACA DEVICENET,NO_RECORDED_RELATION,69,1,6,0.355556,0.47207127,INSUFFICIENT_EVIDENCE,HIGH,,,
FALHA NA TROCA DE PALETE DE CARTAO,FALHA NA TROCA DE PALETE DE FOLHA SEPARADORA,PERSISTENT_CONFUSION,20,6,4,0.82051282,0.27809274,TAXONOMY_REVIEW,HIGH,,,
ESCAPE DE ESTEIRA,FALHA DE ESTEIRA,NO_RECORDED_RELATION,108,36,4,0.727273,-0.18977401,KEEP_SEPARATE,MEDIUM,,,
FALHA DE TRACAO GUIAMENTO DE FILME,FALHA DE CORTE DE FILME,NO_RECORDED_RELATION,13,57,4,0.70175439,0.04272873,KEEP_SEPARATE,HIGH,,,
FALHA DE FILTRO,FALHA DE VEDACAO DA VALVULA,PERSISTENT_CONFUSION,4,7,4,0.47619048,0.33417086,COLLECT_MORE_DATA,HIGH,,,
FALHA DE PINCA,QUEBRA DE ESTEIRA,PERSISTENT_CONFUSION,59,85,4,0.4516129,0.02226694,INSUFFICIENT_EVIDENCE,MEDIUM,,,
QUEBRA DE COMPONENTE,FALHA DE SENSOR,NO_RECORDED_RELATION,25,397,4,0.4,-0.07062631,REVIEW_FAMILY,HIGH,,,
QUEDA DE LATAS,DEFORMACAO DESALINHAMENTO DE GUIA,NO_RECORDED_RELATION,34,12,4,0.340426,0.01453457,REVIEW_FAMILY,HIGH,,,
FALHA DE INSPECAO,ENROSCO DE LATAS,PERSISTENT_CONFUSION,98,28,4,0.3030303,-0.11638751,KEEP_SEPARATE,HIGH,,,
FALHA DO COLOCADOR DE CHAPATEX,FALHA DO COLOCADOR DE CARTAO,RELATED_NOT_EQUIVALENT,3,2,3,0.862069,0.71307355,KEEP_SEPARATE,MEDIUM,,,
ENROSCO DE LATAS,ENROSCO DE PACOTES,RELATED_NOT_EQUIVALENT,28,50,3,0.82352941,0.0298224,REVIEW_FAMILY,MEDIUM,,,
FALHA DE ENVOLVIMENTO,FALHA DE REGUA DE ENVOLVIMENTO,GENERIC_SPECIFIC,67,9,3,0.82352941,-0.08766932,REVIEW_GENERIC_SPECIFIC,MEDIUM,,,
DEFORMACAO DESALINHAMENTO DE GUIA,DESALINHAMENTO DE GUIA,GENERIC_SPECIFIC,12,9,3,0.8,0.02835981,REVIEW_GENERIC_SPECIFIC,MEDIUM,,,
FALHA DE MISTURA,FALHA DE MIXER,NO_RECORDED_RELATION,5,2,3,0.8,0.64157504,KEEP_SEPARATE,MEDIUM,,,
QUEBRA DE ENGRENAGEM,FALHA DE ENGRENAGEM,NO_RECORDED_RELATION,2,9,3,0.769231,0.15988511,KEEP_SEPARATE,MEDIUM,,,
FALHA DE MANGUEIRA,FALHA DE CONEXAO DE MANGUEIRA,GENERIC_SPECIFIC,3,8,3,0.76595745,0.0942353,REVIEW_GENERIC_SPECIFIC,MEDIUM,,,
FALHA DE REJEICAO,FALHA DE INSPECAO,NO_RECORDED_RELATION,93,98,3,0.764706,-0.11638751,REVIEW_FAMILY,MEDIUM,,,
TRAVAMENTO DE TRANSPORTE,DESARME DE TRANSPORTE,NO_RECORDED_RELATION,19,24,3,0.755556,-0.02924434,KEEP_SEPARATE,MEDIUM,,,
DESARME DE ESTEIRA,QUEBRA DE ESTEIRA,NO_RECORDED_RELATION,3,85,3,0.74285714,0.03066155,KEEP_SEPARATE,MEDIUM,,,
FALHA DE VALVULA DE NITROGENIO,FALHA NO DOSADOR DE NITROGENIO,NO_RECORDED_RELATION,3,5,3,0.73333333,0.39081964,REVIEW_FAMILY,MEDIUM,,,
FALHA DE ESTEIRA,QUEBRA DE ESTEIRA,NO_RECORDED_RELATION,36,85,3,0.727273,-0.18977401,KEEP_SEPARATE,MEDIUM,,,
ENROSCO DE GARRAFAS,QUEDA DE GARRAFAS,NO_RECORDED_RELATION,46,88,3,0.72222222,-0.17416727,KEEP_SEPARATE,MEDIUM,,,
FALHA DE ESTEIRA,PATINAGEM DE ESTEIRA,NO_RECORDED_RELATION,36,19,3,0.72222222,-0.18977401,KEEP_SEPARATE,MEDIUM,,,
TRAVAMENTO DE PERSIANA,FALHA DE PERSIANA,NO_RECORDED_RELATION,4,1,3,0.717949,0.65477973,KEEP_SEPARATE,MEDIUM,,,
SOBRECORRENTE,QUEBRA DE CORRENTE,NO_RECORDED_RELATION,5,6,3,0.70967742,0.34996414,KEEP_SEPARATE,MEDIUM,,,
FALHA NO CORTE DE TUBETES,FALHA DE CORTE DE FILME,NO_RECORDED_RELATION,11,57,3,0.70833333,0.04272873,REVIEW_FAMILY,MEDIUM,,,
TRAVAMENTO DE ROLETES,FALHA DE ROLETES,NO_RECORDED_RELATION,12,46,3,0.702703,-0.1005273,KEEP_SEPARATE,MEDIUM,,,
FALHA DE AUTOMACAO,FALHA DE REJEICAO,NO_RECORDED_RELATION,16,93,3,0.68571429,-0.07340203,REVIEW_FAMILY,MEDIUM,,,
FALHA DE CARBONATACAO,FALHA DE BOMBA,NO_RECORDED_RELATION,10,21,3,0.68571429,0.18289188,REVIEW_FAMILY,MEDIUM,,,
TRAVAMENTO DE ATUADOR,QUEBRA DE ATUADOR,NO_RECORDED_RELATION,14,8,3,0.684211,0.02207307,KEEP_SEPARATE,MEDIUM,,,
DESARME DE DISJUNTOR,DESARME DE TRANSPORTE,NO_RECORDED_RELATION,3,24,3,0.682927,-0.02924434,REVIEW_FAMILY,MEDIUM,,,
DESARME DE MOTOR,FALHA DE MOTOR,NO_RECORDED_RELATION,28,69,3,0.666667,-0.21564226,KEEP_SEPARATE,MEDIUM,,,
FALHA DE CAMERA,FALHA DE ROTULAGEM,NO_RECORDED_RELATION,4,20,3,0.666667,-0.03368355,REVIEW_FAMILY,MEDIUM,,,
FALHA DE REJEICAO,FALHA DE ENCHIMENTO,NO_RECORDED_RELATION,93,145,3,0.666667,-0.31550565,REVIEW_FAMILY,MEDIUM,,,
ESCAPE DE ESTEIRA,PATINAGEM DE ESTEIRA,NO_RECORDED_RELATION,108,19,3,0.648649,-0.03008426,KEEP_SEPARATE,MEDIUM,,,
FALHA DE PEGADOR,FALHA NA PEGA DE GARRAFAS,NO_RECORDED_RELATION,27,1,3,0.63414634,-0.04895336,REVIEW_FAMILY,MEDIUM,,,
FALHA DE SENSOR,FALHA DE COMUNICACAO,NO_RECORDED_RELATION,397,69,3,0.62857143,-0.07062631,REVIEW_FAMILY,MEDIUM,,,
FALHA DE MANGUEIRA PNEUMATICA,FALHA DE CONEXAO DE MANGUEIRA,NO_RECORDED_RELATION,4,8,3,0.62069,0.0942353,KEEP_SEPARATE,MEDIUM,,,
FALHA NO VIRADOR DE CAIXAS,ENROSCO DE CAIXAS,NO_RECORDED_RELATION,2,10,3,0.60465116,0.20317844,KEEP_SEPARATE,MEDIUM,,,
FALHA DE CORREIA,FALHA DE ENVOLVIMENTO,NO_RECORDED_RELATION,14,67,3,0.594595,-0.08766932,REVIEW_FAMILY,MEDIUM,,,
QUEBRA DE TRANSPORTE,QUEDA DE GARRAFAS,NO_RECORDED_RELATION,10,88,3,0.594595,-0.02389834,REVIEW_FAMILY,MEDIUM,,,
FALHA NO SISTEMA DE CORTE,FALHA DE TRANSPORTE,NO_RECORDED_RELATION,4,17,3,0.59090909,0.02097245,REVIEW_FAMILY,MEDIUM,,,
ENROSCO DE GARRAFAS,TRAVAMENTO DE GARRAFAS NA SAIDA DA LAVADORA,NO_RECORDED_RELATION,46,3,3,0.59060633,-0.17416727,KEEP_SEPARATE,MEDIUM,,,
FALHA DE CONTAGEM,FALHA NA PEGADA DE CAMADA,NO_RECORDED_RELATION,12,19,3,0.571429,0.30801173,REVIEW_FAMILY,MEDIUM,,,
DESARME DE EQUIPAMENTO,DESARME DE TRANSPORTE,NO_RECORDED_RELATION,4,24,3,0.55814,-0.02924434,REVIEW_FAMILY,MEDIUM,,,
DESALINHAMENTO DE EIXO,QUEBRA DE EIXO,NO_RECORDED_RELATION,4,16,3,0.555556,0.14240693,KEEP_SEPARATE,MEDIUM,,,
FALHA DE FACA,FALHA DE CORTE DE FILME,NO_RECORDED_RELATION,3,57,3,0.555556,0.04272873,REVIEW_FAMILY,MEDIUM,,,
FALHA DE ALIMENTACAO DE GARRAFAS,FALHA DE SENSOR,NO_RECORDED_RELATION,8,397,3,0.55319149,-0.07062631,REVIEW_FAMILY,MEDIUM,,,
FALHA DE JATOS DE ENXAGUE,FALHA DE PRESSAO DOS JATOS,NO_RECORDED_RELATION,2,6,3,0.54902,0.18679251,INSUFFICIENT_EVIDENCE,MEDIUM,,,
AMASSAMENTO DE LATAS,ENROSCO DE TAMPAS,NO_RECORDED_RELATION,15,62,3,0.540541,0.00918269,REVIEW_FAMILY,MEDIUM,,,
FALHA NA SAIDA DE PALETES,FALHA DE BARREIRA,NO_RECORDED_RELATION,2,41,3,0.52381,0.31737601,REVIEW_FAMILY,MEDIUM,,,
FALHA DE INSPECAO,FALHA DE CONTROLE DE PROCESSO,NO_RECORDED_RELATION,98,20,3,0.52173913,-0.11638751,REVIEW_FAMILY,MEDIUM,,,
FALHA DE LEITURA,FALHA DE PARAMETRIZACAO DE RECEITA,NO_RECORDED_RELATION,2,1,3,0.52,0.7784491,INSUFFICIENT_EVIDENCE,MEDIUM,,,
FALHA DE PRESSURIZACAO DA ENCHEDORA,FALHA DE CABECOTE,NO_RECORDED_RELATION,2,3,3,0.5,0.55175725,REVIEW_FAMILY,MEDIUM,,,
FALHA DE VALVULA,FALHA DE SINCRONISMO,NO_RECORDED_RELATION,55,58,3,0.5,-0.18426854,REVIEW_FAMILY,MEDIUM,,,
QUEBRA DE TRANSPORTE,FALHA DE INSPECAO,NO_RECORDED_RELATION,10,98,3,0.48648649,-0.11638751,REVIEW_FAMILY,MEDIUM,,,
ESCAPE DE ESTEIRA,QUEDA DE GARRAFAS,NO_RECORDED_RELATION,108,88,3,0.47058824,-0.03008426,REVIEW_FAMILY,MEDIUM,,,
SEM MODO DE FALHA IDENTIFICADO,FALHA DE CABECOTE,NO_RECORDED_RELATION,100,3,3,0.46808511,-0.04908344,REVIEW_FAMILY,MEDIUM,,,
FALHA DE TWISTER,QUEDA DE LATAS,NO_RECORDED_RELATION,6,34,3,0.466667,0.01453457,REVIEW_FAMILY,MEDIUM,,,
FALHA DE FORMACAO DE CAMADA,FALHA DE MANGUEIRA PNEUMATICA,NO_RECORDED_RELATION,45,4,3,0.464286,-0.01673429,REVIEW_FAMILY,MEDIUM,,,
FALHA DE ENVOLVIMENTO,FALHA DE FORMACAO DE CAMADA,NO_RECORDED_RELATION,67,45,3,0.45833333,-0.08766932,REVIEW_FAMILY,MEDIUM,,,
DESALINHAMENTO MECANICO,SEM MODO DE FALHA IDENTIFICADO,NO_RECORDED_RELATION,11,100,3,0.45283019,-0.04908344,INSUFFICIENT_EVIDENCE,MEDIUM,,,
FALHA DE ENCHIMENTO,SEM MODO DE FALHA IDENTIFICADO,NO_RECORDED_RELATION,145,100,3,0.44898,-0.31550565,REVIEW_FAMILY,MEDIUM,,,
SEM MODO DE FALHA IDENTIFICADO,FALHA DE ENCHIMENTO,NO_RECORDED_RELATION,100,145,3,0.44898,-0.31550565,REVIEW_FAMILY,HIGH,,,
FALHA ELETRICA SEM COMPONENTE IDENTIFICADO,FALHA DE CABO DE SEGURANCA,NO_RECORDED_RELATION,7,1,3,0.44117647,0.27761391,REVIEW_FAMILY,MEDIUM,,,
QUEBRA DE PARAFUSO,FALHA DE FREIO,NO_RECORDED_RELATION,13,7,3,0.4375,0.06519387,INSUFFICIENT_EVIDENCE,MEDIUM,,,
FALHA DE ESTEIRA,QUEDA DE GARRAFAS,NO_RECORDED_RELATION,36,88,3,0.42424242,-0.18977401,REVIEW_FAMILY,MEDIUM,,,
FALHA DE CORRENTE,QUEDA DE GARRAFAS,NO_RECORDED_RELATION,3,88,3,0.411765,-0.02389834,REVIEW_FAMILY,MEDIUM,,,
DESALINHAMENTO DE AGREGADO,ENROSCO DE ROTULOS,NO_RECORDED_RELATION,7,16,3,0.409091,0.13250103,REVIEW_FAMILY,MEDIUM,,,
FALHA DE TAMPAMENTO,QUEBRA DE ANEL O RING,NO_RECORDED_RELATION,18,1,3,0.4,-0.03701634,REVIEW_FAMILY,MEDIUM,,,
VELOCIDADE REDUZIDA SEM CAUSA IDENTIFICADA,FALHA DE VELOCIDADE DO TRANSPORTE,NO_RECORDED_RELATION,8,14,3,0.39951903,0.11525967,REVIEW_FAMILY,MEDIUM,,,
FALHA DE VALVULA,SEM MODO DE FALHA IDENTIFICADO,NO_RECORDED_RELATION,55,100,3,0.39130435,-0.18426854,REVIEW_FAMILY,MEDIUM,,,
QUEDA DE GARRAFAS,FALHA DE PINCA,NO_RECORDED_RELATION,88,59,3,0.387097,-0.02389834,REVIEW_FAMILY,MEDIUM,,,
FALHA DE FORMACAO DE CAMADA,TRAVAMENTO DE PALETE,NO_RECORDED_RELATION,45,9,3,0.382979,-0.12213804,REVIEW_FAMILY,MEDIUM,,,
DESALINHAMENTO MECANICO,FALHA DE ABA CONICA,NO_RECORDED_RELATION,11,7,3,0.38095238,-0.01587787,INSUFFICIENT_EVIDENCE,MEDIUM,,,
FALHA DE ROLAMENTO,ROMPIMENTO DE FILME,NO_RECORDED_RELATION,13,29,3,0.37837838,-0.10530724,REVIEW_FAMILY,MEDIUM,,,
FALHA DE LEITURA DA GARRAFA TESTE,SEM MODO DE FALHA IDENTIFICADO,NO_RECORDED_RELATION,2,100,3,0.34920635,-0.04908344,REVIEW_FAMILY,MEDIUM,,,
ROMPIMENTO DE FILME,FALHA NO MANUSEIO DE CARTAO,NO_RECORDED_RELATION,29,27,3,0.34782609,-0.10530724,REVIEW_FAMILY,MEDIUM,,,
SEM MODO DE FALHA IDENTIFICADO,FALHA NO DOSADOR DE NITROGENIO,NO_RECORDED_RELATION,100,5,3,0.33333333,-0.04908344,REVIEW_FAMILY,MEDIUM,,,
ENROSCO DE LATAS,FALHA DE REJEICAO,NO_RECORDED_RELATION,28,93,3,0.3030303,-0.07340203,REVIEW_FAMILY,MEDIUM,,,
VAZAMENTO,FALHA DE PRESSAO DOS JATOS,NO_RECORDED_RELATION,3,6,3,0.28571429,0.18679251,INSUFFICIENT_EVIDENCE,MEDIUM,,,
TRAVAMENTO DE TRANSPORTE,SOBRECORRENTE,NO_RECORDED_RELATION,19,5,3,0.27027027,0.03408371,REVIEW_FAMILY,MEDIUM,,,
CURTO CIRCUITO,FALHA DE SENSOR,NO_RECORDED_RELATION,11,397,3,0.080598,-0.07062631,REVIEW_FAMILY,MEDIUM,,,
FALHA DE ELO DE ESTEIRA,FALHA DE ESTEIRA,GENERIC_SPECIFIC,11,36,2,0.820513,-0.18977401,REVIEW_GENERIC_SPECIFIC,MEDIUM,,,
FALHA DE INSPECAO,FALHA DE SENSOR,PERSISTENT_CONFUSION,98,397,2,0.75,-0.11638751,INSUFFICIENT_EVIDENCE,MEDIUM,,,
FALHA DE ATUADOR,QUEBRA DE ATUADOR,NO_RECORDED_RELATION,2,8,2,0.727273,0.12620844,KEEP_SEPARATE,MEDIUM,,,
FALHA DE SENSOR,FALHA DE ENCHIMENTO,NO_RECORDED_RELATION,397,145,2,0.70588235,-0.31550565,REVIEW_FAMILY,MEDIUM,,,
FALHA ELETRONICA DA VALVULA,FALHA DE VALVULA,PERSISTENT_CONFUSION,4,55,2,0.69767442,-0.18426854,GENERIC_SPECIFIC_REVIEW,MEDIUM,,,
FALHA NO MANUSEIO DE CARTAO,FALHA NA TROCA DE PALETE DE CARTAO,NO_RECORDED_RELATION,27,20,2,0.688525,0.13939748,KEEP_SEPARATE,MEDIUM,,,
COLAPSO DE LATAS,AMASSAMENTO DE LATAS,NO_RECORDED_RELATION,9,15,2,0.666667,0.17335006,KEEP_SEPARATE,MEDIUM,,,
FALHA DE PINCA,TRAVAMENTO DE PINCA,NO_RECORDED_RELATION,59,2,2,0.666667,0.02226694,KEEP_SEPARATE,MEDIUM,,,
FALHA NA INSERCAO DE LATAS FALSAS,FALHA NO SISTEMA DE INSERCAO DE FALSA GARRAFA,PERSISTENT_CONFUSION,3,2,2,0.66666667,0.68295282,COLLECT_MORE_DATA,HIGH,,,
FALHA DE TRACAO GUIAMENTO DE FILME,ROMPIMENTO DE FILME,PERSISTENT_CONFUSION,13,29,2,0.64150943,-0.10530724,INSUFFICIENT_EVIDENCE,MEDIUM,,,
DESNIVELAMENTO DE ESTEIRA,QUEBRA DE ESTEIRA,NO_RECORDED_RELATION,4,85,2,0.619048,0.03066155,KEEP_SEPARATE,MEDIUM,,,
FALHA DE CORTE DE FILME,FALHA DE ENVOLVIMENTO,NO_RECORDED_RELATION,57,67,2,0.59090909,-0.08766932,REVIEW_FAMILY,MEDIUM,,,
ROMPIMENTO DE MANGUEIRA,TRAVAMENTO DE ATUADOR,PERSISTENT_CONFUSION,3,14,2,0.59090909,0.02207307,COLLECT_MORE_DATA,HIGH,,,
FALHA DE FORMACAO DE CAIXA,FALHA NA PEGADA DE CAMADA,PERSISTENT_CONFUSION,2,19,2,0.58823529,0.30801173,COLLECT_MORE_DATA,HIGH,,,
FALHA DE NOBREAK,FALHA DE ALIMENTACAO ELETRICA,NO_RECORDED_RELATION,3,1,2,0.577778,0.74690878,REVIEW_FAMILY,MEDIUM,,,
ESCAPE DE ESTEIRA,ROMPIMENTO DE ESTEIRA LONA,NO_RECORDED_RELATION,108,2,2,0.55814,-0.03008426,KEEP_SEPARATE,MEDIUM,,,
FALHA DO COLOCADOR DE CARTAO,FALHA DE ROBO,NO_RECORDED_RELATION,2,30,2,0.53658537,-0.00255927,REVIEW_FAMILY,MEDIUM,,,
FALHA DE COMPACTACAO DE CAMADA,FALHA NO MANUSEIO DE CARTAO,NO_RECORDED_RELATION,9,27,2,0.526316,0.13829471,REVIEW_FAMILY,MEDIUM,,,
FALHA DE PLACA ELETRONICA,QUEIMA DA PLACA DEVICENET,PERSISTENT_CONFUSION,3,1,2,0.52,0.69251207,COLLECT_MORE_DATA,HIGH,,,
DEFORMACAO DESALINHAMENTO DE GUIA,FALHA DE TAMPAMENTO,NO_RECORDED_RELATION,12,18,2,0.5,-0.03701634,REVIEW_FAMILY,MEDIUM,,,
FALHA DE CORREIA,PATINAGEM DE ESTEIRA,PERSISTENT_CONFUSION,14,19,2,0.5,-0.00794887,INSUFFICIENT_EVIDENCE,HIGH,,,
FALHA DE ENVOLVIMENTO,FALHA DE FORMACAO DE PACOTE,PERSISTENT_CONFUSION,67,10,2,0.5,-0.08766932,COLLECT_MORE_DATA,HIGH,,,
FALHA ELETRICA DO TRANSPORTE,FALHA ELETRICA SEM COMPONENTE IDENTIFICADO,NO_RECORDED_RELATION,3,7,2,0.48571429,0.27761391,INSUFFICIENT_EVIDENCE,MEDIUM,,,
QUEDA DE PACOTES,FALHA NA DESCARGA DE PALETE,NO_RECORDED_RELATION,5,1,2,0.46511628,0.51030055,REVIEW_FAMILY,MEDIUM,,,
FALHA DE CALIBRACAO,SEM MODO DE FALHA IDENTIFICADO,NO_RECORDED_RELATION,3,100,2,0.44898,-0.04908344,INSUFFICIENT_EVIDENCE,MEDIUM,,,
FALHA NO BOTAO RESET,FALHA DE PEGADOR,NO_RECORDED_RELATION,5,27,2,0.44444444,-0.04895336,REVIEW_FAMILY,MEDIUM,,,
QUEDA DE LATAS,FALHA DE GUIA,PERSISTENT_CONFUSION,34,19,2,0.44444444,-0.01465748,INSUFFICIENT_EVIDENCE,MEDIUM,,,
FALHA DE PINCA,FALHA NO SISTEMA DE INSERCAO DE FALSA GARRAFA,PERSISTENT_CONFUSION,59,2,2,0.44067797,0.02226694,COLLECT_MORE_DATA,HIGH,,,
FALHA DE ESTEIRA,DESARME DE MOTOR,PERSISTENT_CONFUSION,36,28,2,0.4375,-0.18977401,INSUFFICIENT_EVIDENCE,HIGH,,,
QUEBRA DE CORREIA,FALHA DE SINCRONISMO,PERSISTENT_CONFUSION,21,58,2,0.43243243,0.0583041,INSUFFICIENT_EVIDENCE,HIGH,,,
CRASH DE GARRAFAS,FALHA DE REJEICAO,NO_RECORDED_RELATION,10,93,2,0.41243422,-0.07340203,REVIEW_FAMILY,MEDIUM,,,
FALHA DE REJEICAO,DESARME DE EQUIPAMENTO,PERSISTENT_CONFUSION,93,4,2,0.41025641,-0.07340203,COLLECT_MORE_DATA,HIGH,,,
FALHA DE VELOCIDADE DO TRANSPORTE,VELOCIDADE REDUZIDA SEM CAUSA IDENTIFICADA,PERSISTENT_CONFUSION,14,8,2,0.4,0.11525967,COLLECT_MORE_DATA,HIGH,,,
FALHA DE GUIA,TRAVAMENTO DE TRANSPORTE,NO_RECORDED_RELATION,19,19,2,0.37837838,-0.01465748,REVIEW_FAMILY,MEDIUM,,,
FALHA DE GUIA,ENROSCO DE GARRAFAS,NO_RECORDED_RELATION,19,46,2,0.375,-0.17416727,REVIEW_FAMILY,MEDIUM,,,
QUEDA DE GARRAFAS,FALHA DE SENSOR,PERSISTENT_CONFUSION,88,397,2,0.375,-0.07062631,INSUFFICIENT_EVIDENCE,HIGH,,,
ROMPIMENTO DE TUBEIRA DO FORNO,ENROSCO DE PACOTES,NO_RECORDED_RELATION,6,50,2,0.375,0.0298224,REVIEW_FAMILY,MEDIUM,,,
ENROSCO DE ROTULOS,FALHA NA TROCA DE BANDEJA,PERSISTENT_CONFUSION,16,11,2,0.37209302,0.15002093,INSUFFICIENT_EVIDENCE,HIGH,,,
FALHA DE FORMACAO DE CAMADA,PERDA DE REFERENCIA,PERSISTENT_CONFUSION,45,14,2,0.34782609,-0.01673429,KEEP_SEPARATE,HIGH,,,
FALHA DE TRANSPORTE DE CAIXAS,ESCAPE DE ESTEIRA,PERSISTENT_CONFUSION,3,108,2,0.34782609,-0.03008426,COLLECT_MORE_DATA,HIGH,,,
QUEBRA DE COMPONENTE,FALHA DE CABO DE SEGURANCA,PERSISTENT_CONFUSION,25,1,2,0.34782609,-0.03338548,COLLECT_MORE_DATA,MEDIUM,,,
QUEBRA DE COMPONENTE,FALHA DE PORTA DE SEGURANCA,NO_RECORDED_RELATION,25,15,2,0.340426,-0.03338548,REVIEW_FAMILY,MEDIUM,,,
SEM MODO DE FALHA IDENTIFICADO,QUEDA DE GARRAFAS,NO_RECORDED_RELATION,100,88,2,0.340426,-0.04908344,REVIEW_FAMILY,MEDIUM,,,
ATUACAO QUEIMA DE FUSIVEL,FALHA DE BARREIRA,NO_RECORDED_RELATION,2,41,2,0.33333333,0.31737601,REVIEW_FAMILY,MEDIUM,,,
FALSO REJEITO,FALHA DE INSPECAO,NO_RECORDED_RELATION,5,98,2,0.33333333,-0.11638751,REVIEW_FAMILY,MEDIUM,,,
TRAVAMENTO DE VALVULA,FALHA DE RESFRIAMENTO,PERSISTENT_CONFUSION,18,1,2,0.33333333,-0.05092672,COLLECT_MORE_DATA,HIGH,,,
QUEDA DE LATAS,FALHA DE REGUA DE ENVOLVIMENTO,NO_RECORDED_RELATION,34,9,2,0.318182,0.01453457,REVIEW_FAMILY,MEDIUM,,,
FALHA DE FIXACAO,VAZAMENTO EM TUBULACAO,NO_RECORDED_RELATION,28,1,2,0.31578947,-0.13913088,REVIEW_FAMILY,MEDIUM,,,
QUEBRA DE COMPONENTE,FALHA DE VEDACAO DA VALVULA,PERSISTENT_CONFUSION,25,7,2,0.29787234,-0.03338548,COLLECT_MORE_DATA,HIGH,,,
FALHA DE CARBONATACAO,VAZAMENTO NO COLETOR COM GAS BAIXO,PERSISTENT_CONFUSION,10,2,2,0.29090909,0.349861,COLLECT_MORE_DATA,HIGH,,,
ROMPIMENTO DE MANGUEIRA DE AR,FALHA DE CODIFICACAO,PERSISTENT_CONFUSION,6,66,2,0.28571429,0.12362753,COLLECT_MORE_DATA,HIGH,,,
FALHA DE ENCHIMENTO,ENROSCO DE GARRAFAS,NO_RECORDED_RELATION,145,46,2,0.24824643,-0.31550565,REVIEW_FAMILY,MEDIUM,,,
FALHA DE ENCHIMENTO,GARRAFAS TORTAS NA SAIDA DO RINSER,NO_RECORDED_RELATION,145,2,2,0.22641509,-0.31550565,REVIEW_FAMILY,MEDIUM,,,
ENTUPIMENTO,FALSO ALARME DE REJEITO OBSTRUIDO,PERSISTENT_CONFUSION,2,1,2,0.18181818,0.46327102,COLLECT_MORE_DATA,HIGH,,,
FALHA DE TRANSPORTE DE PALETES,FALHA DE TRANSPORTE DE PACOTES,PERSISTENT_CONFUSION,2,5,1,0.93333333,0.21888405,COLLECT_MORE_DATA,MEDIUM,,,
FALHA DE TRANSPORTE DE PALETES,FALHA DE TRANSPORTE DE LATAS,PERSISTENT_CONFUSION,2,4,1,0.89655172,0.48571879,COLLECT_MORE_DATA,MEDIUM,,,
ROMPIMENTO DE MANGUEIRA,ROMPIMENTO DE MANGUEIRA DE AGUA,GENERIC_SPECIFIC,3,3,1,0.851852,0.47176892,REVIEW_GENERIC_SPECIFIC,MEDIUM,,,
ENROSCO DE TAMPAS,ENROSCO DE PACOTES,NO_RECORDED_RELATION,62,50,1,0.8,0.00918269,REVIEW_FAMILY,MEDIUM,,,
TRAVAMENTO DE ESTEIRA,TRAVAMENTO DE ELEVADOR,PERSISTENT_CONFUSION,20,3,1,0.79069767,-0.03526469,COLLECT_MORE_DATA,MEDIUM,,,
CRASH DE LATAS,CRASH DE GARRAFAS,PERSISTENT_CONFUSION,4,10,1,0.77419355,0.07953327,COLLECT_MORE_DATA,MEDIUM,,,
FALHA ELETRICA DO TRANSPORTE,FALHA DE TRANSPORTE,PERSISTENT_CONFUSION,3,17,1,0.76595745,0.02097245,GENERIC_SPECIFIC_REVIEW,MEDIUM,,,
FALHA DE VALVULA MODULADORA,FALHA DE VALVULA,PERSISTENT_CONFUSION,18,55,1,0.74418605,-0.18426854,GENERIC_SPECIFIC_REVIEW,MEDIUM,,,
FALHA DE ESTEIRA,ESCAPE DE ESTEIRA,NO_RECORDED_RELATION,36,108,1,0.727273,-0.18977401,KEEP_SEPARATE,MEDIUM,,,
FALHA DE INSPECAO,FALHA DE TWISTER,PERSISTENT_CONFUSION,98,6,1,0.72727273,-0.11638751,COLLECT_MORE_DATA,MEDIUM,,,
FALHA DE CODIFICACAO,FALHA DE PINCA,PERSISTENT_CONFUSION,66,59,1,0.70588235,0.02226694,INSUFFICIENT_EVIDENCE,MEDIUM,,,
FALHA DE ATUADOR,TRAVAMENTO DE ATUADOR,PERSISTENT_CONFUSION,2,14,1,0.7027027,0.02207307,COLLECT_MORE_DATA,MEDIUM,,,
FALHA DE SENSOR,FALHA DE REJEICAO,NO_RECORDED_RELATION,397,93,1,0.6875,-0.07340203,REVIEW_FAMILY,MEDIUM,,,
FALHA DE VALVULA DE ENCHIMENTO,FALHA DE SOLDA DE FILME,PERSISTENT_CONFUSION,166,43,1,0.67924528,-0.23660356,INSUFFICIENT_EVIDENCE,MEDIUM,,,
FALHA DE VALVULA MODULADORA,FALHA DE VALVULA DE XAROPE,NO_RECORDED_RELATION,18,2,1,0.67924528,0.14670093,KEEP_SEPARATE,MEDIUM,,,
DESNIVELAMENTO DE ESTEIRA,ESCAPE DE ESTEIRA,PERSISTENT_CONFUSION,4,108,1,0.66666667,-0.03008426,COLLECT_MORE_DATA,MEDIUM,,,
FALHA DE FIXACAO,FALHA DE FORMACAO DE CAMADA,PERSISTENT_CONFUSION,28,45,1,0.65116279,-0.13913088,INSUFFICIENT_EVIDENCE,MEDIUM,,,
FALHA DE ELO DE ESTEIRA,FALHA DE VELOCIDADE DO TRANSPORTE,PERSISTENT_CONFUSION,11,14,1,0.64285714,0.11525967,INSUFFICIENT_EVIDENCE,MEDIUM,,,
FALHA DE PRESSAO,FALHA DE ENCHIMENTO,PERSISTENT_CONFUSION,2,145,1,0.62857143,-0.31550565,COLLECT_MORE_DATA,MEDIUM,,,
FALHA DE PRESSAO,FALHA DE PRESSURIZACAO DA ENCHEDORA,NO_RECORDED_RELATION,2,2,1,0.627451,0.70919672,REVIEW_FAMILY,MEDIUM,,,
FALHA NO VIRADOR DE PACOTES,ENROSCO DE PACOTES,PERSISTENT_CONFUSION,4,50,1,0.62222222,0.0298224,COLLECT_MORE_DATA,MEDIUM,,,
FALHA NO MANUSEIO DE CARTAO,FALHA DE ENCOSTO DE AGRUPAMENTO,PERSISTENT_CONFUSION,27,1,1,0.62068966,0.13939748,COLLECT_MORE_DATA,MEDIUM,,,
FALHA DE CARBONATACAO,FALHA DE CONTROLE DE PROCESSO,NO_RECORDED_RELATION,10,20,1,0.6,0.12232561,REVIEW_FAMILY,MEDIUM,,,
DEFORMACAO DESALINHAMENTO DE GUIA,FALHA DE GUIA,PERSISTENT_CONFUSION,12,19,1,0.56521739,-0.01465748,INSUFFICIENT_EVIDENCE,MEDIUM,,,
QUEDA DE PACOTES,FALHA DE ROLETES,PERSISTENT_CONFUSION,5,46,1,0.5625,-0.1005273,COLLECT_MORE_DATA,MEDIUM,,,
FALHA DE VEDACAO DA VALVULA,FALHA DE VALVULA DE ENCHIMENTO,PERSISTENT_CONFUSION,7,166,1,0.56140351,-0.23660356,COLLECT_MORE_DATA,MEDIUM,,,
FALHA NO VIRADOR DE PACOTES,QUEDA DE PACOTES,NO_RECORDED_RELATION,4,5,1,0.55814,0.51030055,KEEP_SEPARATE,MEDIUM,,,
FALHA DE INSPECAO,FALHA NO MANUSEIO DE CARTAO,NO_RECORDED_RELATION,98,27,1,0.545455,-0.11638751,REVIEW_FAMILY,MEDIUM,,,
FALHA DE CODIFICACAO,FALHA DE INVERSOR,NO_RECORDED_RELATION,66,101,1,0.540541,0.12362753,REVIEW_FAMILY,MEDIUM,,,
FALHA DO COLOCADOR DE CARTAO,FALHA DE BARREIRA,PERSISTENT_CONFUSION,2,41,1,0.53333333,0.31737601,COLLECT_MORE_DATA,MEDIUM,,,
FALHA DE PLACA ELETRONICA,FALHA ELETRICA DO TRANSPORTE,NO_RECORDED_RELATION,3,3,1,0.528302,0.69251207,REVIEW_FAMILY,MEDIUM,,,
FALHA DE FIXACAO,DESALINHAMENTO DE GUIA,NO_RECORDED_RELATION,28,9,1,0.526316,-0.13913088,REVIEW_FAMILY,MEDIUM,,,
FALHA DE CORTE DE FILME,FALHA DE ALIMENTACAO ELETRICA DA EMBREAGEM,PERSISTENT_CONFUSION,57,1,1,0.52307692,0.04272873,COLLECT_MORE_DATA,MEDIUM,,,
TRAVAMENTO DO SISTEMA DE COMPACTACAO,FALHA DE COMPACTACAO DE CAMADA,NO_RECORDED_RELATION,5,9,1,0.515152,0.13829471,REVIEW_FAMILY,MEDIUM,,,
COLAPSO DE LATAS,ENROSCO DE GARRAFAS,PERSISTENT_CONFUSION,9,46,1,0.51428571,-0.17416727,COLLECT_MORE_DATA,MEDIUM,,,
FALHA DE VALVULA MODULADORA,FALHA DE IHM,PERSISTENT_CONFUSION,18,18,1,0.51282051,0.14670093,INSUFFICIENT_EVIDENCE,MEDIUM,,,
FALHA DE SINCRONISMO,FALHA DE CORTE DE FILME,NO_RECORDED_RELATION,58,57,1,0.511628,0.04272873,REVIEW_FAMILY,MEDIUM,,,
QUEBRA DE ATUADOR,FALHA DE ROLO SEPARADOR,PERSISTENT_CONFUSION,8,1,1,0.5,0.12620844,COLLECT_MORE_DATA,MEDIUM,,,
FALHA DE INSPECAO,TRAVAMENTO DE TRANSPORTE,NO_RECORDED_RELATION,98,19,1,0.487805,-0.11638751,REVIEW_FAMILY,MEDIUM,,,
FALHA NO VIRADOR DE PACOTES,FALHA DE FREIO,PERSISTENT_CONFUSION,4,7,1,0.48780488,0.33182502,COLLECT_MORE_DATA,MEDIUM,,,
FALHA DE PATINS,ENROSCO DE PACOTES,PERSISTENT_CONFUSION,13,50,1,0.48484848,0.0298224,INSUFFICIENT_EVIDENCE,MEDIUM,,,
FALHA DE BOMBA,FALHA DE COMANDO DA ARVORE DE ESPUMA,PERSISTENT_CONFUSION,21,1,1,0.48,0.18289188,COLLECT_MORE_DATA,MEDIUM,,,
FALHA DE SUPRIMENTO DE AR COMPRIMIDO,FALHA NO VIRADOR DE PACOTES,NO_RECORDED_RELATION,9,4,1,0.47619048,0.44842164,REVIEW_FAMILY,MEDIUM,,,
FALHA DE TRANSPORTE DE PALETES,FALHA DE BARREIRA,NO_RECORDED_RELATION,2,41,1,0.46808511,0.31737601,REVIEW_FAMILY,MEDIUM,,,
FALHA DE PRESSAO,CRASH DE LATAS,PERSISTENT_CONFUSION,2,4,1,0.46666667,0.47693658,COLLECT_MORE_DATA,MEDIUM,,,
FALHA DE REJEICAO,CRASH DE LATAS,NO_RECORDED_RELATION,93,4,1,0.451613,-0.07340203,REVIEW_FAMILY,MEDIUM,,,
FALHA DE ENCHIMENTO,FALHA NO SENSOR EXPULSADOR,PERSISTENT_CONFUSION,145,1,1,0.44444444,-0.31550565,COLLECT_MORE_DATA,MEDIUM,,,
FALHA DE ENVOLVIMENTO,FALSO ALARME DE REJEITO OBSTRUIDO,NO_RECORDED_RELATION,67,1,1,0.44444444,-0.08766932,REVIEW_FAMILY,MEDIUM,,,
SEM MODO DE FALHA IDENTIFICADO,FALHA DE SENSOR,PERSISTENT_CONFUSION,100,397,1,0.44444444,-0.07062631,INSUFFICIENT_EVIDENCE,MEDIUM,,,
FALHA NA INSERCAO DE LATAS FALSAS,FALHA DE REJEICAO,NO_RECORDED_RELATION,3,93,1,0.44,-0.07340203,REVIEW_FAMILY,MEDIUM,,,
ENROSCO DE GARRAFAS,TRAVAMENTO DE ELEVADOR,PERSISTENT_CONFUSION,46,3,1,0.43902439,-0.17416727,COLLECT_MORE_DATA,MEDIUM,,,
TRAVAMENTO DE PINCA,FALHA DE MOLA,NO_RECORDED_RELATION,2,9,1,0.4375,0.35365772,REVIEW_FAMILY,MEDIUM,,,
FALHA DE PINCA,FALHA NA INSERCAO DE LATAS FALSAS,NO_RECORDED_RELATION,59,3,1,0.425532,0.02226694,REVIEW_FAMILY,MEDIUM,,,
CRASH DE LATAS,FALHA DE ENCHIMENTO,PERSISTENT_CONFUSION,4,145,1,0.42424242,-0.31550565,COLLECT_MORE_DATA,MEDIUM,,,
FALHA DE INSPECAO,DESARME DE EQUIPAMENTO,PERSISTENT_CONFUSION,98,4,1,0.41025641,-0.11638751,COLLECT_MORE_DATA,MEDIUM,,,
TRAVAMENTO DE PINCA,SEM MODO DE FALHA IDENTIFICADO,PERSISTENT_CONFUSION,2,100,1,0.40816327,-0.04908344,COLLECT_MORE_DATA,MEDIUM,,,
FALHA DE GUIA,ENROSCO DE CAIXAS,PERSISTENT_CONFUSION,19,10,1,0.4,-0.01465748,COLLECT_MORE_DATA,MEDIUM,,,
QUEDA DE LATAS,FALHA DE ENVOLVIMENTO,PERSISTENT_CONFUSION,34,67,1,0.4,-0.08766932,INSUFFICIENT_EVIDENCE,MEDIUM,,,
SEM MODO DE FALHA IDENTIFICADO,FALHA DE VALVULA,PERSISTENT_CONFUSION,100,55,1,0.39130435,-0.18426854,INSUFFICIENT_EVIDENCE,MEDIUM,,,
PERDA DE REFERENCIA,ENROSCO DE TAMPAS,NO_RECORDED_RELATION,14,62,1,0.388889,0.00918269,REVIEW_FAMILY,MEDIUM,,,
FALHA DE GUIA,QUEBRA DE PARAFUSO,PERSISTENT_CONFUSION,19,13,1,0.38709677,-0.01465748,INSUFFICIENT_EVIDENCE,MEDIUM,,,
SEM MODO DE FALHA IDENTIFICADO,FALHA NO SUPRIMENTO DE AGUA,PERSISTENT_CONFUSION,100,1,1,0.38596491,-0.04908344,COLLECT_MORE_DATA,MEDIUM,,,
FALSO REJEITO,FALHA DE DESCAPSULAMENTO,PERSISTENT_CONFUSION,5,22,1,0.37837838,0.11484856,COLLECT_MORE_DATA,MEDIUM,,,
TRAVAMENTO DO CAPSULADOR,FALHA DE TAMPAMENTO,PERSISTENT_CONFUSION,2,18,1,0.37209302,-0.03701634,COLLECT_MORE_DATA,MEDIUM,,,
FALHA DE TRANSPORTE DE CAIXAS,AMASSAMENTO DE LATAS,NO_RECORDED_RELATION,3,15,1,0.367347,0.17335006,REVIEW_FAMILY,MEDIUM,,,
TOMBAMENTO DE RECIPIENTES,QUEDA DE LATAS,PERSISTENT_CONFUSION,4,34,1,0.35897436,0.01453457,COLLECT_MORE_DATA,MEDIUM,,,
SEM MODO DE FALHA IDENTIFICADO,TRAVAMENTO DE VALVULA,NO_RECORDED_RELATION,100,18,1,0.35294118,-0.05092672,REVIEW_FAMILY,MEDIUM,,,
SEM MODO DE FALHA IDENTIFICADO,FALHA DE VELOCIDADE DO TRANSPORTE,PERSISTENT_CONFUSION,100,14,1,0.34920635,-0.04908344,KEEP_SEPARATE,MEDIUM,,,
QUEBRA DE COMPONENTE,VAZAMENTO,NO_RECORDED_RELATION,25,3,1,0.344828,-0.03338548,INSUFFICIENT_EVIDENCE,MEDIUM,,,
FALHA DE INSPECAO,PERDA DE REFERENCIA DO PEGADOR DE CHAPATEX,PERSISTENT_CONFUSION,98,1,1,0.33898305,-0.11638751,COLLECT_MORE_DATA,MEDIUM,,,
FALHA DE INSPECAO,ENROSCO DE GARRAFAS,PERSISTENT_CONFUSION,98,46,1,0.32495457,-0.17416727,KEEP_SEPARATE,MEDIUM,,,
TOMBAMENTO DE RECIPIENTES,FALHA NA INSERCAO DE LATAS FALSAS,NO_RECORDED_RELATION,4,3,1,0.310345,0.61147159,REVIEW_FAMILY,MEDIUM,,,
FALHA DE INSPECAO,VAZAMENTO EM TUBULACAO,PERSISTENT_CONFUSION,98,1,1,0.30769231,-0.11638751,COLLECT_MORE_DATA,MEDIUM,,,
FALHA DE SENSOR,ROMPIMENTO DE FILME,PERSISTENT_CONFUSION,397,29,1,0.29411765,-0.10530724,KEEP_SEPARATE,MEDIUM,,,
ENTUPIMENTO,QUEBRA DE COMPONENTE,NO_RECORDED_RELATION,2,25,1,0.258065,-0.03338548,INSUFFICIENT_EVIDENCE,MEDIUM,,,
FALHA DE CODIFICACAO,DESPRENDIMENTO DO PISTAO DE TRAVAMENTO,PERSISTENT_CONFUSION,66,1,1,0.20689655,0.12362753,COLLECT_MORE_DATA,MEDIUM,,,
