label,observation,family,nearest_class_1,similarity_1,nearest_class_2,similarity_2,nearest_class_3,similarity_3,possible_duplicate_label,possible_label_noise,recommended_action,requires_human_review
DESAJUSTE DE REGUA,A RÉGUA ESTAVA APERTADO A GARRAFA DIFICULTANDO A ENTRADA PARA PEGAR CORRETAMENTA.ORDEM..30008591538,GUIA,DESAJUSTE DE GUIA,0.12926605343818665,DESARME DE ESTEIRA,0.11988933384418488,QUEDA DE GARRAFAS,0.10308261215686798,True,False,TAXONOMY_REVIEW,True
DESARME DE BOMBA,DESARMOU A BOMBA DO ENVIO DO CARBONATO,BOMBA,FALHA DE BOMBA,0.3438855707645416,FALHA DE CARBONATACAO,0.23645661771297455,DESARME DE MOTOR,0.20924502611160278,False,False,COLLECT_NEW_REAL_CASES,True
FALHA DE SEGURANCA DO CABECOTE,FALHA DE SEGURANÇA DO CABELOTE DA DESPALETIZADORA ORDEM: 30008539481,CABECOTE,FALHA DE SEGURANCA,0.23645225167274475,FALHA DE RELE DE SEGURANCA,0.2131507843732834,FALHA DE CABO DE SEGURANCA,0.21230080723762512,False,False,COLLECT_NEW_REAL_CASES,True
FALHA DE BATEDOR DE CAIXAS,"FALHA BATEDOR DE CAIXAS, OCASIONANDO A FALHA PASSAGEM DE CAIXAS NA ENTRADA DA PALETIZADORA",CAIXA,ENROSCO DE CAIXAS,0.3643169105052948,TRAVAMENTO DE STOPPER,0.28539952635765076,FALHA ELETRICA DO TRANSPORTE,0.26864758133888245,False,False,COLLECT_NEW_REAL_CASES,True
QUEDA DE CAIXAS,"ESPELHO,POIS O PALETE QUE MONTOU ELE ANDOU UM POUCO E PAROU QUANDO ELE TROUXE A OUTRA CAMADA COLIDIU ,PROVOCANDO QUEDA DE CAIXAS.",CAIXA,TRAVAMENTO DE PALETE,0.11154583096504211,ENROSCO DE CAIXAS,0.10623229295015335,QUEDA DE GARRAFAS,0.09802032262086868,False,False,COLLECT_NEW_REAL_CASES,True
FALHA DE CONTROLE DE NIVEL DO CARBONATADOR,"ENCHIMENTO DE 100% DO CARBONATADOR, GERANDOGAS BAIXO E LATAS VAZIASORDEM: 30008872877",CARBONATACAO,FALHA DE CARBONATACAO,0.24728459119796753,FALHA DE ENCHIMENTO,0.186909019947052,FALHA DE VALVULA DE ENCHIMENTO,0.1455962210893631,False,False,COLLECT_NEW_REAL_CASES,True
ENROSCO DE CARTAO QUADRO,ENROSCO DO QUADRO SUPERIOR,CARTAO,ENROSCO DE LATAS,0.210897296667099,ENROSCO DE PACOTES,0.19251377880573273,ENROSCO DE ROTULOS,0.1758067011833191,False,False,COLLECT_NEW_REAL_CASES,True
ERRO DE COMUNICACAO,FALHA NO SISTEMA DE INSPEÇAO DE NIVEL ORDEM 30008856408,COMUNICACAO,FALHA DE INSPECAO,0.29760289192199707,FALHA NO SISTEMA DE INSERCAO DE FALSA GARRAFA,0.24380551278591156,FALHA DE CONTAGEM DE PRODUTO,0.19729207456111908,False,False,COLLECT_NEW_REAL_CASES,True
QUEIMA DA PLACA DEVICENET,QUEIMA DA PLACA DEVICENET 30008857644,COMUNICACAO,QUEIMA DE FILAMENTO,0.11038778722286224,ALTERACAO DA VELOCIDADE DO DEVICER,0.09080781042575836,FALHA SENSOR DA PORTA,0.08532615751028061,False,False,COLLECT_NEW_REAL_CASES,True
MONTAGEM INCORRETA DE CORREIA,CRASH DE GARRAFAS E EXCESSO DE FALSO REJEITO ( CORREIA INVERTIDA),CORREIA,CRASH DE GARRAFAS,0.5067833065986633,FALHA DE REJEICAO,0.46644309163093567,FALSO REJEITO,0.339068204164505,False,False,COLLECT_NEW_REAL_CASES,True
FALHA DE FIXACAO DA CORRENTE DE ELEVACAO,QUEDA DO PARAFUSO DA CORRENTE DE ELEVAÇÃO DO GARFO DO MAGAZINE DE PALETE,CORRENTE,QUEBRA DE CORRENTE,0.40489426255226135,QUEBRA DE PARAFUSO,0.30045610666275024,FALHA DE MAGAZINE,0.29252535104751587,False,False,COLLECT_NEW_REAL_CASES,True
TRAVAMENTO DE CORRENTE,TRAVAMENTO DA CORRENTE DE ENVOLVIMENTO. ORDEM- 30008478959,CORRENTE,FALHA DE REGUA DE ENVOLVIMENTO,0.319879412651062,FALHA DE ENVOLVIMENTO,0.26341956853866577,QUEBRA DE CORRENTE,0.22301550209522247,False,False,COLLECT_NEW_REAL_CASES,True
FALHA DE DOSAGEM DE NITROGENIO,"EXECESSO DE REJITO POR NITROGENIO BAIXO ,NECESARIO FAZER ALTERAÇAO NA RECIETA DE DOZAGEM",DOSAGEM,FALHA NO DOSADOR DE NITROGENIO,0.20568698644638062,FALHA DE DOSAGEM,0.18896250426769257,ALTERACAO DA VELOCIDADE DO DEVICER,0.12606878578662872,False,False,COLLECT_NEW_REAL_CASES,True
DEFORMACAO DE EIXO,"EIXO DA BANDEIROLA , TORTO , OCASIONANDO ENROSCOS NA SAIDA DA LAVADORA",EIXO,QUEBRA DE EIXO,0.42909783124923706,DESALINHAMENTO DE EIXO,0.3002420663833618,TRAVAMENTO DE GARRAFAS NA SAIDA DA LAVADORA,0.2947750389575958,False,False,COLLECT_NEW_REAL_CASES,True
FALHA DE ALIMENTACAO ELETRICA,FALTA DE ALIMENTAÇÃO DE ENERGIA,ELETRICO,FALHA DE TENSIONAMENTO DE ESTEIRA,0.25309133529663086,FALHA DE SUPRIMENTO DE AR COMPRIMIDO,0.2159767895936966,FALHA DE CONEXAO ELETRICA,0.18738678097724915,False,False,COLLECT_NEW_REAL_CASES,True
FALHA DE ALIMENTACAO ELETRICA DA EMBREAGEM,FALHA NA PASSAGEM DE CORRENTE PARA A EMBREAGEM DA EMPACOTADORA (AGUARDANDO NOTA),ELETRICO,FALHA DE BATEDOR DE CAIXAS,0.15789052844047546,VAZAMENTO DE PRODUTO,0.1573808193206787,QUEBRA DE CORRENTE,0.14368613064289093,False,False,COLLECT_NEW_REAL_CASES,True
FALHA DE CONEXAO ELETRICA,CONECTOR DE ALIMENTAÇÃO DA BARRA DE RESISTENCIA ESCAPOU - ORDEM: 30008837026,ELETRICO,FALHA DE CONEXAO DE MANGUEIRA,0.18790878355503082,FALHA DE ALIMENTACAO ELETRICA,0.18738678097724915,FALHA DE TENSIONAMENTO DE ESTEIRA,0.173533096909523,False,False,COLLECT_NEW_REAL_CASES,True
FALHA ELETRICA DO TRANSPORTE DE ENTRADA,EXCESSO DE REJEITO E TRASPRTE DE ENTRADA PARADO POR FALHA ELETRICA ORDEM30008869936,ELETRICO,FALHA DE REJEICAO,0.28776735067367554,FALHA DE PLACA ELETRONICA,0.2060471475124359,FALHA ELETRICA DO TRANSPORTE,0.20526936650276184,False,False,COLLECT_NEW_REAL_CASES,True
QUEBRA DE TERMINAL ELETRICO,QUEBROU O TERMINAL DA RESISTÊNCIA DE CORTE DO FILME DA ENVOLVOVEDORA,ELETRICO,FALHA DE CORTE DE FILME,0.3546292185783386,PERDA DE REFERENCIA HOME,0.16442497074604034,FALHA DE CONEXAO ELETRICA,0.15470537543296814,False,False,COLLECT_NEW_REAL_CASES,True
BAIXA VELOCIDADE DE ESTEIRA,ESTEIRA DE SAIDA DO FORNO EM BAIXA ROTAÇÃO,ESTEIRA,QUEBRA DE ESTEIRA,0.27828288078308105,FALHA DE ESTEIRA,0.25919628143310547,FALHA DE ROTACAO,0.23632009327411652,False,False,COLLECT_NEW_REAL_CASES,True
FALHA DE TENSIONAMENTO DE ESTEIRA,TENSIONAMENTO DA ESTEIRA DE ALIMENTAÇÃO DO DEVICER,ESTEIRA,ALTERACAO DA VELOCIDADE DO DEVICER,0.3268238306045532,FALHA DE ALIMENTACAO ELETRICA,0.25309133529663086,QUEBRA DE ESTEIRA,0.23162943124771118,False,False,COLLECT_NEW_REAL_CASES,True
PATINAMENTO DE ESTEIRA,ESTEIRA PATINANDO ORDEM 30008863292,ESTEIRA,PATINAGEM DE ESTEIRA,0.32256683707237244,QUEBRA DE ESTEIRA,0.1964770406484604,PATINAMENTO DE ROLETE,0.1741931438446045,False,False,COLLECT_NEW_REAL_CASES,True
QUEBRA DE ELO DE ESTEIRA,COMPIMENTO DO ELO DA ESTEIRA,ESTEIRA,QUEBRA DE ESTEIRA,0.2928907871246338,FALHA DE ELO DE ESTEIRA,0.2505090534687042,FALHA DE ESTEIRA,0.24960730969905853,False,False,COLLECT_NEW_REAL_CASES,True
TREPIDACAO DE ESTEIRA,"FALHA TRANSPORTE NA SAIDA DA ENCAIXATADORA, ESTEIRA TREPIDANDO",ESTEIRA,FALHA DE TRANSPORTE,0.37913283705711365,DESARME DE TRANSPORTE,0.3449338674545288,FALHA DE TRANSPORTE DE GARRAFAS,0.3267765939235687,False,False,COLLECT_NEW_REAL_CASES,True
EIXO DO BRACO TENCIONADOR DO FILME DA ENVOLVEDORA SOLTO,HASTE DO TENSIONADOR SOLTA - ORDEM 30008418424,FILME,DEFORMACAO DE HASTE,0.1470218449831009,FALHA DE TENSIONAMENTO DE ESTEIRA,0.12075930833816528,FALHA DE FIXACAO,0.10946467518806458,False,False,COLLECT_NEW_REAL_CASES,True
FALHA DE TESOURA DE FILME,TESOURA PREDENDORA DE FILME EM FALHA,FILME,FALHA DE CORTE DE FILME,0.20932844281196594,ROMPIMENTO DE FILME,0.19466926157474518,FALHA DE SOLDA DE FILME,0.14898286759853363,False,False,COLLECT_NEW_REAL_CASES,True
FALHA NA INSERCAO DE GARRAFAS FALSAS,FALHA NO SISTEMA DE INSERIMENTO DE GARRAFAS FALSAS ANTES DO INICIO DO CIP,GARRAFA,FALHA NA INSERCAO DE LATAS,0.42411744594573975,FALHA NO SISTEMA DE INSERCAO DE FALSA GARRAFA,0.3170472979545593,FALHA NA INSERCAO DE LATAS FALSAS,0.21072636544704437,False,False,COLLECT_NEW_REAL_CASES,True
FALHA NA PEGA DE GARRAFAS,FALHA NA PEGA DAS GARRAFAS,GARRAFA,FALHA NA PEGA DE PALLET VAZIO,0.3828979432582855,FALHA NO MANUSEIO DE CARTAO,0.3329712450504303,FALHA NA PEGADA DE CAMADA,0.26705771684646606,False,False,COLLECT_NEW_REAL_CASES,True
FALHA NO DISPOSITIVO DE RETIRADA DE GARRAFAS,DISPOSITIVO DE RETIRADA DE GARRAFA VAZIA TRAVANDO ESTRELA DE SAIDA 30008539502,GARRAFA,TOMBAMENTO DE RECIPIENTES,0.18440715968608856,ENROSCO DE GARRAFAS,0.18407055735588074,TRAVAMENTO DE GARRAFAS NA SAIDA DA LAVADORA,0.17625920474529266,False,False,COLLECT_NEW_REAL_CASES,True
GARRAFAS FORA DE POSICAO,GARRAFAS ENTRANDO TORTAS NAS ARTICULAÇÕES 30008310557,GARRAFA,GARRAFAS TORTAS NA SAIDA DO RINSER,0.14642435312271118,FALHA DE PINOS DE TRANSFERENCIA,0.14234524965286255,DANIFICACAO DA BUCHA DE ELEVACAO DO PISTAO,0.13992545008659363,False,False,COLLECT_NEW_REAL_CASES,True
DESAJUSTE DE GUIA,"GUIA DA ESTEIRA DE GARRAFAS DA EMPACOTADORA APERTADO, PRENDENDO GARRAFA E CAINDO NA BARRA DE ARRASTE - ORDEM: 30008738239",GUIA,TRAVAMENTO DE ESTEIRA,0.22913303971290588,QUEDA DE GARRAFAS,0.22368775308132172,FALHA DE ESTEIRA,0.22302044928073883,False,False,COLLECT_NEW_REAL_CASES,True
FALHA DE ALIMENTACAO DE LATAS,MÁQUINA DESLIGANDO SOZINHA OCASIONADO FALTA DE LATAS NO TRANSPORTE,LATA,FALHA DE TRANSPORTE DE LATAS,0.3450718820095062,FALHA DE TRANSPORTE,0.19459174573421478,QUEDA DE LATAS,0.1904643476009369,False,False,COLLECT_NEW_REAL_CASES,True
FALHA NA INSERCAO DE LATAS,LATAS FALSAS DANDO FALHA NO INSERIMENTO E NO DESINSERIMENTO ANTES E POS CIP,LATA,FALHA NA INSERCAO DE GARRAFAS FALSAS,0.42411744594573975,FALHA NA INSERCAO DE LATAS FALSAS,0.2983773946762085,FALHA DE INSPECAO,0.15938812494277954,False,False,COLLECT_NEW_REAL_CASES,True
FALHA DE MANGUEIRA DE AGUA,TROCA DA MANGUEIRA DE AGUA 30008822660,MANGUEIRA,ROMPIMENTO DE MANGUEIRA DE AGUA,0.5282313227653503,FALHA DE CONEXAO DE MANGUEIRA,0.36176130175590515,ROMPIMENTO DE MANGUEIRA DE AR,0.31757915019989014,False,False,COLLECT_NEW_REAL_CASES,True
FALHA DE MANGUEIRA DE ALTA PRESSAO,MANGUEIRA DE ALTA PRESSÃO DANIFICADA / 13171960,MANGUEIRA,FALHA DE CONEXAO DE MANGUEIRA,0.31391510367393494,FALHA DE MANGUEIRA PNEUMATICA,0.29672813415527344,ROMPIMENTO DE MANGUEIRA DE AR,0.2598051428794861,False,False,COLLECT_NEW_REAL_CASES,True
OBSTRUCAO DE MANGUEIRA DE AR,"MANGUEIRA DOBRADA,OBSTRUINDO A PASSAGEM DE AR",MANGUEIRA,FALHA DE CONEXAO DE MANGUEIRA,0.28124937415122986,ROMPIMENTO DE MANGUEIRA DE AR,0.2801596522331238,FALHA DE MANGUEIRA PNEUMATICA,0.24251776933670044,False,False,COLLECT_NEW_REAL_CASES,True
FALHA DA MESA GIRATORIA,MESA GIRATORIA EM FALHA,MESA,PALLET PARADO NA MESA,0.479421466588974,TRAVAMENTO DE PALETE,0.25564923882484436,FALHA DE COLETOR,0.1798473596572876,False,False,COLLECT_NEW_REAL_CASES,True
FALHA NA MESA DE FORMACAO DE PACOTES,"FALHA NA MESA DE FORMAÇÃO DE PACOTES / ATUAÇÃO MECANICA , COLOCOU ( CALÇO / RUELA) NO EQUIPAMENTO",MESA,PACOTE FORA DE POSICAO,0.2763616442680359,FALHA DE FORMACAO DE CAMADA,0.26315295696258545,ENROSCO DE PACOTES,0.18478171527385712,False,False,COLLECT_NEW_REAL_CASES,True
PALLET PARADO NA MESA,PALLET PARADO NA MESA GIRATORIA DE PALLETS,MESA,FALHA DA MESA GIRATORIA,0.479421466588974,TRAVAMENTO DE PALETE,0.32514289021492004,FALHA NA SAIDA DE PALETES,0.22285421192646027,False,False,COLLECT_NEW_REAL_CASES,True
AFROUXAMENTO DE PARAFUSO DE FIXACAO,"PARAFUSO DE FIXAÇÃO DA MESA DE CARGA SAINDO APERTO, FOI PRECISO SUBSTITUIR, ORDEM : 30008862422",OTHER_UNKNOWN,FALHA DE FIXACAO,0.23169870674610138,FALHA NA MESA DE CARGA,0.2139827311038971,QUEBRA DE PARAFUSO,0.16466160118579865,False,False,COLLECT_NEW_REAL_CASES,True
ATUACAO DO CIRCUITO DE EMERGENCIA,CIRCUITO DE EMERGENCIA ACIONADO,OTHER_UNKNOWN,FALHA DE BOTOEIRA DE EMERGENCIA,0.2650185525417328,FALHA DE CHAVE DE EMERGENCIA,0.20781299471855164,DESARME DE PAINEL,0.12661488354206085,False,False,COLLECT_NEW_REAL_CASES,True
COLISAO DO EMPURRADOR,COLISÃO DO PISTÃO DO EMPURRADOR COM A GUIA - ORDEM -30008516195,OTHER_UNKNOWN,QUEBRA DE ATUADOR,0.25972092151641846,FALHA DE ACIONAMENTO DO EMPURRADOR,0.2595641016960144,TRAVAMENTO DE ATUADOR,0.19093060493469238,False,False,COLLECT_NEW_REAL_CASES,True
DANIFICACAO DA BUCHA DE ELEVACAO DO PISTAO,"BUCHA DE ELEVÇÃO DO PISTÃO DANIFICADA ,VÁLVULA 55(GARRAFAS ENTRANDO TORTA E SAINDO VAZIA",OTHER_UNKNOWN,TRAVAMENTO DE ATUADOR,0.17326383292675018,SAIDA DE GARRAFAS COM TAMPA TORTA,0.1501910388469696,QUEBRA DE ATUADOR,0.1446317583322525,False,False,COLLECT_NEW_REAL_CASES,True
DEFORMACAO DE FACA,TROCA DA FACA DA RAMPA DE ACELERAÇÃO - ORDEM 30008412774,OTHER_UNKNOWN,FALHA DE TRACAO GUIAMENTO DE FILME,0.19236496090888977,FALHA DE FACA,0.16037042438983917,QUEBRA DE SUPORTE,0.15103119611740112,False,False,COLLECT_NEW_REAL_CASES,True
DEFORMACAO DE HASTE,HASTE POSICIONADORA DE TAMPAS ESTAVA TORTA OCASIONANDO FALHA NO EQUIPAMENTO (30008421830),OTHER_UNKNOWN,FALHA DE ALIMENTACAO DE TAMPAS,0.17759066820144653,FALHA DE CORTE DA EMBALAGEM DO TUBETE,0.1704777181148529,FALHA DE CORREIA,0.16970966756343842,False,False,COLLECT_NEW_REAL_CASES,True
DEFORMACAO DE MEXEDOR,"MEXEDOR DO TRANSPORTE DE GARRAFAS NA ENTRADA DA LAVADORA TORTO , MANUTENCAO ATUOU",OTHER_UNKNOWN,FALHA DE TRANSPORTE,0.27942967414855957,ENROSCO DE GARRAFAS,0.2583989202976227,FALHA DE CABO DE SEGURANCA,0.257276326417923,False,False,COLLECT_NEW_REAL_CASES,True
DESALINHAMENTO DE CHAPA,ALINHAMENTO DA CHAPA DO TRANSPORTE DE SAIDA DE GARRAFAS DO CAPSULADOR.,OTHER_UNKNOWN,FALHA DE TRANSPORTE,0.28765442967414856,DESALINHAMENTO DE GUIA,0.2872353792190552,ENROSCO DE GARRAFAS,0.2521471679210663,False,False,COLLECT_NEW_REAL_CASES,True
DESALINHAMENTO DE MASCARA,AJUSTES NA POSIÇÃO DA MASCRA,OTHER_UNKNOWN,DESALINHAMENTO MECANICO,0.22869126498699188,DESALINHAMENTO DE PALETE,0.21185778081417084,SEM MODO DE FALHA IDENTIFICADO,0.1865019053220749,False,False,COLLECT_NEW_REAL_CASES,True
DESARME PALETIZADORA,PALETIZADORA DESARMANDO NA FORMAÇÃO DE CAMADA,OTHER_UNKNOWN,FALHA DE FORMACAO DE CAMADA,0.552897036075592,FALHA DE PATINS,0.32775670289993286,FALHA DE ROLETES,0.302489697933197,False,False,COLLECT_NEW_REAL_CASES,True
DESGASTE DE PINO DE SEPARACAO,FALHA PINO SEPARACAO GARRAFA PULANDO PINO (30008425466),OTHER_UNKNOWN,FALHA DE PINO,0.32354798913002014,PINO DE SEPARACAO TRAVADO,0.3206174969673157,TRAVAMENTO DE PINO DE SEPARACAO,0.24451793730258942,False,False,COLLECT_NEW_REAL_CASES,True
DESPRENDIMENTO DO PISTAO DE TRAVAMENTO,SOLTOU PISTÃO DE TRAVAMENTO DE CAIXAS NA ENTRADA DA DESENCAIXOTADORA.NOTA 30008868905,OTHER_UNKNOWN,TRAVAMENTO DE ATUADOR,0.2949216663837433,ENROSCO DE CAIXAS,0.2776257395744324,FALHA ELETRICA DO TRANSPORTE,0.26891136169433594,False,False,COLLECT_NEW_REAL_CASES,True
ESPANAMENTO DE PARAFUSO,PARAFUSO ESPANOU NO TRANSPORTE 30008867087,OTHER_UNKNOWN,FALHA DE FIXACAO,0.23608198761940002,QUEBRA DE PARAFUSO,0.21638116240501404,FALHA DE TRANSPORTE DE LATAS,0.2145816832780838,False,False,COLLECT_NEW_REAL_CASES,True
FALHA DE ACIONAMENTO DO EMPURRADOR,FALHA NO ACIONAMENTO DO EMPURRADOR,OTHER_UNKNOWN,FALHA DE DRIVE,0.3227834105491638,FALHA DE EMPURRADOR,0.2993050217628479,COLISAO DO EMPURRADOR,0.2595641016960144,False,False,COLLECT_NEW_REAL_CASES,True
FALHA DE AMOSTRAGEM,FALHA DE LINHA AMOSTRA BAIXA ORDEM: 30008427066,OTHER_UNKNOWN,FALHA NA DESCIDA DE TAMPAS,0.11633377522230148,BAIXA VELOCIDADE DE ESTEIRA,0.1080249771475792,FALHA DE CONTROLE DE PROCESSO,0.09228687733411789,False,False,COLLECT_NEW_REAL_CASES,True
FALHA DE APLICACAO DE COLA,FALHA APLICAÇÃO COLA AGREGADO 2 - ENROSCO,OTHER_UNKNOWN,FALHA DE TERMOSTATO,0.3066119849681854,TRAVAMENTO DE ROLO DE COLA,0.2810702919960022,FALHA NA TROCA DE BANDEJA,0.25262653827667236,False,False,COLLECT_NEW_REAL_CASES,True
FALHA DE BANDEIROLA,FALHA NA BANDEROLA,OTHER_UNKNOWN,DEFORMACAO DE EIXO,0.1314849555492401,FALHA NA TROCA DE BANDEJA,0.12299849838018417,FALHA DE CODIFICACAO,0.11317808926105499,False,False,COLLECT_NEW_REAL_CASES,True
FALHA DE BOCAL,"FALHA NA CAPSULAGEM DAS GARRAFAS,GUIAS DO BOCAL DA GARRAFA FORA DE POSIÇÃO 30008398121",OTHER_UNKNOWN,FALHA DE DESCAPSULAMENTO,0.25195086002349854,DESALINHAMENTO DE PALETE,0.24315959215164185,FALHA NA PEGA DE GARRAFAS,0.24252843856811523,False,False,COLLECT_NEW_REAL_CASES,True
FALHA DE BOTOEIRA DE EMERGENCIA,FALHA DE BOTOEIRA DE EMERGENCIA CABO SOLTO ORDM: 30008543984,OTHER_UNKNOWN,ATUACAO DO CIRCUITO DE EMERGENCIA,0.2650185525417328,FALHA DE CHAVE DE EMERGENCIA,0.17696692049503326,FALHA DE CABO DE SEGURANCA,0.11293318122625351,False,False,COLLECT_NEW_REAL_CASES,True
FALHA DE BRACO DE TUBETES,FALHA NO BRAÇO DE BUSCAR TUBETES / E DESEMBALAR TUBETES (30008514151),OTHER_UNKNOWN,FALHA NO CORTE DE TUBETES,0.21367700397968292,FALHA DE CORTE DA EMBALAGEM DO TUBETE,0.15175260603427887,ROMPIMENTO DE TUBETE,0.1327015459537506,False,False,COLLECT_NEW_REAL_CASES,True
FALHA DE CENTRADOR,DESLIGAMENTO DO CENTRADOR DE CAMADAS 30008760997,OTHER_UNKNOWN,TRAVAMENTO DE CENTRADOR,0.2518198788166046,FALHA DE FORMACAO DE CAMADA,0.17930513620376587,PERDA DE REFERENCIA DO CENTRADOR,0.172007754445076,False,False,COLLECT_NEW_REAL_CASES,True
FALHA DE CHAVE DE EMERGENCIA,FALHA NO CHAVE DE MEMERGENCIA,OTHER_UNKNOWN,TRAVAMENTO DE CHAVE SECCIONADORA,0.23086023330688477,ATUACAO DO CIRCUITO DE EMERGENCIA,0.20781299471855164,FALHA DE BOTOEIRA DE EMERGENCIA,0.17696692049503326,False,False,COLLECT_NEW_REAL_CASES,True
FALHA DE CIP,"FALHA NO CIP, ENCHEDORA NAO CONTABILIZAVA O TEMPO DE CADA PASSO",OTHER_UNKNOWN,FALHA NO ENVIO DE BEBIDA,0.14979161322116852,FALHA NO CIP RAMAL B,0.11357224732637405,FALHA EM ENVIAR TAMPAS PARA ENCHEDORA,0.0989847481250763,False,False,COLLECT_NEW_REAL_CASES,True
FALHA DE COLETOR,COLETOR EM FALHA,OTHER_UNKNOWN,VAZAMENTO EM COLETOR,0.3958214223384857,VAZAMENTO NO COLETOR COM GAS BAIXO,0.30052053928375244,FALHA DA MESA GIRATORIA,0.1798473596572876,False,False,COLLECT_NEW_REAL_CASES,True
FALHA DE COMANDO DA ARVORE DE ESPUMA,FALHA NO COMANDO DA ARVORE DE ESPUMA,OTHER_UNKNOWN,ESPUMAMENTO DE BEBIDA,0.1729290783405304,DESARME DE PAINEL DE COMANDO,0.10525353252887726,FALHA DE SENSOR,0.08577580004930496,False,False,COLLECT_NEW_REAL_CASES,True
FALHA DE CONTROLE DE BRIX,BRIX DA BEBIDA FORA DE PADRÃO ( ORDEM - 30008701508),OTHER_UNKNOWN,ESPUMAMENTO DE BEBIDA,0.17609407007694244,VAZAMENTO DE PRODUTO,0.12199536710977554,DESALINHAMENTO MECANICO,0.11861800402402878,False,False,COLLECT_NEW_REAL_CASES,True
FALHA DE CORTE DA EMBALAGEM DO TUBETE,FALHA NO CORTE DA EMBALAGEM DO TUBETE OCASIONANDO ENROSCO DE TAMPAS NA RECRAVADORA,OTHER_UNKNOWN,ENROSCO DE TAMPAS,0.38727137446403503,FALHA NO CORTE DE TUBETES,0.3581618666648865,FALHA DE RECRAVACAO,0.3329174220561981,False,False,COLLECT_NEW_REAL_CASES,True
FALHA DE ELEMENTO DE TRANSMISSAO,"ESCAPOU CORRENTE DE TRAÇÃO DO TRANSPORTE,ORDEM 30008566282",OTHER_UNKNOWN,ESCAPE DE ESTEIRA,0.18783482909202576,TRAVAMENTO DE TRANSPORTE,0.18637795746326447,FALHA DE TRANSPORTE,0.1765264868736267,False,False,COLLECT_NEW_REAL_CASES,True
FALHA DE ENCOSTO DE AGRUPAMENTO,"FALHA DE ENCOSTO DE AGRUPAMENTO ,NÃO NA POSIÇÃO FINAL",OTHER_UNKNOWN,DESALINHAMENTO DE PALETE,0.15998676419258118,DESALINHAMENTO DE MASCARA,0.15524746477603912,TRAVAMENTO DE PALETE,0.1289064884185791,False,False,COLLECT_NEW_REAL_CASES,True
FALHA DE FEEDBACK,FALHA NO FEEDBACK DA TUBULAÇÃO DE DRENO E ALIVIO DE PRESSÃO DA ENCHEDORA,OTHER_UNKNOWN,FALHA DE PRESSURIZACAO DA ENCHEDORA,0.2908035218715668,ENTUPIMENTO,0.2699311673641205,FALHA DE VEDACAO,0.267152339220047,False,False,COLLECT_NEW_REAL_CASES,True
FALHA DE FIXACAO DA TULIPA,SUPORTE DA TULIPA DA VÁLVULA NUMERO 5 SOLTOU / NOTA : 30008313189,OTHER_UNKNOWN,AUSENCIA DE PARAFUSO DE FIXACAO,0.4349609315395355,FALHA DE TULIPA,0.37504398822784424,FALHA DE VALVULA,0.21695104241371155,False,False,COLLECT_NEW_REAL_CASES,True
FALHA DE FIXACAO DE PROTECAO,QUEDA DA GRADE DE PROTEÇÃO,OTHER_UNKNOWN,QUEDA DE GARRAFAS,0.1660579890012741,FALHA DE REGUA DE ENVOLVIMENTO,0.11585835367441177,FALHA DE INSPECAO,0.08878106623888016,False,False,COLLECT_NEW_REAL_CASES,True
FALHA DE GERADOR DE IMPULSOS,FALHA NO GERADOR DE IMPULSOS TRIGGER N: 07,OTHER_UNKNOWN,FALHA DE ELEVADOR,0.07742464542388916,FALHA DE SENSOR,0.07274386286735535,FALHA DE ACIONAMENTO DO EMPURRADOR,0.0720599815249443,False,False,COLLECT_NEW_REAL_CASES,True
FALHA DE MEDIDOR DE VAZAO,"FALHA DE ENCHIMENTO VALVULA N°51,52 E 81 - TROCA DO MEDIDOR DE VAZAO",OTHER_UNKNOWN,FALHA DE VALVULA DE ENCHIMENTO,0.3521537780761719,VAZAMENTO EM VALVULA,0.31319111585617065,FALHA DE MEDIDOR,0.24232253432273865,False,False,COLLECT_NEW_REAL_CASES,True
FALHA DE NIVEL DE AGUA,NIVE DE AGUA DA CUBA ABAIXANDO,OTHER_UNKNOWN,TRAVAMENTO DE BOIA,0.427191823720932,ROMPIMENTO DE MANGUEIRA DE AGUA,0.17958016693592072,FALHA NO SUPRIMENTO DE AGUA,0.16021347045898438,False,False,COLLECT_NEW_REAL_CASES,True
FALHA DE PARAMETRIZACAO DE RECEITA,FALHA NO CALCULO DE CURVA DA RECEITA DE 200ML (ORDEM: 30008776224),OTHER_UNKNOWN,FALHA NO CARREGAMENTO DE RECEITA,0.14306052029132843,ESCAPE DE ESTEIRA,0.1059441938996315,FALHA DE SENSOR,0.09143269807100296,False,False,COLLECT_NEW_REAL_CASES,True
FALHA DE PINOS DE TRANSFERENCIA,PINOS PEGANDO NAS GARRAFAS,OTHER_UNKNOWN,FALHA NA PEGADA DE CAMADA,0.2617623507976532,FALHA NA PEGA DE GARRAFAS,0.2482440322637558,TOMBAMENTO DE RECIPIENTES,0.23351043462753296,False,False,COLLECT_NEW_REAL_CASES,True
FALHA DE PRANCHA,PRANHA DERRUBANDO PACOTES,OTHER_UNKNOWN,FALHA DE TWISTER,0.21344983577728271,FALHA DE ROLO SEPARADOR,0.20609255135059357,QUEDA DE LATAS,0.192379891872406,False,False,COLLECT_NEW_REAL_CASES,True
FALHA DE PRE ENXAGUE,FALHA NO PRE ESGUICHO,OTHER_UNKNOWN,FALHA DE ENCHIMENTO,0.11521404981613159,FALHA DE FIXACAO,0.10522867739200592,FALHA DE PRESSOSTATO,0.1005510687828064,False,False,COLLECT_NEW_REAL_CASES,True
FALHA DE PRESSAO DE AGUA,"FALHA DE ""SEG DE PRESSÃO DE H2O NO RESFRIAMENTO NO PINO DE ENXAGUE¨",OTHER_UNKNOWN,FALHA DE RESFRIAMENTO,0.6321575045585632,PINO DE SEPARACAO TRAVADO,0.14928627014160156,FALHA DE PRESSURIZACAO DA ENCHEDORA,0.14309066534042358,False,False,COLLECT_NEW_REAL_CASES,True
FALHA DE PROPORCIONAMENTO,FALHA NA PROPORCAO DE XAROPE/AGUA,OTHER_UNKNOWN,FALHA DE VALVULA DE XAROPE,0.3224976360797882,FALHA DE VALVULA MODULADORA,0.15679344534873962,FALHA NO SUPRIMENTO DE AGUA,0.10159359872341156,False,False,COLLECT_NEW_REAL_CASES,True
FALHA DE RESFRIAMENTO,FALHA DE RESFRIAMENTO NO PINO DE ENXAGUE ENCHEDORA,OTHER_UNKNOWN,FALHA DE PRESSAO DE AGUA,0.6321575045585632,PINO DE SEPARACAO TRAVADO,0.1875886619091034,FALHA DE PINO,0.17338649928569794,False,False,COLLECT_NEW_REAL_CASES,True
FALHA DE RETORNO DO BRACO DE SOLDA,BRAÇO DA SOLDA NÃO ESTAVA VOLTANDO,OTHER_UNKNOWN,FALHA DE SOLDA DE FILME,0.24315518140792847,TRAVAMENTO DO SISTEMA DE COMPACTACAO,0.15877962112426758,QUEBRA DE BRACO,0.149043008685112,False,False,COLLECT_NEW_REAL_CASES,True
FALHA DE ROLO DE ESTIRAMENTO,"ROLO DO CARPETE TORTO NOTA , 30008400277",OTHER_UNKNOWN,DEFORMACAO DE SUPORTE,0.36759480834007263,COLISAO DO BRACO DE ESTIRAMENTO,0.2489696890115738,DESALINHAMENTO DE EIXO,0.16056086122989655,False,False,COLLECT_NEW_REAL_CASES,True
FALHA DE ROLO SEPARADOR,ROLO SEPARADOR DE GARRAFAS DERRUBANDO COM E SEM APOIO,OTHER_UNKNOWN,FALHA DE PRANCHA,0.20609255135059357,QUEDA DE GARRAFAS,0.18180838227272034,QUEDA DE LATAS,0.16514907777309418,False,False,COLLECT_NEW_REAL_CASES,True
FALHA DE ROTACAO,"PALETIZADORA EM FALHA DE ROTAÇÃO , NOTA 30008598948",OTHER_UNKNOWN,BAIXA VELOCIDADE DE ESTEIRA,0.23632009327411652,DESARME PALETIZADORA,0.1468755453824997,FALHA DE POSICIONAMENTO DE PALETE,0.12585319578647614,False,False,COLLECT_NEW_REAL_CASES,True
FALHA DE SOLENOIDE,SOLENOIDE DO ENVIAO DE AGUA PARA O CAPSULADOR E DE FINISH - ORDEM: 30008660813,OTHER_UNKNOWN,FALHA DE TAMPAMENTO,0.17171072959899902,DANIFICACAO DE GARRAFAS,0.15080855786800385,TRAVAMENTO DO CAPSULADOR,0.14328794181346893,False,False,COLLECT_NEW_REAL_CASES,True
FALHA DE SOPRADOR,ACERTO DO AR DO SOPRADOR DE AR DAS ROLHAS.,OTHER_UNKNOWN,DESARME DE EQUIPAMENTO,0.2509750425815582,FALHA DE SUPRIMENTO DE AR COMPRIMIDO,0.17020386457443237,FALHA DE CONEXAO PNEUMATICA,0.14195390045642853,False,False,COLLECT_NEW_REAL_CASES,True
FALHA DE TANGENCIAMENTO,TANGENCIAMENTO FORA,OTHER_UNKNOWN,DESALINHAMENTO DE AGREGADO,0.5073026418685913,DESALINHAMENTO DE PALETE,0.12250155955553055,FALHA DE SINCRONISMO,0.11103960871696472,False,False,COLLECT_NEW_REAL_CASES,True
FALHA DE TERMOSTATO,ENROSCO DE ROTULO NO AGREGADO 2 ( FALHA NO TERMOSTATO DO AGREGADO 2 ),OTHER_UNKNOWN,ENROSCO DE ROTULOS,0.5087101459503174,FALHA NA TROCA DE BANDEJA,0.3728194236755371,FALHA DE APLICACAO DE COLA,0.3066119849681854,False,False,COLLECT_NEW_REAL_CASES,True
FALHA ESTRUTURAL,Estrutura falta/danificada,OTHER_UNKNOWN,QUEBRA NO EIXO DA TAMPA DO ARROLHADOR,0.18834321200847626,FALHA DE ABA CONICA,0.17039616405963898,FALHA DE MANGUEIRA DE ALTA PRESSAO,0.13773061335086823,False,False,COLLECT_NEW_REAL_CASES,True
FALHA NA ABERTURA DA GARRA,FALHA NA ABERTURA DA GARRA NA ENTREGA DO PALLET,OTHER_UNKNOWN,FALHA DE ATUADOR DA VALVULA,0.2738686501979828,FALHA NA PEGA DE PALLET VAZIO,0.25378188490867615,FALHA NA DESCARGA DE PALETE,0.2257315069437027,False,False,COLLECT_NEW_REAL_CASES,True
FALHA NA TROCA AUTOMATICA,"FALHA NA TROCA AUTOMATICA DE BOBINA, SENDO NECESSÁRIO FAZER MANUALMENTE",OTHER_UNKNOWN,FALHA NA TROCA DE BOBINA,0.28528183698654175,FALHA DE SOLDA DE FILME,0.2803081274032593,FALHA NA TROCA DE PALETE DE CARTAO,0.24857589602470398,False,False,COLLECT_NEW_REAL_CASES,True
FALHA NO CARREGAMENTO DE RECEITA,"RECEITA DO PRODUTO, NÃO ESTAVA CARREGANDO, FOI AJUSTADO EM OUTRA RECEITA.",OTHER_UNKNOWN,FALHA DE PARAMETRIZACAO DE RECEITA,0.14306052029132843,FALHA DE RETORNO DO BRACO DE SOLDA,0.13809487223625183,FALHA NO SISTEMA DE AR COMPRIMIDO,0.09988363832235336,False,False,COLLECT_NEW_REAL_CASES,True
FALHA NO CIP RAMAL B,"FALHA NO CIP RAMAL B, DRENO ATIVANDO NO MEIO DO CIP",OTHER_UNKNOWN,FALHA NA INSERCAO DE GARRAFAS FALSAS,0.1634632647037506,QUEBRA DE PISTAO,0.14876602590084076,FALHA DE FEEDBACK,0.12622198462486267,False,False,COLLECT_NEW_REAL_CASES,True
FALHA NO SISTEMA DE AR COMPRIMIDO,"FALTA DE AR COMPRIMIDO NO CABECOTE DA MAQUINA , NAO ESTAVA PEGANDO AS GARRAFAS , MANUTENCAO ELETRICA ATUOU",OTHER_UNKNOWN,FALHA DE CABECOTE,0.28117623925209045,FALHA DE MANGUEIRA PNEUMATICA,0.24332192540168762,DEFORMACAO DE MEXEDOR,0.23487907648086548,False,False,COLLECT_NEW_REAL_CASES,True
FALHA NO SUPRIMENTO DE AGUA,FALTA DE AGUA NA REGUA ULTRASSONICA,OTHER_UNKNOWN,FALHA DE SUPRIMENTO DE AR COMPRIMIDO,0.21936126053333282,ROMPIMENTO DE MANGUEIRA DE AGUA,0.19300659000873566,FALHA DE REGUA DE ENVOLVIMENTO,0.1694604605436325,False,False,COLLECT_NEW_REAL_CASES,True
FALHA NOS SNIFS,"AJUSTE DE RÉGUA, LIMPEZA DOS BICOS E AJUSTE DOS SNIFS DA VÁLVULA 4",OTHER_UNKNOWN,SEM MODO DE FALHA IDENTIFICADO,0.2868373692035675,FALHA DE VALVULA,0.18428225815296173,FALHA DE VALVULA DE ENCHIMENTO,0.13524948060512543,False,False,COLLECT_NEW_REAL_CASES,True
INTERFERENCIA MECANICA,ATRITO ENTRE O SUPORTE DO PISTAO DE LATAS FALSAS COM A ENCHEDORA,OTHER_UNKNOWN,TRAVAMENTO DE ATUADOR,0.22783058881759644,QUEBRA DE ATUADOR,0.18780501186847687,FALHA DE TRANSPORTE DE LATAS,0.18733757734298706,False,False,COLLECT_NEW_REAL_CASES,True
PERDA DE REFERENCIA DO CENTRADOR,"CENTRADOR DE FOLHA SEPARADORA ,PERDENDO A REFERENCIA",OTHER_UNKNOWN,TRAVAMENTO DE CENTRADOR,0.4986860156059265,FALHA NA TROCA DE PALETE DE FOLHA SEPARADORA,0.35767701268196106,PERDA DE REFERENCIA HOME,0.2532026767730713,False,False,COLLECT_NEW_REAL_CASES,True
QUEBRA DE ANEL O RING,QUEBRA DO ANEL ORING DO BOCAL DO CAPSULADOR,OTHER_UNKNOWN,FALHA DE TAMPAMENTO,0.2694385051727295,DESALINHAMENTO DE CHAPA,0.1993793100118637,QUEBRA DE EIXO,0.1992909014225006,False,False,COLLECT_NEW_REAL_CASES,True
QUEBRA DE PINO,QUEBRA DO PINO DA GUIA DE ENTRADA,OTHER_UNKNOWN,FALHA DE GUIA,0.35949280858039856,FALHA DE PINO,0.3366723358631134,QUEBRA DE PARAFUSO,0.29140058159828186,False,False,COLLECT_NEW_REAL_CASES,True
QUEBRA DE PISTAO,PISTAO DA CAPA CIP QUEBRADO,OTHER_UNKNOWN,QUEBRA DE ATUADOR,0.40715670585632324,TRAVAMENTO DE ATUADOR,0.2600780129432678,FALHA DE FIXACAO DA VALVULA,0.22104376554489136,False,False,COLLECT_NEW_REAL_CASES,True
ROMPIMENTO DE TUBETE,ESTOURO DO TUBETE E FALHA NO SINCRONISMO DE CORTE,OTHER_UNKNOWN,FALHA NO CORTE DE TUBETES,0.4614278972148895,FALHA DE SINCRONISMO,0.3675844371318817,FALHA DE CORTE DA EMBALAGEM DO TUBETE,0.2685673236846924,False,False,COLLECT_NEW_REAL_CASES,True
SOBREAQUECIMENTO DE PROCESSADOR,AQUECIMENTO DO PROCESSADOR DO MIXER,OTHER_UNKNOWN,FALHA DE BOMBA,0.18545009195804596,FALHA DE CARBONATACAO,0.18043512105941772,FALHA DE MIXER,0.16687364876270294,False,False,COLLECT_NEW_REAL_CASES,True
TRANSBORDAMENTO DE TANQUE,TRANSBORDO DO DESAERADOR,OTHER_UNKNOWN,VAZAMENTO EM CONEXAO,0.2980780601501465,DESARME DE TRANSPORTE,0.09155185520648956,TRAVAMENTO DE VALVULA,0.09034804254770279,False,False,COLLECT_NEW_REAL_CASES,True
TRAVAMENTO DE BOCAL,BOCAL TRAVADO ( 30008219084 ),OTHER_UNKNOWN,TRAVAMENTO DE SNIFFER,0.17290379106998444,QUEBRA DE ANEL O RING,0.1569676399230957,FALHA DE BOCAL,0.1266888827085495,False,False,COLLECT_NEW_REAL_CASES,True
TRAVAMENTO DE CENTRADOR,TRAVAMENTO DO CENTRADOR DE FOLHA SEPARADORA NA TROCA DO MESMO,OTHER_UNKNOWN,PERDA DE REFERENCIA DO CENTRADOR,0.4986860156059265,FALHA NA TROCA DE PALETE DE FOLHA SEPARADORA,0.46690574288368225,FALHA DE FILTRO,0.259074330329895,False,False,COLLECT_NEW_REAL_CASES,True
TRAVAMENTO DE CHAVE SECCIONADORA,TRAVA NA CHAVE SECCIONADORA,OTHER_UNKNOWN,FALHA DE CHAVE DE EMERGENCIA,0.23086023330688477,FALHA DE SEGURANCA,0.14993850886821747,TRAVAMENTO DO CAPSULADOR,0.11954551935195923,False,False,COLLECT_NEW_REAL_CASES,True
TRAVAMENTO DE PINO DE SEPARACAO,"TRAVAMENTO DO PINO DE SEPARAÇÃO , NOTA 30008370910",OTHER_UNKNOWN,FALHA DE PINO,0.4201437830924988,PINO DE SEPARACAO TRAVADO,0.33968594670295715,FALHA DE PINO DE SEPARACAO,0.29254963994026184,False,False,COLLECT_NEW_REAL_CASES,True
TRAVAMENTO DE SNIFFER,SNIFFER TRAVADO,OTHER_UNKNOWN,TRAVAMENTO DE BOCAL,0.17290379106998444,TRAVAMENTO DE CILINDRO ROTATIVO,0.15464963018894196,TRAVAMENTO DO SISTEMA DE COMPACTACAO,0.14425595104694366,False,False,COLLECT_NEW_REAL_CASES,True
VAZAMENTO DE PRODUTO,"PASSAGEM DE BEBIDA PARA O DRENO, ORDEM : 30008839232",OTHER_UNKNOWN,ESPUMAMENTO DE BEBIDA,0.16637034714221954,FALHA NO ENVIO DE BEBIDA,0.1652338057756424,FALHA DE ALIMENTACAO ELETRICA DA EMBREAGEM,0.1573808193206787,False,False,COLLECT_NEW_REAL_CASES,True
VAZAMENTO EM CONEXAO,CONEXÃO SMS DO DESAERADOR COM VAZAMENTO DURANTE O CIP,OTHER_UNKNOWN,TRANSBORDAMENTO DE TANQUE,0.2980780601501465,FALHA DE MANGUEIRA,0.205422505736351,VAZAMENTO EM TUBULACAO,0.18051856756210327,False,False,COLLECT_NEW_REAL_CASES,True
FALHA DE DIRECIONAMENTO DE PACOTES,PATINS ENTREGANDO PACOTE ERRADO NO CANAL A,PACOTE,PATINS FORA DE POSICAO,0.389237642288208,FALHA DE PATINS,0.2527204751968384,ENROSCO DE PACOTES,0.22657446563243866,False,False,COLLECT_NEW_REAL_CASES,True
FALHA DE POSICIONAMENTO DE PACOTES,DESLOCAMENTO INCORRETO DE PACOTES,PACOTE,ENROSCO DE PACOTES,0.19905582070350647,FALHA DE TRANSPORTE DE PACOTES,0.17636609077453613,FALHA DE CONTAGEM,0.1365528106689453,False,False,COLLECT_NEW_REAL_CASES,True
DESALINHAMENTO DE PALETE,PALETE FORA DE POSIÇÃO,PALETE,TRAVAMENTO DE PALETE,0.62047278881073,DESALINHAMENTO MECANICO,0.48851966857910156,PATINS FORA DE POSICAO,0.32094886898994446,False,False,COLLECT_NEW_REAL_CASES,True
DESALINHAMENTO DE PILHA DE PALETES,"PILHA DE PALLET VAZIOS MONTOU TORTA, NA SAIDA A MAGAZINE TROMBOU NA BARREIRA DERRUBANDO OS PALLETS DA MAGAZINE",PALETE,FALHA DE MAGAZINE,0.3589860200881958,FALHA DE BARREIRA,0.240398570895195,FALHA NA PEGA DE PALLET VAZIO,0.20342150330543518,False,False,COLLECT_NEW_REAL_CASES,True
FALHA DE ALIMENTACAO DE PALETES,FALHA AO PUXAR PALETES,PALETE,FALHA NO ENVIO DE BEBIDA,0.2478746473789215,FALHA DE BARREIRA,0.1660674512386322,FALHA NO AVANCO DE PALETES PARA PALETIZAR,0.15053334832191467,False,False,COLLECT_NEW_REAL_CASES,True
FALHA NA DESCARGA DE PALETE,FALHA NA DESCARGA DO PALLET PARA A PALETIZAÇÃO,PALETE,FALHA NA PEGA DE PALLET VAZIO,0.2361973375082016,FALHA NA ABERTURA DA GARRA,0.2257315069437027,FALHA NA TROCA DE PALETE DE FOLHA SEPARADORA,0.19532494246959686,False,False,COLLECT_NEW_REAL_CASES,True
TRAVAMENTO DE PATINS,TRAVAMENTO DO DEVISER( PATINS) 30008241862,PATINS,TRAVAMENTO DE SEGMENTOS,0.19348353147506714,FALHA DE PATINS,0.15630877017974854,TRAVAMENTO DE TRANSPORTE,0.1546560674905777,False,False,COLLECT_NEW_REAL_CASES,True
PERDA DE REFERENCIA DO PEGADOR DE CHAPATEX,PEGADOR DE CHAPATEX SE PERDEU,PEGADOR,FALHA DE PEGADOR,0.6031643748283386,FALHA DO COLOCADOR DE CHAPATEX,0.2539964020252228,PERDA DE REFERENCIA DO ROBO,0.1802053153514862,False,False,COLLECT_NEW_REAL_CASES,True
FALHA DE PERSIANA,ENROSCO DA PERSIANA,PERSIANA,TRAVAMENTO DE PERSIANA,0.345220148563385,ENROSCO DE PACOTES,0.22048963606357574,ENROSCO DE LATAS,0.21455109119415283,False,False,COLLECT_NEW_REAL_CASES,True
FALHA DE BATETORES PNEUMATICOS,FALHA AR DOS BATETORES DA ENCAIXATADORA,PNEUMATICO,TREPIDACAO DE ESTEIRA,0.28329402208328247,FALHA DE TRANSPORTE DE GARRAFAS,0.1509147733449936,FALHA DE BATEDOR DE CAIXAS,0.12434674054384232,False,False,COLLECT_NEW_REAL_CASES,True
FALSA RECRAVACAO,"FALSA RECRAVAÇÃO, ATUAÇÃO NO MANDRIL 5",RECRAVACAO,FALHA DE MANDRIL,0.35514700412750244,FALHA DE RECRAVACAO,0.26777413487434387,FALHA DE VALVULA DE XAROPE,0.19005630910396576,False,False,COLLECT_NEW_REAL_CASES,True
FALHA DE PARAMETRIZACAO DO REJEITO,AJUSTES NOS PARAMETROS DO REJEITO ( ORDEM - 30008270511 ),REJEICAO,FALHA DE PARAMETRIZACAO,0.2711958587169647,FALHA DE REJEICAO,0.20748868584632874,SEM MODO DE FALHA IDENTIFICADO,0.19706441462039948,False,False,COLLECT_NEW_REAL_CASES,True
FALSO ALARME DE REJEITO OBSTRUIDO,ACIONANDO ALARME DE REJEITO OBSTRUIDO ALEATORIAMENTE,REJEICAO,FALHA DE REJEICAO,0.20250897109508514,FALHA ELETRICA SEM COMPONENTE IDENTIFICADO,0.11264695227146149,DESLIGAMENTO INDEVIDO DO EQUIPAMENTO,0.10650865733623505,False,False,COLLECT_NEW_REAL_CASES,True
COLISAO DO ROBO COM PALETE,"COLISÃO DO ROBO COM PALETE MONTADO , APÓS ISSO FALHAS NO PEGADOR DE CARTÃO",ROBO,FALHA NA GARRA DO ROBO,0.4941599369049072,FALHA DE ROBO,0.3291970193386078,FALHA DE PEGADOR,0.2918746769428253,False,False,COLLECT_NEW_REAL_CASES,True
FALHA NA ABERTURA DOS GANCHOS DO ROBO,GANCHOS DO ROBO NÃO ABREM QUANDO DEPOSITA PALETE NOVO NO TRANSPORTE,ROBO,FALHA NA GARRA DO ROBO,0.2959210276603699,FALHA DE ROBO,0.24977461993694305,FALHA DE TRANSPORTE DE LATAS,0.16752399504184723,False,False,COLLECT_NEW_REAL_CASES,True
FALHA NA GARRA DO ROBO,"COLISÃO DO ROBO COM PALETE MONTADO , FALHA NA GARRA DO ROBO AO DEPOSITAR PALETE NO TRANSPORTE",ROBO,COLISAO DO ROBO COM PALETE,0.4941599369049072,FALHA DE ROBO,0.45377665758132935,FALHA NA ABERTURA DOS GANCHOS DO ROBO,0.2959210276603699,False,False,COLLECT_NEW_REAL_CASES,True
PERDA DE REFERENCIA DO ROBO,ROBO PERDEU REFERENCIA NA ENTRADA DE UMA PILHA DE PALETES,ROBO,PERDA DE REFERENCIA HOME,0.2781033515930176,PERDA DE REFERENCIA DO CENTRADOR,0.2268846184015274,FALHA DE ROBO,0.21548163890838623,False,False,COLLECT_NEW_REAL_CASES,True
PATINAMENTO DE ROLETE,ROLETE PATINANDO NA VIA DE ENTRADA DE PACOTE VI A2,ROLETE,FALHA DE ALIMENTACAO DE PACOTES,0.5149627923965454,PATINAGEM DE ESTEIRA,0.3067634105682373,FALHA DE ROLETES,0.2375388741493225,False,False,COLLECT_NEW_REAL_CASES,True
FALHA DE EXTRACAO DE ROTULOS,"FALHA EXTRAÇÃO DE RÓTULOS, EXCESSO GERANDO PARADA LINATRONIC",ROTULO,EXCESSO DE GARRAFA COM ROTULO,0.37167632579803467,FALHA DE ROTULAGEM,0.24759282171726227,ENROSCO DE ROTULOS,0.1993912160396576,False,False,COLLECT_NEW_REAL_CASES,True
FALHA DO TENSOR DE ROTULOS,FALHA NYLON DO TENSOR DE ROTULOS DO AGREGADO 2 ORDEM: 30008219040,ROTULO,FALHA NA TROCA DE BANDEJA,0.3263087868690491,FALHA DE TERMOSTATO,0.2670760750770569,ENROSCO DE ROTULOS,0.2628636658191681,False,False,COLLECT_NEW_REAL_CASES,True
QUEBRA DE SEGMENTO,QUEBRA DO SEGUIMENTO LINEAR ( ORDEM - 30008258314 ),SEGMENTO,FALHA NO SENSOR EXPULSADOR,0.24221454560756683,QUEBRA DE COMPONENTE,0.16746638715267181,QUEBRA DE ESTEIRA,0.15407449007034302,False,False,COLLECT_NEW_REAL_CASES,True
FALHA DE CABO DE SEGURANCA,FALHA CABO DE SEGURANÇA NA ENTRADA DA LAVADORA,SEGURANCA,FALHA DE RELE DE SEGURANCA,0.3244810700416565,TRAVAMENTO DE GARRAFAS NA SAIDA DA LAVADORA,0.2694915235042572,FALHA NA TROCA DE BOBINA,0.26309606432914734,False,False,COLLECT_NEW_REAL_CASES,True
FALHA DE SEGURANCA,"TRAVA DE SEGURANÇA DO PORTÃO DA PALETIZADORA,ACIONADA",SEGURANCA,FALHA DE PORTA DE SEGURANCA,0.28305143117904663,FALHA DE SEGURANCA DO CABECOTE,0.23645225167274475,FALHA DE RELE DE SEGURANCA,0.22225946187973022,False,False,COLLECT_NEW_REAL_CASES,True
FALHA DE FIXACAO DA BASE DO SENSOR,BASE SENSOR DE QUEDA DE GARRAFAS ALINHADOR PARA DESCAPSULADOR SOLTO,SENSOR,FALHA DE DESCAPSULAMENTO,0.34226956963539124,QUEDA DE GARRAFAS,0.3073849380016327,FALHA DE SENSOR,0.2583123445510864,False,False,COLLECT_NEW_REAL_CASES,True
FALHA NO SENSOR EXPULSADOR,FALHA NO SENSOR DO EXPULSADOR LINEAR ( ORDEM : 30008857358 ),SENSOR,FALHA DE SENSOR,0.26556792855262756,QUEBRA DE SEGMENTO,0.24221454560756683,FALHA SENSOR DA PORTA,0.17660820484161377,False,False,COLLECT_NEW_REAL_CASES,True
FALHA SENSOR DA PORTA,FALHA NO SENSOR DA PORTA DE SEGURANÇA 30008857448,SENSOR,FALHA DE PORTA DE SEGURANCA,0.4130236804485321,FALHA DE SENSOR,0.39843887090682983,FALHA NA TROCA DE BOBINA,0.3214709460735321,False,False,COLLECT_NEW_REAL_CASES,True
FALHA DE SUPORTE DE TAMPAS,TROCA DO SUPORTE DE ROLHAS DO ARROLHADOR.OBS.2 UNIDADES.,SUPORTE,FALHA DE SOPRADOR,0.14093315601348877,AUSENCIA DE PARAFUSO DE FIXACAO,0.1371338814496994,ENROSCO DE TAMPAS,0.13320016860961914,False,False,COLLECT_NEW_REAL_CASES,True
QUEBRA DE SUPORTE,SUPORTE DA FACA DE CORTE QUEBRADO 30008618696,SUPORTE,FALHA DE CORTE DE FILME,0.2136126160621643,QUEBRA DE TRANSPORTE,0.17686565220355988,FALHA DE FACA,0.17518861591815948,False,False,COLLECT_NEW_REAL_CASES,True
ACUMULO TAMPAS BUFFER FALHA,FALHA NO ACÚMULO DE TAMPAS DO BUFFER,TAMPA,FALHA DE ACUMULO NO TRANSPORTE,0.3225492835044861,ENROSCO DE TAMPAS,0.2297223061323166,FALHA DE ALIMENTACAO DE TAMPAS,0.22636757791042328,False,False,COLLECT_NEW_REAL_CASES,True
ENTUPIMENTO NO TRANSPORTE DE TAMPAS,ENTUPIMENTO NO RETORNO DE TAMPAS ORDEM: 30008653914,TAMPA,ENTUPIMENTO,0.28033122420310974,ENTUPIMENTO DE TUBULACAO,0.20368605852127075,ENROSCO DE TAMPAS,0.18855705857276917,False,False,COLLECT_NEW_REAL_CASES,True
PARADA DE TRANSPORTE,FALHA TRANSPORTE ÁREA EXTERNA EM FRENTE A LAVADORA PARADOS,TRANSPORTE,FALHA DE TRANSPORTE,0.3025081157684326,FALHA DE TRANSPORTE DE LATAS,0.1629364937543869,DESARME DE TRANSPORTE,0.15794737637043,False,False,COLLECT_NEW_REAL_CASES,True
QUEBRA DE TRECHO DO TRANSPORTE,TRASPORTE DE PACOTES QUEBRADO 30008857467,TRANSPORTE,QUEBRA DE TRANSPORTE,0.2657279372215271,FALHA DE TRANSPORTE DE PACOTES,0.20930661261081696,FALHA ELETRICA DO TRANSPORTE,0.20619145035743713,False,False,COLLECT_NEW_REAL_CASES,True
ENTUPIMENTO DE TUBULACAO,"ENTUPIMENTO DA TUBULAÇÃO, DO JETFLOW, NAO ENVIANDO TAMPAS PARA TOLVA",TUBULACAO,ENTUPIMENTO,0.536729097366333,ENTUPIMENTO NO TRANSPORTE DE TAMPAS,0.20368605852127075,FALHA EM ENVIAR TAMPAS PARA ENCHEDORA,0.20363417267799377,False,False,COLLECT_NEW_REAL_CASES,True
VAZAMENTO EM TUBULACAO,REAPERTO DA TUBULAÇÃO COM VAZAMENTO DE BEBIDA,TUBULACAO,FALHA DE VEDACAO,0.41491392254829407,ENTUPIMENTO,0.3601001799106598,FALHA DE MISTURA,0.3584245443344116,False,False,COLLECT_NEW_REAL_CASES,True
FALHA DE FIXACAO DA VALVULA,VÁLVULA 27 COM PARAFUSO SOLTO APÓS REVISÃO EM PCM OCASIONANDO FALHA NA INSERÇÃO DE CAPA CIP,VALVULA,FALHA DE FIXACAO,0.25057050585746765,FALHA NO SISTEMA DE INSERCAO DE FALSA GARRAFA,0.2301386594772339,QUEBRA DE PISTAO,0.22104376554489136,False,False,COLLECT_NEW_REAL_CASES,True
