candidate,segment_type,segment,rows,recall_at_3,recall_at_5,mrr,priority_family
BASELINE_V15,TRAIN_SUPPORT,1,76,0.72368421,0.82894737,0.60668575,False
BASELINE_V15,TRAIN_SUPPORT,11-20,103,0.9223301,0.9223301,0.84189756,False
BASELINE_V15,TRAIN_SUPPORT,2-3,35,0.82857143,0.85714286,0.60321479,False
BASELINE_V15,TRAIN_SUPPORT,4-5,25,0.92,0.96,0.9069697,False
BASELINE_V15,TRAIN_SUPPORT,6-10,82,0.85365854,0.87804878,0.71839831,False
BASELINE_V15,TRAIN_SUPPORT,>20,364,0.94230769,0.9478022,0.89424904,False
BASELINE_V15,FAMILY,ATUADOR,4,1.0,1.0,0.83333333,False
BASELINE_V15,FAMILY,AUTOMACAO,5,0.6,0.6,0.42290715,False
BASELINE_V15,FAMILY,BANDEJA,1,1.0,1.0,1.0,False
BASELINE_V15,FAMILY,BARREIRA,5,1.0,1.0,1.0,False
BASELINE_V15,FAMILY,BOBINA,1,1.0,1.0,0.5,False
BASELINE_V15,FAMILY,BOMBA,3,1.0,1.0,1.0,False
BASELINE_V15,FAMILY,CABECOTE,3,0.66666667,0.66666667,0.67567568,False
BASELINE_V15,FAMILY,CAIXA,2,1.0,1.0,0.75,False
BASELINE_V15,FAMILY,CAMADA,11,0.90909091,1.0,0.93181818,False
BASELINE_V15,FAMILY,CAMERA,1,1.0,1.0,0.5,False
BASELINE_V15,FAMILY,CARBONATACAO,2,1.0,1.0,0.66666667,False
BASELINE_V15,FAMILY,CARTAO,18,1.0,1.0,0.57407407,True
BASELINE_V15,FAMILY,COMUNICACAO,9,1.0,1.0,1.0,False
BASELINE_V15,FAMILY,CORREIA,6,0.66666667,0.83333333,0.71354167,False
BASELINE_V15,FAMILY,CORRENTE,3,1.0,1.0,0.83333333,False
BASELINE_V15,FAMILY,DESCAPSULAMENTO,3,0.66666667,0.66666667,0.7037037,False
BASELINE_V15,FAMILY,DOSAGEM,1,1.0,1.0,1.0,False
BASELINE_V15,FAMILY,EIXO,3,1.0,1.0,1.0,False
BASELINE_V15,FAMILY,ELETRICO,3,0.66666667,0.66666667,0.6969697,False
BASELINE_V15,FAMILY,ELEVADOR,4,1.0,1.0,0.875,False
BASELINE_V15,FAMILY,ENCHIMENTO,19,0.84210526,0.84210526,0.67605206,False
BASELINE_V15,FAMILY,ENCODER,2,1.0,1.0,0.66666667,False
BASELINE_V15,FAMILY,ENGRENAGEM,2,1.0,1.0,0.66666667,False
BASELINE_V15,FAMILY,ENVOLVIMENTO,9,0.55555556,0.55555556,0.56600266,False
BASELINE_V15,FAMILY,ESTEIRA,48,0.95833333,0.95833333,0.87683627,True
BASELINE_V15,FAMILY,FILME,23,1.0,1.0,0.93478261,False
BASELINE_V15,FAMILY,FILTRO,1,1.0,1.0,1.0,False
BASELINE_V15,FAMILY,FLUXIMETRO,1,1.0,1.0,1.0,False
BASELINE_V15,FAMILY,GARRAFA,34,0.94117647,0.94117647,0.89774717,False
BASELINE_V15,FAMILY,GUIA,8,0.5,0.625,0.43017644,False
BASELINE_V15,FAMILY,IHM,3,1.0,1.0,0.83333333,False
BASELINE_V15,FAMILY,IMPRESSAO,8,1.0,1.0,0.9375,False
BASELINE_V15,FAMILY,INSPECAO,14,0.78571429,0.85714286,0.62983193,False
BASELINE_V15,FAMILY,INVERSOR,14,1.0,1.0,1.0,False
BASELINE_V15,FAMILY,LATA,23,0.82608696,0.91304348,0.78462146,True
BASELINE_V15,FAMILY,MAGAZINE,6,1.0,1.0,1.0,False
BASELINE_V15,FAMILY,MANGUEIRA,6,0.33333333,0.5,0.40295345,True
BASELINE_V15,FAMILY,MESA,1,1.0,1.0,1.0,False
BASELINE_V15,FAMILY,MOTOR,15,1.0,1.0,1.0,False
BASELINE_V15,FAMILY,OTHER_UNKNOWN,96,0.72916667,0.79166667,0.63729135,True
BASELINE_V15,FAMILY,PACOTE,18,1.0,1.0,0.94444444,False
BASELINE_V15,FAMILY,PALETE,2,0.5,0.5,0.54545455,False
BASELINE_V15,FAMILY,PATINS,3,1.0,1.0,0.66666667,False
BASELINE_V15,FAMILY,PEGADOR,4,0.75,0.75,0.75088028,False
BASELINE_V15,FAMILY,PERSIANA,2,1.0,1.0,1.0,False
BASELINE_V15,FAMILY,PINCA,13,1.0,1.0,0.96153846,False
BASELINE_V15,FAMILY,PNEUMATICO,2,0.5,0.5,0.28333333,False
BASELINE_V15,FAMILY,PRESSOSTATO,1,1.0,1.0,1.0,False
BASELINE_V15,FAMILY,PROCESSO,3,1.0,1.0,1.0,False
BASELINE_V15,FAMILY,RECRAVACAO,7,1.0,1.0,1.0,False
BASELINE_V15,FAMILY,REDUTOR,1,1.0,1.0,1.0,False
BASELINE_V15,FAMILY,REJEICAO,14,1.0,1.0,0.86904762,False
BASELINE_V15,FAMILY,ROBO,9,1.0,1.0,0.77777778,False
BASELINE_V15,FAMILY,ROLAMENTO,2,1.0,1.0,1.0,False
BASELINE_V15,FAMILY,ROLETE,8,1.0,1.0,0.9375,False
BASELINE_V15,FAMILY,ROTULO,6,1.0,1.0,0.83333333,False
BASELINE_V15,FAMILY,SEGMENTO,6,0.83333333,0.83333333,0.83419244,False
BASELINE_V15,FAMILY,SEGURANCA,2,1.0,1.0,0.75,False
BASELINE_V15,FAMILY,SENSOR,56,0.98214286,0.98214286,0.97420635,False
BASELINE_V15,FAMILY,SERVO_MOTOR,4,1.0,1.0,1.0,False
BASELINE_V15,FAMILY,SINCRONISMO,8,0.875,0.875,0.79761905,False
BASELINE_V15,FAMILY,STOPPER,3,1.0,1.0,1.0,False
BASELINE_V15,FAMILY,SUPORTE,1,1.0,1.0,1.0,False
BASELINE_V15,FAMILY,TAMPA,16,1.0,1.0,1.0,False
BASELINE_V15,FAMILY,TEMPERATURA,6,0.83333333,1.0,0.875,False
BASELINE_V15,FAMILY,TRANSPORTE,14,0.85714286,0.85714286,0.70273908,True
BASELINE_V15,FAMILY,TUBULACAO,4,1.0,1.0,1.0,False
BASELINE_V15,FAMILY,VALVULA,45,0.97777778,0.97777778,0.84828365,True
BASELINE_V15,FAMILY,VENTOSA,3,1.0,1.0,0.83333333,False
BASELINE_V15,FAMILY,VIBRADOR,1,1.0,1.0,1.0,False
BASELINE_V15,KNOWN_VS_OTHER_UNKNOWN,KNOWN,589,0.92529711,0.93887946,0.84863441,False
BASELINE_V15,KNOWN_VS_OTHER_UNKNOWN,OTHER_UNKNOWN,96,0.72916667,0.79166667,0.63729135,True
FAMILY_CAPPED,TRAIN_SUPPORT,1,76,0.73684211,0.82894737,0.60778225,False
FAMILY_CAPPED,TRAIN_SUPPORT,11-20,103,0.9223301,0.9223301,0.8420324,False
FAMILY_CAPPED,TRAIN_SUPPORT,2-3,35,0.82857143,0.85714286,0.58841888,False
FAMILY_CAPPED,TRAIN_SUPPORT,4-5,25,0.92,0.96,0.9069697,False
FAMILY_CAPPED,TRAIN_SUPPORT,6-10,82,0.85365854,0.87804878,0.72246335,False
FAMILY_CAPPED,TRAIN_SUPPORT,>20,364,0.94230769,0.9478022,0.89830451,False
FAMILY_CAPPED,FAMILY,ATUADOR,4,1.0,1.0,0.83333333,False
FAMILY_CAPPED,FAMILY,AUTOMACAO,5,0.6,0.6,0.42568493,False
FAMILY_CAPPED,FAMILY,BANDEJA,1,1.0,1.0,1.0,False
FAMILY_CAPPED,FAMILY,BARREIRA,5,1.0,1.0,1.0,False
FAMILY_CAPPED,FAMILY,BOBINA,1,1.0,1.0,0.5,False
FAMILY_CAPPED,FAMILY,BOMBA,3,1.0,1.0,1.0,False
FAMILY_CAPPED,FAMILY,CABECOTE,3,0.66666667,0.66666667,0.67567568,False
FAMILY_CAPPED,FAMILY,CAIXA,2,1.0,1.0,0.75,False
FAMILY_CAPPED,FAMILY,CAMADA,11,0.90909091,1.0,0.93181818,False
FAMILY_CAPPED,FAMILY,CAMERA,1,1.0,1.0,0.5,False
FAMILY_CAPPED,FAMILY,CARBONATACAO,2,1.0,1.0,0.75,False
FAMILY_CAPPED,FAMILY,CARTAO,18,1.0,1.0,0.57407407,True
FAMILY_CAPPED,FAMILY,COMUNICACAO,9,1.0,1.0,1.0,False
FAMILY_CAPPED,FAMILY,CORREIA,6,0.66666667,0.83333333,0.71354167,False
FAMILY_CAPPED,FAMILY,CORRENTE,3,1.0,1.0,0.66666667,False
FAMILY_CAPPED,FAMILY,DESCAPSULAMENTO,3,0.66666667,0.66666667,0.7037037,False
FAMILY_CAPPED,FAMILY,DOSAGEM,1,1.0,1.0,1.0,False
FAMILY_CAPPED,FAMILY,EIXO,3,1.0,1.0,1.0,False
FAMILY_CAPPED,FAMILY,ELETRICO,3,0.66666667,0.66666667,0.6969697,False
FAMILY_CAPPED,FAMILY,ELEVADOR,4,1.0,1.0,0.875,False
FAMILY_CAPPED,FAMILY,ENCHIMENTO,19,0.84210526,0.84210526,0.67605206,False
FAMILY_CAPPED,FAMILY,ENCODER,2,1.0,1.0,0.75,False
FAMILY_CAPPED,FAMILY,ENGRENAGEM,2,1.0,1.0,0.66666667,False
FAMILY_CAPPED,FAMILY,ENVOLVIMENTO,9,0.55555556,0.55555556,0.56600266,False
FAMILY_CAPPED,FAMILY,ESTEIRA,48,0.95833333,0.95833333,0.87683627,True
FAMILY_CAPPED,FAMILY,FILME,23,1.0,1.0,0.93478261,False
FAMILY_CAPPED,FAMILY,FILTRO,1,1.0,1.0,1.0,False
FAMILY_CAPPED,FAMILY,FLUXIMETRO,1,1.0,1.0,1.0,False
FAMILY_CAPPED,FAMILY,GARRAFA,34,0.94117647,0.94117647,0.89774717,False
FAMILY_CAPPED,FAMILY,GUIA,8,0.5,0.625,0.43017644,False
FAMILY_CAPPED,FAMILY,IHM,3,1.0,1.0,0.83333333,False
FAMILY_CAPPED,FAMILY,IMPRESSAO,8,1.0,1.0,0.9375,False
FAMILY_CAPPED,FAMILY,INSPECAO,14,0.78571429,0.85714286,0.7012605,False
FAMILY_CAPPED,FAMILY,INVERSOR,14,1.0,1.0,1.0,False
FAMILY_CAPPED,FAMILY,LATA,23,0.82608696,0.91304348,0.78384506,True
FAMILY_CAPPED,FAMILY,MAGAZINE,6,1.0,1.0,1.0,False
FAMILY_CAPPED,FAMILY,MANGUEIRA,6,0.33333333,0.5,0.40295345,True
FAMILY_CAPPED,FAMILY,MESA,1,1.0,1.0,1.0,False
FAMILY_CAPPED,FAMILY,MOTOR,15,1.0,1.0,1.0,False
FAMILY_CAPPED,FAMILY,OTHER_UNKNOWN,96,0.73958333,0.79166667,0.63791139,True
FAMILY_CAPPED,FAMILY,PACOTE,18,1.0,1.0,0.94444444,False
FAMILY_CAPPED,FAMILY,PALETE,2,0.5,0.5,0.54545455,False
FAMILY_CAPPED,FAMILY,PATINS,3,1.0,1.0,0.66666667,False
FAMILY_CAPPED,FAMILY,PEGADOR,4,0.75,0.75,0.75088028,False
FAMILY_CAPPED,FAMILY,PERSIANA,2,1.0,1.0,1.0,False
FAMILY_CAPPED,FAMILY,PINCA,13,1.0,1.0,0.96153846,False
FAMILY_CAPPED,FAMILY,PNEUMATICO,2,0.5,0.5,0.28333333,False
FAMILY_CAPPED,FAMILY,PRESSOSTATO,1,1.0,1.0,1.0,False
FAMILY_CAPPED,FAMILY,PROCESSO,3,1.0,1.0,1.0,False
FAMILY_CAPPED,FAMILY,RECRAVACAO,7,1.0,1.0,1.0,False
FAMILY_CAPPED,FAMILY,REDUTOR,1,1.0,1.0,1.0,False
FAMILY_CAPPED,FAMILY,REJEICAO,14,1.0,1.0,0.9047619,False
FAMILY_CAPPED,FAMILY,ROBO,9,1.0,1.0,0.77777778,False
FAMILY_CAPPED,FAMILY,ROLAMENTO,2,1.0,1.0,1.0,False
FAMILY_CAPPED,FAMILY,ROLETE,8,1.0,1.0,0.9375,False
FAMILY_CAPPED,FAMILY,ROTULO,6,1.0,1.0,0.83333333,False
FAMILY_CAPPED,FAMILY,SEGMENTO,6,0.83333333,0.83333333,0.83419244,False
FAMILY_CAPPED,FAMILY,SEGURANCA,2,1.0,1.0,0.75,False
FAMILY_CAPPED,FAMILY,SENSOR,56,0.98214286,0.98214286,0.97420635,False
FAMILY_CAPPED,FAMILY,SERVO_MOTOR,4,1.0,1.0,1.0,False
FAMILY_CAPPED,FAMILY,SINCRONISMO,8,0.875,0.875,0.79761905,False
FAMILY_CAPPED,FAMILY,STOPPER,3,1.0,1.0,1.0,False
FAMILY_CAPPED,FAMILY,SUPORTE,1,1.0,1.0,1.0,False
FAMILY_CAPPED,FAMILY,TAMPA,16,1.0,1.0,1.0,False
FAMILY_CAPPED,FAMILY,TEMPERATURA,6,0.83333333,1.0,0.875,False
FAMILY_CAPPED,FAMILY,TRANSPORTE,14,0.85714286,0.85714286,0.70273908,True
FAMILY_CAPPED,FAMILY,TUBULACAO,4,1.0,1.0,1.0,False
FAMILY_CAPPED,FAMILY,VALVULA,45,0.97777778,0.97777778,0.84828365,True
FAMILY_CAPPED,FAMILY,VENTOSA,3,1.0,1.0,0.83333333,False
FAMILY_CAPPED,FAMILY,VIBRADOR,1,1.0,1.0,1.0,False
FAMILY_CAPPED,KNOWN_VS_OTHER_UNKNOWN,KNOWN,589,0.92529711,0.93887946,0.8508914,False
FAMILY_CAPPED,KNOWN_VS_OTHER_UNKNOWN,OTHER_UNKNOWN,96,0.73958333,0.79166667,0.63791139,True
SUPPORT_CAPPED,TRAIN_SUPPORT,1,76,0.73684211,0.82894737,0.59957423,False
SUPPORT_CAPPED,TRAIN_SUPPORT,11-20,103,0.9223301,0.9223301,0.85335926,False
SUPPORT_CAPPED,TRAIN_SUPPORT,2-3,35,0.8,0.85714286,0.59595856,False
SUPPORT_CAPPED,TRAIN_SUPPORT,4-5,25,0.92,0.96,0.9069697,False
SUPPORT_CAPPED,TRAIN_SUPPORT,6-10,82,0.87804878,0.87804878,0.73181294,False
SUPPORT_CAPPED,TRAIN_SUPPORT,>20,364,0.94230769,0.9478022,0.88983817,False
SUPPORT_CAPPED,FAMILY,ATUADOR,4,1.0,1.0,0.83333333,False
SUPPORT_CAPPED,FAMILY,AUTOMACAO,5,0.6,0.6,0.42568493,False
SUPPORT_CAPPED,FAMILY,BANDEJA,1,1.0,1.0,1.0,False
SUPPORT_CAPPED,FAMILY,BARREIRA,5,1.0,1.0,1.0,False
SUPPORT_CAPPED,FAMILY,BOBINA,1,1.0,1.0,0.5,False
SUPPORT_CAPPED,FAMILY,BOMBA,3,1.0,1.0,1.0,False
SUPPORT_CAPPED,FAMILY,CABECOTE,3,0.66666667,0.66666667,0.67567568,False
SUPPORT_CAPPED,FAMILY,CAIXA,2,1.0,1.0,0.75,False
SUPPORT_CAPPED,FAMILY,CAMADA,11,0.90909091,1.0,0.92727273,False
SUPPORT_CAPPED,FAMILY,CAMERA,1,1.0,1.0,0.5,False
SUPPORT_CAPPED,FAMILY,CARBONATACAO,2,1.0,1.0,0.66666667,False
SUPPORT_CAPPED,FAMILY,CARTAO,18,1.0,1.0,0.57407407,True
SUPPORT_CAPPED,FAMILY,COMUNICACAO,9,1.0,1.0,1.0,False
SUPPORT_CAPPED,FAMILY,CORREIA,6,0.66666667,0.83333333,0.71354167,False
SUPPORT_CAPPED,FAMILY,CORRENTE,3,1.0,1.0,0.83333333,False
SUPPORT_CAPPED,FAMILY,DESCAPSULAMENTO,3,0.66666667,0.66666667,0.7037037,False
SUPPORT_CAPPED,FAMILY,DOSAGEM,1,1.0,1.0,1.0,False
SUPPORT_CAPPED,FAMILY,EIXO,3,1.0,1.0,1.0,False
SUPPORT_CAPPED,FAMILY,ELETRICO,3,0.66666667,0.66666667,0.6969697,False
SUPPORT_CAPPED,FAMILY,ELEVADOR,4,1.0,1.0,0.875,False
SUPPORT_CAPPED,FAMILY,ENCHIMENTO,19,0.84210526,0.84210526,0.66728013,False
SUPPORT_CAPPED,FAMILY,ENCODER,2,1.0,1.0,0.66666667,False
SUPPORT_CAPPED,FAMILY,ENGRENAGEM,2,1.0,1.0,0.66666667,False
SUPPORT_CAPPED,FAMILY,ENVOLVIMENTO,9,0.55555556,0.55555556,0.5104471,False
SUPPORT_CAPPED,FAMILY,ESTEIRA,48,0.95833333,0.95833333,0.88030849,True
SUPPORT_CAPPED,FAMILY,FILME,23,1.0,1.0,0.95652174,False
SUPPORT_CAPPED,FAMILY,FILTRO,1,1.0,1.0,1.0,False
SUPPORT_CAPPED,FAMILY,FLUXIMETRO,1,1.0,1.0,1.0,False
SUPPORT_CAPPED,FAMILY,GARRAFA,34,0.94117647,0.94117647,0.89774717,False
SUPPORT_CAPPED,FAMILY,GUIA,8,0.5,0.625,0.42392644,False
SUPPORT_CAPPED,FAMILY,IHM,3,1.0,1.0,0.83333333,False
SUPPORT_CAPPED,FAMILY,IMPRESSAO,8,1.0,1.0,0.9375,False
SUPPORT_CAPPED,FAMILY,INSPECAO,14,0.78571429,0.85714286,0.62983193,False
SUPPORT_CAPPED,FAMILY,INVERSOR,14,1.0,1.0,0.96428571,False
SUPPORT_CAPPED,FAMILY,LATA,23,0.91304348,0.91304348,0.79543926,True
SUPPORT_CAPPED,FAMILY,MAGAZINE,6,1.0,1.0,1.0,False
SUPPORT_CAPPED,FAMILY,MANGUEIRA,6,0.33333333,0.5,0.40295345,True
SUPPORT_CAPPED,FAMILY,MESA,1,1.0,1.0,1.0,False
SUPPORT_CAPPED,FAMILY,MOTOR,15,1.0,1.0,1.0,False
SUPPORT_CAPPED,FAMILY,OTHER_UNKNOWN,96,0.72916667,0.79166667,0.63435236,True
SUPPORT_CAPPED,FAMILY,PACOTE,18,1.0,1.0,0.94444444,False
SUPPORT_CAPPED,FAMILY,PALETE,2,0.5,0.5,0.54545455,False
SUPPORT_CAPPED,FAMILY,PATINS,3,1.0,1.0,0.66666667,False
SUPPORT_CAPPED,FAMILY,PEGADOR,4,0.75,0.75,0.75088028,False
SUPPORT_CAPPED,FAMILY,PERSIANA,2,1.0,1.0,1.0,False
SUPPORT_CAPPED,FAMILY,PINCA,13,1.0,1.0,0.96153846,False
SUPPORT_CAPPED,FAMILY,PNEUMATICO,2,0.5,0.5,0.2,False
SUPPORT_CAPPED,FAMILY,PRESSOSTATO,1,1.0,1.0,1.0,False
SUPPORT_CAPPED,FAMILY,PROCESSO,3,1.0,1.0,1.0,False
SUPPORT_CAPPED,FAMILY,RECRAVACAO,7,1.0,1.0,1.0,False
SUPPORT_CAPPED,FAMILY,REDUTOR,1,1.0,1.0,1.0,False
SUPPORT_CAPPED,FAMILY,REJEICAO,14,1.0,1.0,0.86904762,False
SUPPORT_CAPPED,FAMILY,ROBO,9,1.0,1.0,0.77777778,False
SUPPORT_CAPPED,FAMILY,ROLAMENTO,2,1.0,1.0,1.0,False
SUPPORT_CAPPED,FAMILY,ROLETE,8,1.0,1.0,0.9375,False
SUPPORT_CAPPED,FAMILY,ROTULO,6,1.0,1.0,0.91666667,False
SUPPORT_CAPPED,FAMILY,SEGMENTO,6,0.83333333,0.83333333,0.83419244,False
SUPPORT_CAPPED,FAMILY,SEGURANCA,2,1.0,1.0,0.75,False
SUPPORT_CAPPED,FAMILY,SENSOR,56,0.98214286,0.98214286,0.97420635,False
SUPPORT_CAPPED,FAMILY,SERVO_MOTOR,4,1.0,1.0,1.0,False
SUPPORT_CAPPED,FAMILY,SINCRONISMO,8,0.875,0.875,0.79761905,False
SUPPORT_CAPPED,FAMILY,STOPPER,3,1.0,1.0,1.0,False
SUPPORT_CAPPED,FAMILY,SUPORTE,1,1.0,1.0,1.0,False
SUPPORT_CAPPED,FAMILY,TAMPA,16,1.0,1.0,0.96875,False
SUPPORT_CAPPED,FAMILY,TEMPERATURA,6,0.83333333,1.0,0.875,False
SUPPORT_CAPPED,FAMILY,TRANSPORTE,14,0.85714286,0.85714286,0.75035813,True
SUPPORT_CAPPED,FAMILY,TUBULACAO,4,1.0,1.0,1.0,False
SUPPORT_CAPPED,FAMILY,VALVULA,45,0.97777778,0.97777778,0.84828365,True
SUPPORT_CAPPED,FAMILY,VENTOSA,3,1.0,1.0,0.83333333,False
SUPPORT_CAPPED,FAMILY,VIBRADOR,1,1.0,1.0,1.0,False
SUPPORT_CAPPED,KNOWN_VS_OTHER_UNKNOWN,KNOWN,589,0.9286927,0.93887946,0.84891064,False
SUPPORT_CAPPED,KNOWN_VS_OTHER_UNKNOWN,OTHER_UNKNOWN,96,0.72916667,0.79166667,0.63435236,True
FAMILY_SUPPORT_CAPPED,TRAIN_SUPPORT,1,76,0.75,0.82894737,0.60624716,False
FAMILY_SUPPORT_CAPPED,TRAIN_SUPPORT,11-20,103,0.9223301,0.9223301,0.84382389,False
FAMILY_SUPPORT_CAPPED,TRAIN_SUPPORT,2-3,35,0.8,0.85714286,0.60072046,False
FAMILY_SUPPORT_CAPPED,TRAIN_SUPPORT,4-5,25,0.92,0.96,0.9069697,False
FAMILY_SUPPORT_CAPPED,TRAIN_SUPPORT,6-10,82,0.85365854,0.87804878,0.7277479,False
FAMILY_SUPPORT_CAPPED,TRAIN_SUPPORT,>20,364,0.94230769,0.9478022,0.89258542,False
FAMILY_SUPPORT_CAPPED,FAMILY,ATUADOR,4,1.0,1.0,0.83333333,False
FAMILY_SUPPORT_CAPPED,FAMILY,AUTOMACAO,5,0.6,0.6,0.42925636,False
FAMILY_SUPPORT_CAPPED,FAMILY,BANDEJA,1,1.0,1.0,1.0,False
FAMILY_SUPPORT_CAPPED,FAMILY,BARREIRA,5,1.0,1.0,1.0,False
FAMILY_SUPPORT_CAPPED,FAMILY,BOBINA,1,1.0,1.0,0.5,False
FAMILY_SUPPORT_CAPPED,FAMILY,BOMBA,3,1.0,1.0,1.0,False
FAMILY_SUPPORT_CAPPED,FAMILY,CABECOTE,3,0.66666667,0.66666667,0.67567568,False
FAMILY_SUPPORT_CAPPED,FAMILY,CAIXA,2,1.0,1.0,0.75,False
FAMILY_SUPPORT_CAPPED,FAMILY,CAMADA,11,0.90909091,1.0,0.92727273,False
FAMILY_SUPPORT_CAPPED,FAMILY,CAMERA,1,1.0,1.0,0.5,False
FAMILY_SUPPORT_CAPPED,FAMILY,CARBONATACAO,2,1.0,1.0,0.75,False
FAMILY_SUPPORT_CAPPED,FAMILY,CARTAO,18,1.0,1.0,0.57407407,True
FAMILY_SUPPORT_CAPPED,FAMILY,COMUNICACAO,9,1.0,1.0,1.0,False
FAMILY_SUPPORT_CAPPED,FAMILY,CORREIA,6,0.66666667,0.83333333,0.71354167,False
FAMILY_SUPPORT_CAPPED,FAMILY,CORRENTE,3,1.0,1.0,0.83333333,False
FAMILY_SUPPORT_CAPPED,FAMILY,DESCAPSULAMENTO,3,0.66666667,0.66666667,0.7037037,False
FAMILY_SUPPORT_CAPPED,FAMILY,DOSAGEM,1,1.0,1.0,1.0,False
FAMILY_SUPPORT_CAPPED,FAMILY,EIXO,3,1.0,1.0,1.0,False
FAMILY_SUPPORT_CAPPED,FAMILY,ELETRICO,3,0.66666667,0.66666667,0.6969697,False
FAMILY_SUPPORT_CAPPED,FAMILY,ELEVADOR,4,1.0,1.0,0.83333333,False
FAMILY_SUPPORT_CAPPED,FAMILY,ENCHIMENTO,19,0.84210526,0.84210526,0.71991171,False
FAMILY_SUPPORT_CAPPED,FAMILY,ENCODER,2,1.0,1.0,0.66666667,False
FAMILY_SUPPORT_CAPPED,FAMILY,ENGRENAGEM,2,1.0,1.0,0.66666667,False
FAMILY_SUPPORT_CAPPED,FAMILY,ENVOLVIMENTO,9,0.55555556,0.55555556,0.56600266,False
FAMILY_SUPPORT_CAPPED,FAMILY,ESTEIRA,48,0.95833333,0.95833333,0.88030849,True
FAMILY_SUPPORT_CAPPED,FAMILY,FILME,23,1.0,1.0,0.93478261,False
FAMILY_SUPPORT_CAPPED,FAMILY,FILTRO,1,1.0,1.0,1.0,False
FAMILY_SUPPORT_CAPPED,FAMILY,FLUXIMETRO,1,1.0,1.0,1.0,False
FAMILY_SUPPORT_CAPPED,FAMILY,GARRAFA,34,0.94117647,0.94117647,0.89774717,False
FAMILY_SUPPORT_CAPPED,FAMILY,GUIA,8,0.5,0.625,0.42392644,False
FAMILY_SUPPORT_CAPPED,FAMILY,IHM,3,1.0,1.0,0.83333333,False
FAMILY_SUPPORT_CAPPED,FAMILY,IMPRESSAO,8,1.0,1.0,0.9375,False
FAMILY_SUPPORT_CAPPED,FAMILY,INSPECAO,14,0.78571429,0.85714286,0.62983193,False
FAMILY_SUPPORT_CAPPED,FAMILY,INVERSOR,14,1.0,1.0,0.96428571,False
FAMILY_SUPPORT_CAPPED,FAMILY,LATA,23,0.82608696,0.91304348,0.78819289,True
FAMILY_SUPPORT_CAPPED,FAMILY,MAGAZINE,6,1.0,1.0,1.0,False
FAMILY_SUPPORT_CAPPED,FAMILY,MANGUEIRA,6,0.33333333,0.5,0.40295345,True
FAMILY_SUPPORT_CAPPED,FAMILY,MESA,1,1.0,1.0,1.0,False
FAMILY_SUPPORT_CAPPED,FAMILY,MOTOR,15,1.0,1.0,1.0,False
FAMILY_SUPPORT_CAPPED,FAMILY,OTHER_UNKNOWN,96,0.73958333,0.79166667,0.63789899,True
FAMILY_SUPPORT_CAPPED,FAMILY,PACOTE,18,1.0,1.0,0.94444444,False
FAMILY_SUPPORT_CAPPED,FAMILY,PALETE,2,0.5,0.5,0.54545455,False
FAMILY_SUPPORT_CAPPED,FAMILY,PATINS,3,1.0,1.0,0.66666667,False
FAMILY_SUPPORT_CAPPED,FAMILY,PEGADOR,4,0.75,0.75,0.75088028,False
FAMILY_SUPPORT_CAPPED,FAMILY,PERSIANA,2,1.0,1.0,1.0,False
FAMILY_SUPPORT_CAPPED,FAMILY,PINCA,13,1.0,1.0,0.96153846,False
FAMILY_SUPPORT_CAPPED,FAMILY,PNEUMATICO,2,0.5,0.5,0.28333333,False
FAMILY_SUPPORT_CAPPED,FAMILY,PRESSOSTATO,1,1.0,1.0,1.0,False
FAMILY_SUPPORT_CAPPED,FAMILY,PROCESSO,3,1.0,1.0,1.0,False
FAMILY_SUPPORT_CAPPED,FAMILY,RECRAVACAO,7,1.0,1.0,1.0,False
FAMILY_SUPPORT_CAPPED,FAMILY,REDUTOR,1,1.0,1.0,1.0,False
FAMILY_SUPPORT_CAPPED,FAMILY,REJEICAO,14,1.0,1.0,0.83333333,False
FAMILY_SUPPORT_CAPPED,FAMILY,ROBO,9,1.0,1.0,0.77777778,False
FAMILY_SUPPORT_CAPPED,FAMILY,ROLAMENTO,2,1.0,1.0,1.0,False
FAMILY_SUPPORT_CAPPED,FAMILY,ROLETE,8,1.0,1.0,0.9375,False
FAMILY_SUPPORT_CAPPED,FAMILY,ROTULO,6,1.0,1.0,0.83333333,False
FAMILY_SUPPORT_CAPPED,FAMILY,SEGMENTO,6,0.83333333,0.83333333,0.83419244,False
FAMILY_SUPPORT_CAPPED,FAMILY,SEGURANCA,2,1.0,1.0,0.75,False
FAMILY_SUPPORT_CAPPED,FAMILY,SENSOR,56,0.98214286,0.98214286,0.97420635,False
FAMILY_SUPPORT_CAPPED,FAMILY,SERVO_MOTOR,4,1.0,1.0,1.0,False
FAMILY_SUPPORT_CAPPED,FAMILY,SINCRONISMO,8,0.875,0.875,0.79761905,False
FAMILY_SUPPORT_CAPPED,FAMILY,STOPPER,3,1.0,1.0,1.0,False
FAMILY_SUPPORT_CAPPED,FAMILY,SUPORTE,1,1.0,1.0,1.0,False
FAMILY_SUPPORT_CAPPED,FAMILY,TAMPA,16,1.0,1.0,0.96875,False
FAMILY_SUPPORT_CAPPED,FAMILY,TEMPERATURA,6,0.83333333,1.0,0.875,False
FAMILY_SUPPORT_CAPPED,FAMILY,TRANSPORTE,14,0.85714286,0.85714286,0.75035813,True
FAMILY_SUPPORT_CAPPED,FAMILY,TUBULACAO,4,1.0,1.0,1.0,False
FAMILY_SUPPORT_CAPPED,FAMILY,VALVULA,45,0.97777778,0.97777778,0.84828365,True
FAMILY_SUPPORT_CAPPED,FAMILY,VENTOSA,3,1.0,1.0,0.83333333,False
FAMILY_SUPPORT_CAPPED,FAMILY,VIBRADOR,1,1.0,1.0,1.0,False
FAMILY_SUPPORT_CAPPED,KNOWN_VS_OTHER_UNKNOWN,KNOWN,589,0.92529711,0.93887946,0.84894096,False
FAMILY_SUPPORT_CAPPED,KNOWN_VS_OTHER_UNKNOWN,OTHER_UNKNOWN,96,0.73958333,0.79166667,0.63789899,True
FAMILY_SUPPORT_REGULARIZED,TRAIN_SUPPORT,1,76,0.72368421,0.82894737,0.60449277,False
FAMILY_SUPPORT_REGULARIZED,TRAIN_SUPPORT,11-20,103,0.9223301,0.9223301,0.84189756,False
FAMILY_SUPPORT_REGULARIZED,TRAIN_SUPPORT,2-3,35,0.82857143,0.85714286,0.58365697,False
FAMILY_SUPPORT_REGULARIZED,TRAIN_SUPPORT,4-5,25,0.92,0.96,0.9069697,False
FAMILY_SUPPORT_REGULARIZED,TRAIN_SUPPORT,6-10,82,0.84146341,0.87804878,0.72144709,False
FAMILY_SUPPORT_REGULARIZED,TRAIN_SUPPORT,>20,364,0.93956044,0.94505495,0.89942303,False
FAMILY_SUPPORT_REGULARIZED,FAMILY,ATUADOR,4,0.75,1.0,0.8125,False
FAMILY_SUPPORT_REGULARIZED,FAMILY,AUTOMACAO,5,0.6,0.6,0.42290715,False
FAMILY_SUPPORT_REGULARIZED,FAMILY,BANDEJA,1,1.0,1.0,1.0,False
FAMILY_SUPPORT_REGULARIZED,FAMILY,BARREIRA,5,1.0,1.0,1.0,False
FAMILY_SUPPORT_REGULARIZED,FAMILY,BOBINA,1,1.0,1.0,0.5,False
FAMILY_SUPPORT_REGULARIZED,FAMILY,BOMBA,3,1.0,1.0,1.0,False
FAMILY_SUPPORT_REGULARIZED,FAMILY,CABECOTE,3,0.66666667,0.66666667,0.67567568,False
FAMILY_SUPPORT_REGULARIZED,FAMILY,CAIXA,2,1.0,1.0,0.75,False
FAMILY_SUPPORT_REGULARIZED,FAMILY,CAMADA,11,0.90909091,1.0,0.93181818,False
FAMILY_SUPPORT_REGULARIZED,FAMILY,CAMERA,1,1.0,1.0,0.5,False
FAMILY_SUPPORT_REGULARIZED,FAMILY,CARBONATACAO,2,1.0,1.0,0.75,False
FAMILY_SUPPORT_REGULARIZED,FAMILY,CARTAO,18,1.0,1.0,0.57407407,True
FAMILY_SUPPORT_REGULARIZED,FAMILY,COMUNICACAO,9,1.0,1.0,1.0,False
FAMILY_SUPPORT_REGULARIZED,FAMILY,CORREIA,6,0.66666667,0.83333333,0.71354167,False
FAMILY_SUPPORT_REGULARIZED,FAMILY,CORRENTE,3,1.0,1.0,0.61111111,False
FAMILY_SUPPORT_REGULARIZED,FAMILY,DESCAPSULAMENTO,3,0.66666667,0.66666667,0.7037037,False
FAMILY_SUPPORT_REGULARIZED,FAMILY,DOSAGEM,1,1.0,1.0,1.0,False
FAMILY_SUPPORT_REGULARIZED,FAMILY,EIXO,3,1.0,1.0,1.0,False
FAMILY_SUPPORT_REGULARIZED,FAMILY,ELETRICO,3,0.66666667,0.66666667,0.6969697,False
FAMILY_SUPPORT_REGULARIZED,FAMILY,ELEVADOR,4,1.0,1.0,0.875,False
FAMILY_SUPPORT_REGULARIZED,FAMILY,ENCHIMENTO,19,0.84210526,0.84210526,0.72868364,False
FAMILY_SUPPORT_REGULARIZED,FAMILY,ENCODER,2,1.0,1.0,0.66666667,False
FAMILY_SUPPORT_REGULARIZED,FAMILY,ENGRENAGEM,2,1.0,1.0,0.66666667,False
FAMILY_SUPPORT_REGULARIZED,FAMILY,ENVOLVIMENTO,9,0.55555556,0.55555556,0.56600266,False
FAMILY_SUPPORT_REGULARIZED,FAMILY,ESTEIRA,48,0.95833333,0.95833333,0.87683627,True
FAMILY_SUPPORT_REGULARIZED,FAMILY,FILME,23,1.0,1.0,0.93478261,False
FAMILY_SUPPORT_REGULARIZED,FAMILY,FILTRO,1,1.0,1.0,1.0,False
FAMILY_SUPPORT_REGULARIZED,FAMILY,FLUXIMETRO,1,1.0,1.0,1.0,False
FAMILY_SUPPORT_REGULARIZED,FAMILY,GARRAFA,34,0.94117647,0.94117647,0.89774717,False
FAMILY_SUPPORT_REGULARIZED,FAMILY,GUIA,8,0.5,0.625,0.43017644,False
FAMILY_SUPPORT_REGULARIZED,FAMILY,IHM,3,1.0,1.0,0.83333333,False
FAMILY_SUPPORT_REGULARIZED,FAMILY,IMPRESSAO,8,1.0,1.0,0.9375,False
FAMILY_SUPPORT_REGULARIZED,FAMILY,INSPECAO,14,0.78571429,0.78571429,0.69887955,False
FAMILY_SUPPORT_REGULARIZED,FAMILY,INVERSOR,14,1.0,1.0,1.0,False
FAMILY_SUPPORT_REGULARIZED,FAMILY,LATA,23,0.82608696,0.91304348,0.78384506,True
FAMILY_SUPPORT_REGULARIZED,FAMILY,MAGAZINE,6,1.0,1.0,1.0,False
FAMILY_SUPPORT_REGULARIZED,FAMILY,MANGUEIRA,6,0.33333333,0.5,0.40295345,True
FAMILY_SUPPORT_REGULARIZED,FAMILY,MESA,1,1.0,1.0,1.0,False
FAMILY_SUPPORT_REGULARIZED,FAMILY,MOTOR,15,1.0,1.0,1.0,False
FAMILY_SUPPORT_REGULARIZED,FAMILY,OTHER_UNKNOWN,96,0.72916667,0.79166667,0.63729135,True
FAMILY_SUPPORT_REGULARIZED,FAMILY,PACOTE,18,1.0,1.0,0.94444444,False
FAMILY_SUPPORT_REGULARIZED,FAMILY,PALETE,2,0.5,0.5,0.54545455,False
FAMILY_SUPPORT_REGULARIZED,FAMILY,PATINS,3,1.0,1.0,0.66666667,False
FAMILY_SUPPORT_REGULARIZED,FAMILY,PEGADOR,4,0.75,0.75,0.75088028,False
FAMILY_SUPPORT_REGULARIZED,FAMILY,PERSIANA,2,1.0,1.0,1.0,False
FAMILY_SUPPORT_REGULARIZED,FAMILY,PINCA,13,1.0,1.0,0.96153846,False
FAMILY_SUPPORT_REGULARIZED,FAMILY,PNEUMATICO,2,0.5,0.5,0.2,False
FAMILY_SUPPORT_REGULARIZED,FAMILY,PRESSOSTATO,1,1.0,1.0,1.0,False
FAMILY_SUPPORT_REGULARIZED,FAMILY,PROCESSO,3,1.0,1.0,1.0,False
FAMILY_SUPPORT_REGULARIZED,FAMILY,RECRAVACAO,7,1.0,1.0,1.0,False
FAMILY_SUPPORT_REGULARIZED,FAMILY,REDUTOR,1,1.0,1.0,1.0,False
FAMILY_SUPPORT_REGULARIZED,FAMILY,REJEICAO,14,1.0,1.0,0.86904762,False
FAMILY_SUPPORT_REGULARIZED,FAMILY,ROBO,9,1.0,1.0,0.77777778,False
FAMILY_SUPPORT_REGULARIZED,FAMILY,ROLAMENTO,2,1.0,1.0,1.0,False
FAMILY_SUPPORT_REGULARIZED,FAMILY,ROLETE,8,1.0,1.0,0.9375,False
FAMILY_SUPPORT_REGULARIZED,FAMILY,ROTULO,6,1.0,1.0,0.83333333,False
FAMILY_SUPPORT_REGULARIZED,FAMILY,SEGMENTO,6,0.83333333,0.83333333,0.83419244,False
FAMILY_SUPPORT_REGULARIZED,FAMILY,SEGURANCA,2,1.0,1.0,0.75,False
FAMILY_SUPPORT_REGULARIZED,FAMILY,SENSOR,56,0.98214286,0.98214286,0.97420635,False
FAMILY_SUPPORT_REGULARIZED,FAMILY,SERVO_MOTOR,4,1.0,1.0,1.0,False
FAMILY_SUPPORT_REGULARIZED,FAMILY,SINCRONISMO,8,0.75,0.875,0.78720238,False
FAMILY_SUPPORT_REGULARIZED,FAMILY,STOPPER,3,1.0,1.0,1.0,False
FAMILY_SUPPORT_REGULARIZED,FAMILY,SUPORTE,1,1.0,1.0,1.0,False
FAMILY_SUPPORT_REGULARIZED,FAMILY,TAMPA,16,1.0,1.0,1.0,False
FAMILY_SUPPORT_REGULARIZED,FAMILY,TEMPERATURA,6,0.83333333,1.0,0.875,False
FAMILY_SUPPORT_REGULARIZED,FAMILY,TRANSPORTE,14,0.85714286,0.85714286,0.71464384,True
FAMILY_SUPPORT_REGULARIZED,FAMILY,TUBULACAO,4,1.0,1.0,1.0,False
FAMILY_SUPPORT_REGULARIZED,FAMILY,VALVULA,45,0.97777778,0.97777778,0.84828365,True
FAMILY_SUPPORT_REGULARIZED,FAMILY,VENTOSA,3,1.0,1.0,0.83333333,False
FAMILY_SUPPORT_REGULARIZED,FAMILY,VIBRADOR,1,1.0,1.0,1.0,False
FAMILY_SUPPORT_REGULARIZED,KNOWN_VS_OTHER_UNKNOWN,KNOWN,589,0.92190153,0.93718166,0.85081122,False
FAMILY_SUPPORT_REGULARIZED,KNOWN_VS_OTHER_UNKNOWN,OTHER_UNKNOWN,96,0.72916667,0.79166667,0.63729135,True
RELATIVE_TOP3_FEATURES,TRAIN_SUPPORT,1,76,0.72368421,0.84210526,0.60712435,False
RELATIVE_TOP3_FEATURES,TRAIN_SUPPORT,11-20,103,0.9223301,0.9223301,0.84161631,False
RELATIVE_TOP3_FEATURES,TRAIN_SUPPORT,2-3,35,0.71428571,0.82857143,0.58586786,False
RELATIVE_TOP3_FEATURES,TRAIN_SUPPORT,4-5,25,0.92,0.96,0.9069697,False
RELATIVE_TOP3_FEATURES,TRAIN_SUPPORT,6-10,82,0.81707317,0.87804878,0.72429262,False
RELATIVE_TOP3_FEATURES,TRAIN_SUPPORT,>20,364,0.93681319,0.94505495,0.88841113,False
RELATIVE_TOP3_FEATURES,FAMILY,ATUADOR,4,0.75,1.0,0.8125,False
RELATIVE_TOP3_FEATURES,FAMILY,AUTOMACAO,5,0.6,0.6,0.42068493,False
RELATIVE_TOP3_FEATURES,FAMILY,BANDEJA,1,1.0,1.0,1.0,False
RELATIVE_TOP3_FEATURES,FAMILY,BARREIRA,5,1.0,1.0,1.0,False
RELATIVE_TOP3_FEATURES,FAMILY,BOBINA,1,1.0,1.0,0.5,False
RELATIVE_TOP3_FEATURES,FAMILY,BOMBA,3,1.0,1.0,1.0,False
RELATIVE_TOP3_FEATURES,FAMILY,CABECOTE,3,0.66666667,0.66666667,0.67567568,False
RELATIVE_TOP3_FEATURES,FAMILY,CAIXA,2,1.0,1.0,0.75,False
RELATIVE_TOP3_FEATURES,FAMILY,CAMADA,11,0.90909091,1.0,0.93181818,False
RELATIVE_TOP3_FEATURES,FAMILY,CAMERA,1,1.0,1.0,0.5,False
RELATIVE_TOP3_FEATURES,FAMILY,CARBONATACAO,2,1.0,1.0,0.75,False
RELATIVE_TOP3_FEATURES,FAMILY,CARTAO,18,1.0,1.0,0.57407407,True
RELATIVE_TOP3_FEATURES,FAMILY,COMUNICACAO,9,1.0,1.0,1.0,False
RELATIVE_TOP3_FEATURES,FAMILY,CORREIA,6,0.66666667,0.83333333,0.71354167,False
RELATIVE_TOP3_FEATURES,FAMILY,CORRENTE,3,0.66666667,1.0,0.75,False
RELATIVE_TOP3_FEATURES,FAMILY,DESCAPSULAMENTO,3,0.66666667,0.66666667,0.7037037,False
RELATIVE_TOP3_FEATURES,FAMILY,DOSAGEM,1,1.0,1.0,1.0,False
RELATIVE_TOP3_FEATURES,FAMILY,EIXO,3,1.0,1.0,1.0,False
RELATIVE_TOP3_FEATURES,FAMILY,ELETRICO,3,0.66666667,0.66666667,0.6969697,False
RELATIVE_TOP3_FEATURES,FAMILY,ELEVADOR,4,1.0,1.0,0.875,False
RELATIVE_TOP3_FEATURES,FAMILY,ENCHIMENTO,19,0.84210526,0.84210526,0.66728013,False
RELATIVE_TOP3_FEATURES,FAMILY,ENCODER,2,1.0,1.0,0.75,False
RELATIVE_TOP3_FEATURES,FAMILY,ENGRENAGEM,2,0.5,1.0,0.625,False
RELATIVE_TOP3_FEATURES,FAMILY,ENVOLVIMENTO,9,0.55555556,0.55555556,0.56600266,False
RELATIVE_TOP3_FEATURES,FAMILY,ESTEIRA,48,0.95833333,0.95833333,0.86989183,True
RELATIVE_TOP3_FEATURES,FAMILY,FILME,23,1.0,1.0,0.95652174,False
RELATIVE_TOP3_FEATURES,FAMILY,FILTRO,1,1.0,1.0,1.0,False
RELATIVE_TOP3_FEATURES,FAMILY,FLUXIMETRO,1,1.0,1.0,1.0,False
RELATIVE_TOP3_FEATURES,FAMILY,GARRAFA,34,0.94117647,0.94117647,0.89284521,False
RELATIVE_TOP3_FEATURES,FAMILY,GUIA,8,0.5,0.625,0.4279443,False
RELATIVE_TOP3_FEATURES,FAMILY,IHM,3,1.0,1.0,0.83333333,False
RELATIVE_TOP3_FEATURES,FAMILY,IMPRESSAO,8,1.0,1.0,0.9375,False
RELATIVE_TOP3_FEATURES,FAMILY,INSPECAO,14,0.78571429,0.78571429,0.62745098,False
RELATIVE_TOP3_FEATURES,FAMILY,INVERSOR,14,1.0,1.0,0.96428571,False
RELATIVE_TOP3_FEATURES,FAMILY,LATA,23,0.82608696,0.91304348,0.78462146,True
RELATIVE_TOP3_FEATURES,FAMILY,MAGAZINE,6,1.0,1.0,1.0,False
RELATIVE_TOP3_FEATURES,FAMILY,MANGUEIRA,6,0.33333333,0.5,0.40295345,True
RELATIVE_TOP3_FEATURES,FAMILY,MESA,1,1.0,1.0,1.0,False
RELATIVE_TOP3_FEATURES,FAMILY,MOTOR,15,1.0,1.0,1.0,False
RELATIVE_TOP3_FEATURES,FAMILY,OTHER_UNKNOWN,96,0.69791667,0.79166667,0.63296347,True
RELATIVE_TOP3_FEATURES,FAMILY,PACOTE,18,1.0,1.0,0.94444444,False
RELATIVE_TOP3_FEATURES,FAMILY,PALETE,2,0.5,0.5,0.54545455,False
RELATIVE_TOP3_FEATURES,FAMILY,PATINS,3,1.0,1.0,0.66666667,False
RELATIVE_TOP3_FEATURES,FAMILY,PEGADOR,4,0.75,0.75,0.75088028,False
RELATIVE_TOP3_FEATURES,FAMILY,PERSIANA,2,1.0,1.0,1.0,False
RELATIVE_TOP3_FEATURES,FAMILY,PINCA,13,1.0,1.0,0.96153846,False
RELATIVE_TOP3_FEATURES,FAMILY,PNEUMATICO,2,0.5,0.5,0.2,False
RELATIVE_TOP3_FEATURES,FAMILY,PRESSOSTATO,1,1.0,1.0,1.0,False
RELATIVE_TOP3_FEATURES,FAMILY,PROCESSO,3,1.0,1.0,1.0,False
RELATIVE_TOP3_FEATURES,FAMILY,RECRAVACAO,7,1.0,1.0,1.0,False
RELATIVE_TOP3_FEATURES,FAMILY,REDUTOR,1,1.0,1.0,1.0,False
RELATIVE_TOP3_FEATURES,FAMILY,REJEICAO,14,1.0,1.0,0.9047619,False
RELATIVE_TOP3_FEATURES,FAMILY,ROBO,9,1.0,1.0,0.66666667,False
RELATIVE_TOP3_FEATURES,FAMILY,ROLAMENTO,2,1.0,1.0,1.0,False
RELATIVE_TOP3_FEATURES,FAMILY,ROLETE,8,1.0,1.0,0.9375,False
RELATIVE_TOP3_FEATURES,FAMILY,ROTULO,6,1.0,1.0,0.83333333,False
RELATIVE_TOP3_FEATURES,FAMILY,SEGMENTO,6,0.83333333,0.83333333,0.83419244,False
RELATIVE_TOP3_FEATURES,FAMILY,SEGURANCA,2,1.0,1.0,0.75,False
RELATIVE_TOP3_FEATURES,FAMILY,SENSOR,56,0.98214286,0.98214286,0.97420635,False
RELATIVE_TOP3_FEATURES,FAMILY,SERVO_MOTOR,4,1.0,1.0,1.0,False
RELATIVE_TOP3_FEATURES,FAMILY,SINCRONISMO,8,0.75,0.875,0.78720238,False
RELATIVE_TOP3_FEATURES,FAMILY,STOPPER,3,1.0,1.0,1.0,False
RELATIVE_TOP3_FEATURES,FAMILY,SUPORTE,1,1.0,1.0,1.0,False
RELATIVE_TOP3_FEATURES,FAMILY,TAMPA,16,1.0,1.0,0.96875,False
RELATIVE_TOP3_FEATURES,FAMILY,TEMPERATURA,6,0.83333333,1.0,0.875,False
RELATIVE_TOP3_FEATURES,FAMILY,TRANSPORTE,14,0.78571429,0.85714286,0.72892956,True
RELATIVE_TOP3_FEATURES,FAMILY,TUBULACAO,4,1.0,1.0,1.0,False
RELATIVE_TOP3_FEATURES,FAMILY,VALVULA,45,0.95555556,0.97777778,0.84532069,True
RELATIVE_TOP3_FEATURES,FAMILY,VENTOSA,3,1.0,1.0,0.83333333,False
RELATIVE_TOP3_FEATURES,FAMILY,VIBRADOR,1,1.0,1.0,1.0,False
RELATIVE_TOP3_FEATURES,KNOWN_VS_OTHER_UNKNOWN,KNOWN,589,0.91511036,0.93718166,0.8455292,False
RELATIVE_TOP3_FEATURES,KNOWN_VS_OTHER_UNKNOWN,OTHER_UNKNOWN,96,0.69791667,0.79166667,0.63296347,True
FLAT_TOP3_PROTECTED,TRAIN_SUPPORT,1,76,0.72368421,0.84210526,0.60712435,False
FLAT_TOP3_PROTECTED,TRAIN_SUPPORT,11-20,103,0.9223301,0.9223301,0.84161631,False
FLAT_TOP3_PROTECTED,TRAIN_SUPPORT,2-3,35,0.71428571,0.82857143,0.58586786,False
FLAT_TOP3_PROTECTED,TRAIN_SUPPORT,4-5,25,0.92,0.96,0.9069697,False
FLAT_TOP3_PROTECTED,TRAIN_SUPPORT,6-10,82,0.81707317,0.86585366,0.71778855,False
FLAT_TOP3_PROTECTED,TRAIN_SUPPORT,>20,364,0.93406593,0.94505495,0.88818219,False
FLAT_TOP3_PROTECTED,FAMILY,ATUADOR,4,0.75,1.0,0.8125,False
FLAT_TOP3_PROTECTED,FAMILY,AUTOMACAO,5,0.6,0.6,0.42068493,False
FLAT_TOP3_PROTECTED,FAMILY,BANDEJA,1,1.0,1.0,1.0,False
FLAT_TOP3_PROTECTED,FAMILY,BARREIRA,5,1.0,1.0,1.0,False
FLAT_TOP3_PROTECTED,FAMILY,BOBINA,1,1.0,1.0,0.5,False
FLAT_TOP3_PROTECTED,FAMILY,BOMBA,3,1.0,1.0,1.0,False
FLAT_TOP3_PROTECTED,FAMILY,CABECOTE,3,0.66666667,0.66666667,0.67567568,False
FLAT_TOP3_PROTECTED,FAMILY,CAIXA,2,1.0,1.0,0.75,False
FLAT_TOP3_PROTECTED,FAMILY,CAMADA,11,0.90909091,1.0,0.93181818,False
FLAT_TOP3_PROTECTED,FAMILY,CAMERA,1,1.0,1.0,0.5,False
FLAT_TOP3_PROTECTED,FAMILY,CARBONATACAO,2,1.0,1.0,0.75,False
FLAT_TOP3_PROTECTED,FAMILY,CARTAO,18,1.0,1.0,0.57407407,True
FLAT_TOP3_PROTECTED,FAMILY,COMUNICACAO,9,1.0,1.0,1.0,False
FLAT_TOP3_PROTECTED,FAMILY,CORREIA,6,0.66666667,0.83333333,0.71354167,False
FLAT_TOP3_PROTECTED,FAMILY,CORRENTE,3,0.66666667,1.0,0.75,False
FLAT_TOP3_PROTECTED,FAMILY,DESCAPSULAMENTO,3,0.66666667,0.66666667,0.7037037,False
FLAT_TOP3_PROTECTED,FAMILY,DOSAGEM,1,1.0,1.0,1.0,False
FLAT_TOP3_PROTECTED,FAMILY,EIXO,3,1.0,1.0,1.0,False
FLAT_TOP3_PROTECTED,FAMILY,ELETRICO,3,0.66666667,0.66666667,0.6969697,False
FLAT_TOP3_PROTECTED,FAMILY,ELEVADOR,4,1.0,1.0,0.875,False
FLAT_TOP3_PROTECTED,FAMILY,ENCHIMENTO,19,0.84210526,0.84210526,0.66728013,False
FLAT_TOP3_PROTECTED,FAMILY,ENCODER,2,1.0,1.0,0.75,False
FLAT_TOP3_PROTECTED,FAMILY,ENGRENAGEM,2,0.5,1.0,0.625,False
FLAT_TOP3_PROTECTED,FAMILY,ENVOLVIMENTO,9,0.55555556,0.55555556,0.56600266,False
FLAT_TOP3_PROTECTED,FAMILY,ESTEIRA,48,0.95833333,0.95833333,0.86989183,True
FLAT_TOP3_PROTECTED,FAMILY,FILME,23,1.0,1.0,0.95652174,False
FLAT_TOP3_PROTECTED,FAMILY,FILTRO,1,1.0,1.0,1.0,False
FLAT_TOP3_PROTECTED,FAMILY,FLUXIMETRO,1,1.0,1.0,1.0,False
FLAT_TOP3_PROTECTED,FAMILY,GARRAFA,34,0.91176471,0.94117647,0.89039423,False
FLAT_TOP3_PROTECTED,FAMILY,GUIA,8,0.5,0.625,0.4279443,False
FLAT_TOP3_PROTECTED,FAMILY,IHM,3,1.0,1.0,0.83333333,False
FLAT_TOP3_PROTECTED,FAMILY,IMPRESSAO,8,1.0,1.0,0.9375,False
FLAT_TOP3_PROTECTED,FAMILY,INSPECAO,14,0.78571429,0.78571429,0.62745098,False
FLAT_TOP3_PROTECTED,FAMILY,INVERSOR,14,1.0,1.0,0.96428571,False
FLAT_TOP3_PROTECTED,FAMILY,LATA,23,0.82608696,0.91304348,0.78462146,True
FLAT_TOP3_PROTECTED,FAMILY,MAGAZINE,6,1.0,1.0,1.0,False
FLAT_TOP3_PROTECTED,FAMILY,MANGUEIRA,6,0.33333333,0.5,0.40295345,True
FLAT_TOP3_PROTECTED,FAMILY,MESA,1,1.0,1.0,1.0,False
FLAT_TOP3_PROTECTED,FAMILY,MOTOR,15,1.0,1.0,1.0,False
FLAT_TOP3_PROTECTED,FAMILY,OTHER_UNKNOWN,96,0.69791667,0.78125,0.63261625,True
FLAT_TOP3_PROTECTED,FAMILY,PACOTE,18,1.0,1.0,0.94444444,False
FLAT_TOP3_PROTECTED,FAMILY,PALETE,2,0.5,0.5,0.54545455,False
FLAT_TOP3_PROTECTED,FAMILY,PATINS,3,1.0,1.0,0.66666667,False
FLAT_TOP3_PROTECTED,FAMILY,PEGADOR,4,0.75,0.75,0.75088028,False
FLAT_TOP3_PROTECTED,FAMILY,PERSIANA,2,1.0,1.0,1.0,False
FLAT_TOP3_PROTECTED,FAMILY,PINCA,13,1.0,1.0,0.96153846,False
FLAT_TOP3_PROTECTED,FAMILY,PNEUMATICO,2,0.5,0.5,0.2,False
FLAT_TOP3_PROTECTED,FAMILY,PRESSOSTATO,1,1.0,1.0,1.0,False
FLAT_TOP3_PROTECTED,FAMILY,PROCESSO,3,1.0,1.0,1.0,False
FLAT_TOP3_PROTECTED,FAMILY,RECRAVACAO,7,1.0,1.0,1.0,False
FLAT_TOP3_PROTECTED,FAMILY,REDUTOR,1,1.0,1.0,1.0,False
FLAT_TOP3_PROTECTED,FAMILY,REJEICAO,14,1.0,1.0,0.9047619,False
FLAT_TOP3_PROTECTED,FAMILY,ROBO,9,1.0,1.0,0.66666667,False
FLAT_TOP3_PROTECTED,FAMILY,ROLAMENTO,2,1.0,1.0,1.0,False
FLAT_TOP3_PROTECTED,FAMILY,ROLETE,8,1.0,1.0,0.9375,False
FLAT_TOP3_PROTECTED,FAMILY,ROTULO,6,1.0,1.0,0.83333333,False
FLAT_TOP3_PROTECTED,FAMILY,SEGMENTO,6,0.83333333,0.83333333,0.83419244,False
FLAT_TOP3_PROTECTED,FAMILY,SEGURANCA,2,1.0,1.0,0.75,False
FLAT_TOP3_PROTECTED,FAMILY,SENSOR,56,0.98214286,0.98214286,0.97420635,False
FLAT_TOP3_PROTECTED,FAMILY,SERVO_MOTOR,4,1.0,1.0,1.0,False
FLAT_TOP3_PROTECTED,FAMILY,SINCRONISMO,8,0.75,0.875,0.78720238,False
FLAT_TOP3_PROTECTED,FAMILY,STOPPER,3,1.0,1.0,1.0,False
FLAT_TOP3_PROTECTED,FAMILY,SUPORTE,1,1.0,1.0,1.0,False
FLAT_TOP3_PROTECTED,FAMILY,TAMPA,16,1.0,1.0,0.96875,False
FLAT_TOP3_PROTECTED,FAMILY,TEMPERATURA,6,0.83333333,1.0,0.875,False
FLAT_TOP3_PROTECTED,FAMILY,TRANSPORTE,14,0.78571429,0.85714286,0.69321527,True
FLAT_TOP3_PROTECTED,FAMILY,TUBULACAO,4,1.0,1.0,1.0,False
FLAT_TOP3_PROTECTED,FAMILY,VALVULA,45,0.95555556,0.97777778,0.84532069,True
FLAT_TOP3_PROTECTED,FAMILY,VENTOSA,3,1.0,1.0,0.83333333,False
FLAT_TOP3_PROTECTED,FAMILY,VIBRADOR,1,1.0,1.0,1.0,False
FLAT_TOP3_PROTECTED,KNOWN_VS_OTHER_UNKNOWN,KNOWN,589,0.91341256,0.93718166,0.84453882,False
FLAT_TOP3_PROTECTED,KNOWN_VS_OTHER_UNKNOWN,OTHER_UNKNOWN,96,0.69791667,0.78125,0.63261625,True
