family,class_label,class_support,train_support,examples,class_test_accuracy,class_f1,family_test_rows,family_accuracy,family_macro_f1,internal_confusion_targets,generic_class,specific_class,nearest_semantic_class,nearest_semantic_similarity,possible_inconsistency,definition_quality,main_problems,missing_to_10,missing_to_20
CARTAO,ENROSCO DE CARTAO QUADRO,1,1,ENROSCO DO QUADRO SUPERIOR,0.0,0.0,8,0.375,0.2,,False,True,ENROSCO DE LATAS,0.2108973,False,REQUIRES_SPECIALIST,LOW_SUPPORT,9,19
CARTAO,FALHA DO COLOCADOR DE CARTAO,2,1,"FALHA NO COLOCADOR DE CARTÃO, ORDEM : 30008724728 || ROBO SOLTOU CARTÃO NO MEIO DO TRAJETO, CAIU NA FRENTE DA BARREIRA, MAQUINA SE PERDEU NOS CICLOS AUTOMATICOS",0.0,0.0,8,0.375,0.2,,False,True,FALHA NO MANUSEIO DE CARTAO,0.21663855,False,REQUIRES_SPECIALIST,LOW_SUPPORT | OBSERVED_CONFUSION,8,18
CARTAO,FALHA DO COLOCADOR DE CHAPATEX,3,1,COLOCADOR DE CHAPATEX PAROU DE ATUAR || FALHA NA COLOCAÇÃO DO CHAPATEX || FALHA ELETRICA NO COLOCADOR DE CHAPATEX,0.0,0.0,8,0.375,0.2,FALHA DO COLOCADOR DE CARTAO:1,False,True,FALHA DE PEGADOR,0.28692633,False,DATA_SUPPORTED_BUT_REVIEW_RECOMMENDED,LOW_SUPPORT | OBSERVED_CONFUSION,7,17
CARTAO,FALHA DE CARTAO MESTRE,11,1,FALHA CARTÃO MESTRE || FALHA NO CARTÃO MASTER,0.0,0.0,8,0.375,0.2,,False,True,FALHA NO MANUSEIO DE CARTAO,0.30303425,False,DATA_SUPPORTED_BUT_REVIEW_RECOMMENDED,NO_STRONG_DATA_SIGNAL,0,9
CARTAO,FALHA NA TROCA DE PALETE DE CARTAO,20,14,ALHA NA TROCA DE PALETES DE CARTÃO CHEIO (30008241935) || FALHA NA TROCA AUTOMATICA DO PALETE DE CARTÃO (3000826371) || FALHA NA TROCA DO PALLET DE CARTÃO EM MODO AUTOMATICO,0.3333333333333333,0.4,8,0.375,0.2,,False,True,FALHA NO MANUSEIO DE CARTAO,0.39828569,False,DATA_SUPPORTED_BUT_REVIEW_RECOMMENDED,OBSERVED_CONFUSION,0,0
CARTAO,FALHA NO MANUSEIO DE CARTAO,27,20,FALHA NA RETIRADA DO CARTAO DE CAMADAS || GERANDO FALHA NO REMOVEDOR DE CARTÃO 30008334982 || REMOVEDOR DE CARTÃO BLOQUEDO.,0.6666666666666666,0.5714285714285714,8,0.375,0.2,FALHA NA TROCA DE PALETE DE CARTAO:1,False,True,FALHA NA TROCA DE PALETE DE CARTAO,0.39828569,False,DATA_SUPPORTED_BUT_REVIEW_RECOMMENDED,OBSERVED_CONFUSION,0,0
LATA,FALHA DE ALIMENTACAO DE LATAS,1,1,MÁQUINA DESLIGANDO SOZINHA OCASIONADO FALTA DE LATAS NO TRANSPORTE,0.0,0.0,17,0.23529411764705882,0.1638655462184874,,False,True,FALHA DE TRANSPORTE DE LATAS,0.34507188,False,REQUIRES_SPECIALIST,LOW_SUPPORT,9,19
LATA,FALHA NA INSERCAO DE LATAS,1,1,LATAS FALSAS DANDO FALHA NO INSERIMENTO E NO DESINSERIMENTO ANTES E POS CIP,0.0,0.0,17,0.23529411764705882,0.1638655462184874,,False,True,FALHA NA INSERCAO DE GARRAFAS FALSAS,0.42411745,False,REQUIRES_SPECIALIST,LOW_SUPPORT,9,19
LATA,FALHA NA INSERCAO DE LATAS FALSAS,3,1,"FALHA NO INSERIMENTO DA LATA FALSA , FEITO PROCEDIMENTO MANULMENTE || SISTEMA DE INSERÇÃO DE LATAS FALSAS NAO ESTÁ ATUANDO CORRETAMENTE, PRECISANDO INSERIR MANUALMENTE, NOTA : 13304467 || INSERÇÃO DE LATAS FALSAS DE FORMA MANUAL",0.0,0.0,17,0.23529411764705882,0.1638655462184874,,False,True,FALHA NA INSERCAO DE LATAS,0.29837739,False,DATA_SUPPORTED_BUT_REVIEW_RECOMMENDED,LOW_SUPPORT | OBSERVED_CONFUSION,7,17
LATA,CRASH DE LATAS,4,2,"CRASH DE LATAS NA ESTERLA, FOI PRECISO RETIRAR A ESTRELA DE SAIDA (30008299308) || CRASH DE LATAS NA ESTRELA DE ENTRADA PARA O SISTEMA DE ENCHIMENTO || TRANSPORTE GERANDO CRASH DE LATAS NA RETOMADAS",0.0,0.0,17,0.23529411764705882,0.1638655462184874,,False,True,FALHA DE TRANSPORTE DE LATAS,0.30870429,False,DATA_SUPPORTED_BUT_REVIEW_RECOMMENDED,LOW_SUPPORT | OBSERVED_CONFUSION,6,16
LATA,FALHA DE TRANSPORTE DE LATAS,4,1,FALHA NO TRANSPORTE DE LATAS || FALHA NO MÓDULO DO TRANSPORTE DE LATAS CHEIA || FALHA NO TRANSPORTE DE SAIDA DE LATAS,1.0,1.0,17,0.23529411764705882,0.1638655462184874,,False,True,FALHA DE TRANSPORTE,0.51428109,False,DATA_SUPPORTED_BUT_REVIEW_RECOMMENDED,LOW_SUPPORT,6,16
LATA,TREPIDACAO DE LATAS,4,2,"EQUIPAMENTO COM TREPIDAÇÃO NO MOVIMENTO DE SUBIDA || VELOCIDADE REDUZIDA, TRIPIDAÇÃO DE LATAS NA SAIDA DA ENCHEDORA, ENTREGA PARA A CORRENTE DE ARRASTE, PERDENDO CONTEUDO LIQUIDO || VELOCIDADE REDUZIDA, TREPIDAÇÃO DE LATAS NA SAIDA DA ENCHEDORA, ENTREGA PARA A CORRENTE DE ARRASTE, PERDENDO CONTEUDO LIQUIDO",1.0,1.0,17,0.23529411764705882,0.1638655462184874,,False,True,VELOCIDADE REDUZIDA SEM CAUSA IDENTIFICADA,0.30270344,False,DATA_SUPPORTED_BUT_REVIEW_RECOMMENDED,LOW_SUPPORT,6,16
LATA,COLAPSO DE LATAS,9,6,VELOCIDADE ABAIXO DA NOMINAL DEVIDO COPALSO DAS LATAS || LATAS COLAPSANDO DURANTE PARTIDA E PRODUÇÃO - ATUAÇÃO TIME FERRUM || LATAS COLAPSANDO DURANTE PARTIDA E PRODUÇÃO EM VELOCIDADE NOMINAL - ATUAÇÃO TIME FERRUM,0.0,0.0,17,0.23529411764705882,0.1638655462184874,AMASSAMENTO DE LATAS:1,False,True,VELOCIDADE REDUZIDA SEM CAUSA IDENTIFICADA,0.48793805,False,DATA_SUPPORTED_BUT_REVIEW_RECOMMENDED,LOW_SUPPORT | OBSERVED_CONFUSION,1,11
LATA,AMASSAMENTO DE LATAS,15,9,LATAS SAINDO AMASSADA ORDEM:30008356253 || AMASSANDO LATA NO TWISTER DE ENTRADA DO RINSER || AMASSANDO LATAS NOTA 30008643816,0.5,0.5,17,0.23529411764705882,0.1638655462184874,,False,True,ENROSCO DE LATAS,0.31029999,False,DATA_SUPPORTED_BUT_REVIEW_RECOMMENDED,OBSERVED_CONFUSION,0,5
LATA,ENROSCO DE LATAS,28,18,"ENROSCO DE PACOTES E ESTOURO DE LATAS NO CANL C DO DEVAISER || ENROSCO DE PACOTE NO DOSADOR DO TRANSPORTE DE ENTRADA,CAUSANDO ESTOURO DE LATA E ERRO NA FORMAÇÃO DA CAMADA ORDEM -(30008251454 ) || RETIRADA DA ESTRELA DE SAIDA,DEVIDO A ENROSCO DE LATA 30008272324",0.0,0.0,17,0.23529411764705882,0.1638655462184874,,False,True,ENROSCO DE PACOTES,0.46602577,False,DATA_SUPPORTED_BUT_REVIEW_RECOMMENDED,LOW_SEPARABILITY | OBSERVED_CONFUSION,0,0
LATA,QUEDA DE LATAS,34,22,"CHAPA DE PASSAGEM COM DESGASTE DERRUBANDO LATAS || QUEDA DE LATAS NA TRANSFERENCIA PARA A MESA DE ARRASTE || QUEDA DE LATAS NA TRANSFERENCIA, ORDEM : 30008244580",0.1666666666666666,0.2222222222222222,17,0.23529411764705882,0.1638655462184874,,False,True,FALHA DE ACUMULO NO TRANSPORTE,0.47262445,False,DATA_SUPPORTED_BUT_REVIEW_RECOMMENDED,LOW_SEPARABILITY | OBSERVED_CONFUSION,0,0
MANGUEIRA,FALHA DE MANGUEIRA DE AGUA,1,1,TROCA DA MANGUEIRA DE AGUA 30008822660,0.0,0.0,6,0.3333333333333333,0.1875,,False,True,ROMPIMENTO DE MANGUEIRA DE AGUA,0.52823132,False,REQUIRES_SPECIALIST,LOW_SUPPORT,9,19
MANGUEIRA,FALHA DE MANGUEIRA DE ALTA PRESSAO,1,1,MANGUEIRA DE ALTA PRESSÃO DANIFICADA / 13171960,0.0,0.0,6,0.3333333333333333,0.1875,,False,True,FALHA DE CONEXAO DE MANGUEIRA,0.3139151,False,REQUIRES_SPECIALIST,LOW_SUPPORT,9,19
MANGUEIRA,OBSTRUCAO DE MANGUEIRA DE AR,1,1,"MANGUEIRA DOBRADA,OBSTRUINDO A PASSAGEM DE AR",0.0,0.0,6,0.3333333333333333,0.1875,,False,True,FALHA DE CONEXAO DE MANGUEIRA,0.28124937,False,REQUIRES_SPECIALIST,LOW_SUPPORT,9,19
MANGUEIRA,DEGRADACAO DE MANGUEIRA,2,2,MANGUEIRAS RESSECADAS NO FORNO,0.0,0.0,6,0.3333333333333333,0.1875,,False,True,ROMPIMENTO DE MANGUEIRA DE AR,0.20643604,False,REQUIRES_SPECIALIST,LOW_SUPPORT,8,18
MANGUEIRA,FALHA DE MANGUEIRA,3,1,TROCA DA MANGUEIRA DO SISTEMA PNEUMATICO DO ATUADOR CANAL C DO DEVAISER (30008240197) || TROCA DE MANGUEIRA || ATRASO FALHA DURANTE CIP MANGUEIRA ENTRADA DO POLIDOR DESCONECTADA,0.0,0.0,6,0.3333333333333333,0.1875,FALHA DE CONEXAO DE MANGUEIRA:1,True,False,FALHA DE CONEXAO DE MANGUEIRA,0.20857652,False,REQUIRES_SPECIALIST,LOW_SUPPORT | GENERIC_LABEL | OBSERVED_CONFUSION,7,17
MANGUEIRA,ROMPIMENTO DE MANGUEIRA,3,1,"ROMPIMENTO DA MANGUEIRA PNEUMATICA, OCASIONANDO TRAVAMENTO DO COMPACTADOR DE CAMADAS. ORDEM- 30008170585 || MANGUEIRA RASGADA || MANGUEIRA DE VACUO DO CABEÇOTE FURADA NOTA:30008724068",0.0,0.0,6,0.3333333333333333,0.1875,,False,True,FALHA DE VACUO,0.34247071,False,DATA_SUPPORTED_BUT_REVIEW_RECOMMENDED,LOW_SUPPORT | OBSERVED_CONFUSION,7,17
MANGUEIRA,ROMPIMENTO DE MANGUEIRA DE AGUA,3,1,"ROMPIMENTO DA MANGUEIRA DE AGUA DA ROTULADORA || VAZAMENTO DE AGUA NA MANGUEIRA DA ROTULADORA, ROMPIIMENTO DA CONEXÃO PNEUMATICA ORDEM: 3000848802 || ROMPIMENTO DA MANGUEIRA DE AGUA",1.0,1.0,6,0.3333333333333333,0.1875,,False,True,FALHA DE MANGUEIRA DE AGUA,0.52823132,False,DATA_SUPPORTED_BUT_REVIEW_RECOMMENDED,LOW_SUPPORT,7,17
MANGUEIRA,FALHA DE MANGUEIRA PNEUMATICA,4,2,FALHA MANGUEIRA DO CILINDRO CABEÇOTE || PALETIZADORA TROCA DE MANGUEIRA DE AR DA GAIOLA || TROCA DE MANGUEIRA DE AR,0.0,0.0,6,0.3333333333333333,0.1875,FALHA DE CONEXAO DE MANGUEIRA:1,False,True,FALHA DE CONEXAO DE MANGUEIRA,0.47877815,False,DATA_SUPPORTED_BUT_REVIEW_RECOMMENDED,LOW_SUPPORT | OBSERVED_CONFUSION,6,16
MANGUEIRA,ROMPIMENTO DE MANGUEIRA DE AR,6,4,ROMPIMENTO DA MANGUEIRA DE AR NA MESA DE ENVOLVIMENTO || MANGUEIRA DE AR DA GAIOLA RASGADA. || ALIMENTADOR DE TAMPA MANGUEIRA RESSECADA QUE ALIMENTA O CILINDRO DE ABERTURA DA TAMPA DO TAMBADOR DE TAMPA SERÁ NECESSÁRIO A TROCA.13175078,0.0,0.0,6,0.3333333333333333,0.1875,,False,True,ROMPIMENTO DE MANGUEIRA DE AGUA,0.48662406,False,DATA_SUPPORTED_BUT_REVIEW_RECOMMENDED,LOW_SUPPORT | OBSERVED_CONFUSION,4,14
MANGUEIRA,FALHA DE CONEXAO DE MANGUEIRA,8,6,MANGUEIRA DE CONTRA PRESSÃO ESCAPOU || MANGUEIRA E CONEXÃO DANIFICADA NA ESTAÇÃO DE EXPANSÃO DE PELÍCULA - 30008414432 || MANGUEIRA DE AR DO CABEÇOTE ESCAPOU,1.0,0.5,6,0.3333333333333333,0.1875,,False,True,FALHA DE CONEXAO PNEUMATICA,0.49228296,False,DATA_SUPPORTED_BUT_REVIEW_RECOMMENDED,LOW_SUPPORT | LOW_SEPARABILITY,2,12
OTHER_UNKNOWN,AFROUXAMENTO DE PARAFUSO DE FIXACAO,1,1,"PARAFUSO DE FIXAÇÃO DA MESA DE CARGA SAINDO APERTO, FOI PRECISO SUBSTITUIR, ORDEM : 30008862422",0.0,0.0,83,0.5783132530120482,0.4271235521235521,,False,True,FALHA DE FIXACAO,0.23169871,False,REQUIRES_SPECIALIST,LOW_SUPPORT,9,19
OTHER_UNKNOWN,ATUACAO DO CIRCUITO DE EMERGENCIA,1,1,CIRCUITO DE EMERGENCIA ACIONADO,0.0,0.0,83,0.5783132530120482,0.4271235521235521,,False,True,FALHA DE BOTOEIRA DE EMERGENCIA,0.26501855,False,REQUIRES_SPECIALIST,LOW_SUPPORT,9,19
OTHER_UNKNOWN,COLISAO DO EMPURRADOR,1,1,COLISÃO DO PISTÃO DO EMPURRADOR COM A GUIA - ORDEM -30008516195,0.0,0.0,83,0.5783132530120482,0.4271235521235521,,False,True,QUEBRA DE ATUADOR,0.25972092,False,REQUIRES_SPECIALIST,LOW_SUPPORT,9,19
OTHER_UNKNOWN,DANIFICACAO DA BUCHA DE ELEVACAO DO PISTAO,1,1,"BUCHA DE ELEVÇÃO DO PISTÃO DANIFICADA ,VÁLVULA 55(GARRAFAS ENTRANDO TORTA E SAINDO VAZIA",0.0,0.0,83,0.5783132530120482,0.4271235521235521,,False,True,TRAVAMENTO DE ATUADOR,0.17326383,False,REQUIRES_SPECIALIST,LOW_SUPPORT,9,19
OTHER_UNKNOWN,DEFORMACAO DE FACA,1,1,TROCA DA FACA DA RAMPA DE ACELERAÇÃO - ORDEM 30008412774,0.0,0.0,83,0.5783132530120482,0.4271235521235521,,False,True,FALHA DE TRACAO GUIAMENTO DE FILME,0.19236496,False,REQUIRES_SPECIALIST,LOW_SUPPORT,9,19
OTHER_UNKNOWN,DEFORMACAO DE HASTE,1,1,HASTE POSICIONADORA DE TAMPAS ESTAVA TORTA OCASIONANDO FALHA NO EQUIPAMENTO (30008421830),0.0,0.0,83,0.5783132530120482,0.4271235521235521,,False,True,FALHA DE ALIMENTACAO DE TAMPAS,0.17759067,False,REQUIRES_SPECIALIST,LOW_SUPPORT,9,19
OTHER_UNKNOWN,DEFORMACAO DE MEXEDOR,1,1,"MEXEDOR DO TRANSPORTE DE GARRAFAS NA ENTRADA DA LAVADORA TORTO , MANUTENCAO ATUOU",0.0,0.0,83,0.5783132530120482,0.4271235521235521,,False,True,FALHA DE TRANSPORTE,0.27942967,False,REQUIRES_SPECIALIST,LOW_SUPPORT,9,19
OTHER_UNKNOWN,DESALINHAMENTO DE CHAPA,1,1,ALINHAMENTO DA CHAPA DO TRANSPORTE DE SAIDA DE GARRAFAS DO CAPSULADOR.,0.0,0.0,83,0.5783132530120482,0.4271235521235521,,False,True,FALHA DE TRANSPORTE,0.28765443,False,REQUIRES_SPECIALIST,LOW_SUPPORT,9,19
OTHER_UNKNOWN,DESALINHAMENTO DE MASCARA,1,1,AJUSTES NA POSIÇÃO DA MASCRA,0.0,0.0,83,0.5783132530120482,0.4271235521235521,,False,True,DESALINHAMENTO MECANICO,0.22869126,False,REQUIRES_SPECIALIST,LOW_SUPPORT,9,19
OTHER_UNKNOWN,DESARME PALETIZADORA,1,1,PALETIZADORA DESARMANDO NA FORMAÇÃO DE CAMADA,0.0,0.0,83,0.5783132530120482,0.4271235521235521,,False,True,FALHA DE FORMACAO DE CAMADA,0.55289704,False,REQUIRES_SPECIALIST,LOW_SUPPORT,9,19
OTHER_UNKNOWN,DESGASTE DE PINO DE SEPARACAO,1,1,FALHA PINO SEPARACAO GARRAFA PULANDO PINO (30008425466),0.0,0.0,83,0.5783132530120482,0.4271235521235521,,False,True,FALHA DE PINO,0.32354799,False,REQUIRES_SPECIALIST,LOW_SUPPORT,9,19
OTHER_UNKNOWN,DESPRENDIMENTO DO PISTAO DE TRAVAMENTO,1,1,SOLTOU PISTÃO DE TRAVAMENTO DE CAIXAS NA ENTRADA DA DESENCAIXOTADORA.NOTA 30008868905,0.0,0.0,83,0.5783132530120482,0.4271235521235521,,False,True,TRAVAMENTO DE ATUADOR,0.29492167,False,REQUIRES_SPECIALIST,LOW_SUPPORT,9,19
OTHER_UNKNOWN,ESPANAMENTO DE PARAFUSO,1,1,PARAFUSO ESPANOU NO TRANSPORTE 30008867087,0.0,0.0,83,0.5783132530120482,0.4271235521235521,,False,True,FALHA DE FIXACAO,0.23608199,False,REQUIRES_SPECIALIST,LOW_SUPPORT,9,19
OTHER_UNKNOWN,FALHA DE ACIONAMENTO DO EMPURRADOR,1,1,FALHA NO ACIONAMENTO DO EMPURRADOR,0.0,0.0,83,0.5783132530120482,0.4271235521235521,,False,True,FALHA DE DRIVE,0.32278341,False,REQUIRES_SPECIALIST,LOW_SUPPORT,9,19
OTHER_UNKNOWN,FALHA DE AMOSTRAGEM,1,1,FALHA DE LINHA AMOSTRA BAIXA ORDEM: 30008427066,0.0,0.0,83,0.5783132530120482,0.4271235521235521,,True,False,FALHA NA DESCIDA DE TAMPAS,0.11633378,False,REQUIRES_SPECIALIST,LOW_SUPPORT | GENERIC_LABEL,9,19
OTHER_UNKNOWN,FALHA DE APLICACAO DE COLA,1,1,FALHA APLICAÇÃO COLA AGREGADO 2 - ENROSCO,0.0,0.0,83,0.5783132530120482,0.4271235521235521,,False,True,FALHA DE TERMOSTATO,0.30661198,False,REQUIRES_SPECIALIST,LOW_SUPPORT,9,19
OTHER_UNKNOWN,FALHA DE BANDEIROLA,1,1,FALHA NA BANDEROLA,0.0,0.0,83,0.5783132530120482,0.4271235521235521,,True,False,DEFORMACAO DE EIXO,0.13148496,False,REQUIRES_SPECIALIST,LOW_SUPPORT | GENERIC_LABEL,9,19
OTHER_UNKNOWN,FALHA DE BOCAL,1,1,"FALHA NA CAPSULAGEM DAS GARRAFAS,GUIAS DO BOCAL DA GARRAFA FORA DE POSIÇÃO 30008398121",0.0,0.0,83,0.5783132530120482,0.4271235521235521,,True,False,FALHA DE DESCAPSULAMENTO,0.25195086,False,REQUIRES_SPECIALIST,LOW_SUPPORT | GENERIC_LABEL,9,19
OTHER_UNKNOWN,FALHA DE BOTOEIRA DE EMERGENCIA,1,1,FALHA DE BOTOEIRA DE EMERGENCIA CABO SOLTO ORDM: 30008543984,0.0,0.0,83,0.5783132530120482,0.4271235521235521,,False,True,ATUACAO DO CIRCUITO DE EMERGENCIA,0.26501855,False,REQUIRES_SPECIALIST,LOW_SUPPORT,9,19
OTHER_UNKNOWN,FALHA DE BRACO DE TUBETES,1,1,FALHA NO BRAÇO DE BUSCAR TUBETES / E DESEMBALAR TUBETES (30008514151),0.0,0.0,83,0.5783132530120482,0.4271235521235521,,False,True,FALHA NO CORTE DE TUBETES,0.213677,False,REQUIRES_SPECIALIST,LOW_SUPPORT,9,19
OTHER_UNKNOWN,FALHA DE CENTRADOR,1,1,DESLIGAMENTO DO CENTRADOR DE CAMADAS 30008760997,0.0,0.0,83,0.5783132530120482,0.4271235521235521,,True,False,TRAVAMENTO DE CENTRADOR,0.25181988,False,REQUIRES_SPECIALIST,LOW_SUPPORT | GENERIC_LABEL,9,19
OTHER_UNKNOWN,FALHA DE CHAVE DE EMERGENCIA,1,1,FALHA NO CHAVE DE MEMERGENCIA,0.0,0.0,83,0.5783132530120482,0.4271235521235521,,False,True,TRAVAMENTO DE CHAVE SECCIONADORA,0.23086023,False,REQUIRES_SPECIALIST,LOW_SUPPORT,9,19
OTHER_UNKNOWN,FALHA DE CIP,1,1,"FALHA NO CIP, ENCHEDORA NAO CONTABILIZAVA O TEMPO DE CADA PASSO",0.0,0.0,83,0.5783132530120482,0.4271235521235521,,True,False,FALHA NO ENVIO DE BEBIDA,0.14979161,False,REQUIRES_SPECIALIST,LOW_SUPPORT | GENERIC_LABEL,9,19
OTHER_UNKNOWN,FALHA DE COLETOR,1,1,COLETOR EM FALHA,0.0,0.0,83,0.5783132530120482,0.4271235521235521,,True,False,VAZAMENTO EM COLETOR,0.39582142,False,REQUIRES_SPECIALIST,LOW_SUPPORT | GENERIC_LABEL,9,19
OTHER_UNKNOWN,FALHA DE COMANDO DA ARVORE DE ESPUMA,1,1,FALHA NO COMANDO DA ARVORE DE ESPUMA,0.0,0.0,83,0.5783132530120482,0.4271235521235521,,False,True,ESPUMAMENTO DE BEBIDA,0.17292908,False,REQUIRES_SPECIALIST,LOW_SUPPORT,9,19
OTHER_UNKNOWN,FALHA DE CONTROLE DE BRIX,1,1,BRIX DA BEBIDA FORA DE PADRÃO ( ORDEM - 30008701508),0.0,0.0,83,0.5783132530120482,0.4271235521235521,,False,True,ESPUMAMENTO DE BEBIDA,0.17609407,False,REQUIRES_SPECIALIST,LOW_SUPPORT,9,19
OTHER_UNKNOWN,FALHA DE CORTE DA EMBALAGEM DO TUBETE,1,1,FALHA NO CORTE DA EMBALAGEM DO TUBETE OCASIONANDO ENROSCO DE TAMPAS NA RECRAVADORA,0.0,0.0,83,0.5783132530120482,0.4271235521235521,,False,True,ENROSCO DE TAMPAS,0.38727137,False,REQUIRES_SPECIALIST,LOW_SUPPORT,9,19
OTHER_UNKNOWN,FALHA DE ELEMENTO DE TRANSMISSAO,1,1,"ESCAPOU CORRENTE DE TRAÇÃO DO TRANSPORTE,ORDEM 30008566282",0.0,0.0,83,0.5783132530120482,0.4271235521235521,,False,True,ESCAPE DE ESTEIRA,0.18783483,False,REQUIRES_SPECIALIST,LOW_SUPPORT,9,19
OTHER_UNKNOWN,FALHA DE ENCOSTO DE AGRUPAMENTO,1,1,"FALHA DE ENCOSTO DE AGRUPAMENTO ,NÃO NA POSIÇÃO FINAL",0.0,0.0,83,0.5783132530120482,0.4271235521235521,,False,True,DESALINHAMENTO DE PALETE,0.15998676,False,REQUIRES_SPECIALIST,LOW_SUPPORT,9,19
OTHER_UNKNOWN,FALHA DE FEEDBACK,1,1,FALHA NO FEEDBACK DA TUBULAÇÃO DE DRENO E ALIVIO DE PRESSÃO DA ENCHEDORA,0.0,0.0,83,0.5783132530120482,0.4271235521235521,,True,False,FALHA DE PRESSURIZACAO DA ENCHEDORA,0.29080352,False,REQUIRES_SPECIALIST,LOW_SUPPORT | GENERIC_LABEL,9,19
OTHER_UNKNOWN,FALHA DE FIXACAO DA TULIPA,1,1,SUPORTE DA TULIPA DA VÁLVULA NUMERO 5 SOLTOU / NOTA : 30008313189,0.0,0.0,83,0.5783132530120482,0.4271235521235521,,False,True,AUSENCIA DE PARAFUSO DE FIXACAO,0.43496093,False,REQUIRES_SPECIALIST,LOW_SUPPORT,9,19
OTHER_UNKNOWN,FALHA DE FIXACAO DE PROTECAO,1,1,QUEDA DA GRADE DE PROTEÇÃO,0.0,0.0,83,0.5783132530120482,0.4271235521235521,,False,True,QUEDA DE GARRAFAS,0.16605799,False,REQUIRES_SPECIALIST,LOW_SUPPORT,9,19
OTHER_UNKNOWN,FALHA DE GERADOR DE IMPULSOS,1,1,FALHA NO GERADOR DE IMPULSOS TRIGGER N: 07,0.0,0.0,83,0.5783132530120482,0.4271235521235521,,False,True,FALHA DE ELEVADOR,0.07742465,False,REQUIRES_SPECIALIST,LOW_SUPPORT,9,19
OTHER_UNKNOWN,FALHA DE MEDIDOR DE VAZAO,1,1,"FALHA DE ENCHIMENTO VALVULA N°51,52 E 81 - TROCA DO MEDIDOR DE VAZAO",0.0,0.0,83,0.5783132530120482,0.4271235521235521,,False,True,FALHA DE VALVULA DE ENCHIMENTO,0.35215378,False,REQUIRES_SPECIALIST,LOW_SUPPORT,9,19
OTHER_UNKNOWN,FALHA DE NIVEL DE AGUA,1,1,NIVE DE AGUA DA CUBA ABAIXANDO,0.0,0.0,83,0.5783132530120482,0.4271235521235521,,False,True,TRAVAMENTO DE BOIA,0.42719182,False,REQUIRES_SPECIALIST,LOW_SUPPORT,9,19
OTHER_UNKNOWN,FALHA DE PARAMETRIZACAO DE RECEITA,1,1,FALHA NO CALCULO DE CURVA DA RECEITA DE 200ML (ORDEM: 30008776224),0.0,0.0,83,0.5783132530120482,0.4271235521235521,,False,True,FALHA NO CARREGAMENTO DE RECEITA,0.14306052,False,REQUIRES_SPECIALIST,LOW_SUPPORT,9,19
OTHER_UNKNOWN,FALHA DE PINOS DE TRANSFERENCIA,1,1,PINOS PEGANDO NAS GARRAFAS,0.0,0.0,83,0.5783132530120482,0.4271235521235521,,False,True,FALHA NA PEGADA DE CAMADA,0.26176235,False,REQUIRES_SPECIALIST,LOW_SUPPORT,9,19
OTHER_UNKNOWN,FALHA DE PRANCHA,1,1,PRANHA DERRUBANDO PACOTES,0.0,0.0,83,0.5783132530120482,0.4271235521235521,,True,False,FALHA DE TWISTER,0.21344984,False,REQUIRES_SPECIALIST,LOW_SUPPORT | GENERIC_LABEL,9,19
OTHER_UNKNOWN,FALHA DE PRE ENXAGUE,1,1,FALHA NO PRE ESGUICHO,0.0,0.0,83,0.5783132530120482,0.4271235521235521,,False,True,FALHA DE ENCHIMENTO,0.11521405,False,REQUIRES_SPECIALIST,LOW_SUPPORT,9,19
OTHER_UNKNOWN,FALHA DE PRESSAO DE AGUA,1,1,"FALHA DE ""SEG DE PRESSÃO DE H2O NO RESFRIAMENTO NO PINO DE ENXAGUE¨",0.0,0.0,83,0.5783132530120482,0.4271235521235521,,False,True,FALHA DE RESFRIAMENTO,0.6321575,False,REQUIRES_SPECIALIST,LOW_SUPPORT,9,19
OTHER_UNKNOWN,FALHA DE PROPORCIONAMENTO,1,1,FALHA NA PROPORCAO DE XAROPE/AGUA,0.0,0.0,83,0.5783132530120482,0.4271235521235521,,True,False,FALHA DE VALVULA DE XAROPE,0.32249764,False,REQUIRES_SPECIALIST,LOW_SUPPORT | GENERIC_LABEL,9,19
OTHER_UNKNOWN,FALHA DE RESFRIAMENTO,1,1,FALHA DE RESFRIAMENTO NO PINO DE ENXAGUE ENCHEDORA,0.0,0.0,83,0.5783132530120482,0.4271235521235521,,True,False,FALHA DE PRESSAO DE AGUA,0.6321575,False,REQUIRES_SPECIALIST,LOW_SUPPORT | GENERIC_LABEL,9,19
OTHER_UNKNOWN,FALHA DE RETORNO DO BRACO DE SOLDA,1,1,BRAÇO DA SOLDA NÃO ESTAVA VOLTANDO,0.0,0.0,83,0.5783132530120482,0.4271235521235521,,False,True,FALHA DE SOLDA DE FILME,0.24315518,False,REQUIRES_SPECIALIST,LOW_SUPPORT,9,19
OTHER_UNKNOWN,FALHA DE ROLO DE ESTIRAMENTO,1,1,"ROLO DO CARPETE TORTO NOTA , 30008400277",0.0,0.0,83,0.5783132530120482,0.4271235521235521,,False,True,DEFORMACAO DE SUPORTE,0.36759481,False,REQUIRES_SPECIALIST,LOW_SUPPORT,9,19
OTHER_UNKNOWN,FALHA DE ROLO SEPARADOR,1,1,ROLO SEPARADOR DE GARRAFAS DERRUBANDO COM E SEM APOIO,0.0,0.0,83,0.5783132530120482,0.4271235521235521,,False,True,FALHA DE PRANCHA,0.20609255,False,REQUIRES_SPECIALIST,LOW_SUPPORT,9,19
OTHER_UNKNOWN,FALHA DE ROTACAO,1,1,"PALETIZADORA EM FALHA DE ROTAÇÃO , NOTA 30008598948",0.0,0.0,83,0.5783132530120482,0.4271235521235521,,True,False,BAIXA VELOCIDADE DE ESTEIRA,0.23632009,False,REQUIRES_SPECIALIST,LOW_SUPPORT | GENERIC_LABEL,9,19
OTHER_UNKNOWN,FALHA DE SOLENOIDE,1,1,SOLENOIDE DO ENVIAO DE AGUA PARA O CAPSULADOR E DE FINISH - ORDEM: 30008660813,0.0,0.0,83,0.5783132530120482,0.4271235521235521,,True,False,FALHA DE TAMPAMENTO,0.17171073,False,REQUIRES_SPECIALIST,LOW_SUPPORT | GENERIC_LABEL,9,19
OTHER_UNKNOWN,FALHA DE SOPRADOR,1,1,ACERTO DO AR DO SOPRADOR DE AR DAS ROLHAS.,0.0,0.0,83,0.5783132530120482,0.4271235521235521,,True,False,DESARME DE EQUIPAMENTO,0.25097504,False,REQUIRES_SPECIALIST,LOW_SUPPORT | GENERIC_LABEL,9,19
OTHER_UNKNOWN,FALHA DE TANGENCIAMENTO,1,1,TANGENCIAMENTO FORA,0.0,0.0,83,0.5783132530120482,0.4271235521235521,,True,False,DESALINHAMENTO DE AGREGADO,0.50730264,False,REQUIRES_SPECIALIST,LOW_SUPPORT | GENERIC_LABEL,9,19
OTHER_UNKNOWN,FALHA DE TERMOSTATO,1,1,ENROSCO DE ROTULO NO AGREGADO 2 ( FALHA NO TERMOSTATO DO AGREGADO 2 ),0.0,0.0,83,0.5783132530120482,0.4271235521235521,,True,False,ENROSCO DE ROTULOS,0.50871015,False,REQUIRES_SPECIALIST,LOW_SUPPORT | GENERIC_LABEL,9,19
OTHER_UNKNOWN,FALHA ESTRUTURAL,1,1,Estrutura falta/danificada,0.0,0.0,83,0.5783132530120482,0.4271235521235521,,False,True,QUEBRA NO EIXO DA TAMPA DO ARROLHADOR,0.18834321,False,REQUIRES_SPECIALIST,LOW_SUPPORT,9,19
OTHER_UNKNOWN,FALHA NA ABERTURA DA GARRA,1,1,FALHA NA ABERTURA DA GARRA NA ENTREGA DO PALLET,0.0,0.0,83,0.5783132530120482,0.4271235521235521,,False,True,FALHA DE ATUADOR DA VALVULA,0.27386865,False,REQUIRES_SPECIALIST,LOW_SUPPORT,9,19
OTHER_UNKNOWN,FALHA NA TROCA AUTOMATICA,1,1,"FALHA NA TROCA AUTOMATICA DE BOBINA, SENDO NECESSÁRIO FAZER MANUALMENTE",0.0,0.0,83,0.5783132530120482,0.4271235521235521,,False,True,FALHA NA TROCA DE BOBINA,0.28528184,False,REQUIRES_SPECIALIST,LOW_SUPPORT,9,19
OTHER_UNKNOWN,FALHA NO CARREGAMENTO DE RECEITA,1,1,"RECEITA DO PRODUTO, NÃO ESTAVA CARREGANDO, FOI AJUSTADO EM OUTRA RECEITA.",0.0,0.0,83,0.5783132530120482,0.4271235521235521,,False,True,FALHA DE PARAMETRIZACAO DE RECEITA,0.14306052,False,REQUIRES_SPECIALIST,LOW_SUPPORT,9,19
OTHER_UNKNOWN,FALHA NO CIP RAMAL B,1,1,"FALHA NO CIP RAMAL B, DRENO ATIVANDO NO MEIO DO CIP",0.0,0.0,83,0.5783132530120482,0.4271235521235521,,False,True,FALHA NA INSERCAO DE GARRAFAS FALSAS,0.16346326,False,REQUIRES_SPECIALIST,LOW_SUPPORT,9,19
OTHER_UNKNOWN,FALHA NO SISTEMA DE AR COMPRIMIDO,1,1,"FALTA DE AR COMPRIMIDO NO CABECOTE DA MAQUINA , NAO ESTAVA PEGANDO AS GARRAFAS , MANUTENCAO ELETRICA ATUOU",0.0,0.0,83,0.5783132530120482,0.4271235521235521,,False,True,FALHA DE CABECOTE,0.28117624,False,REQUIRES_SPECIALIST,LOW_SUPPORT,9,19
OTHER_UNKNOWN,FALHA NO SUPRIMENTO DE AGUA,1,1,FALTA DE AGUA NA REGUA ULTRASSONICA,0.0,0.0,83,0.5783132530120482,0.4271235521235521,,False,True,FALHA DE SUPRIMENTO DE AR COMPRIMIDO,0.21936126,False,REQUIRES_SPECIALIST,LOW_SUPPORT,9,19
OTHER_UNKNOWN,FALHA NOS SNIFS,1,1,"AJUSTE DE RÉGUA, LIMPEZA DOS BICOS E AJUSTE DOS SNIFS DA VÁLVULA 4",0.0,0.0,83,0.5783132530120482,0.4271235521235521,,False,True,SEM MODO DE FALHA IDENTIFICADO,0.28683737,False,REQUIRES_SPECIALIST,LOW_SUPPORT,9,19
OTHER_UNKNOWN,INTERFERENCIA MECANICA,1,1,ATRITO ENTRE O SUPORTE DO PISTAO DE LATAS FALSAS COM A ENCHEDORA,0.0,0.0,83,0.5783132530120482,0.4271235521235521,,False,True,TRAVAMENTO DE ATUADOR,0.22783059,False,REQUIRES_SPECIALIST,LOW_SUPPORT,9,19
OTHER_UNKNOWN,PERDA DE REFERENCIA DO CENTRADOR,1,1,"CENTRADOR DE FOLHA SEPARADORA ,PERDENDO A REFERENCIA",0.0,0.0,83,0.5783132530120482,0.4271235521235521,,False,True,TRAVAMENTO DE CENTRADOR,0.49868602,False,REQUIRES_SPECIALIST,LOW_SUPPORT,9,19
OTHER_UNKNOWN,QUEBRA DE ANEL O RING,1,1,QUEBRA DO ANEL ORING DO BOCAL DO CAPSULADOR,0.0,0.0,83,0.5783132530120482,0.4271235521235521,,False,True,FALHA DE TAMPAMENTO,0.26943851,False,REQUIRES_SPECIALIST,LOW_SUPPORT,9,19
OTHER_UNKNOWN,QUEBRA DE PINO,1,1,QUEBRA DO PINO DA GUIA DE ENTRADA,0.0,0.0,83,0.5783132530120482,0.4271235521235521,,False,True,FALHA DE GUIA,0.35949281,False,REQUIRES_SPECIALIST,LOW_SUPPORT,9,19
OTHER_UNKNOWN,QUEBRA DE PISTAO,1,1,PISTAO DA CAPA CIP QUEBRADO,0.0,0.0,83,0.5783132530120482,0.4271235521235521,,False,True,QUEBRA DE ATUADOR,0.40715671,False,REQUIRES_SPECIALIST,LOW_SUPPORT,9,19
OTHER_UNKNOWN,ROMPIMENTO DE TUBETE,1,1,ESTOURO DO TUBETE E FALHA NO SINCRONISMO DE CORTE,0.0,0.0,83,0.5783132530120482,0.4271235521235521,,False,True,FALHA NO CORTE DE TUBETES,0.4614279,False,REQUIRES_SPECIALIST,LOW_SUPPORT,9,19
OTHER_UNKNOWN,SOBREAQUECIMENTO DE PROCESSADOR,1,1,AQUECIMENTO DO PROCESSADOR DO MIXER,0.0,0.0,83,0.5783132530120482,0.4271235521235521,,False,True,FALHA DE BOMBA,0.18545009,False,REQUIRES_SPECIALIST,LOW_SUPPORT,9,19
OTHER_UNKNOWN,TRANSBORDAMENTO DE TANQUE,1,1,TRANSBORDO DO DESAERADOR,0.0,0.0,83,0.5783132530120482,0.4271235521235521,,False,True,VAZAMENTO EM CONEXAO,0.29807806,False,REQUIRES_SPECIALIST,LOW_SUPPORT,9,19
OTHER_UNKNOWN,TRAVAMENTO DE BOCAL,1,1,BOCAL TRAVADO ( 30008219084 ),0.0,0.0,83,0.5783132530120482,0.4271235521235521,,False,True,TRAVAMENTO DE SNIFFER,0.17290379,False,REQUIRES_SPECIALIST,LOW_SUPPORT,9,19
OTHER_UNKNOWN,TRAVAMENTO DE CENTRADOR,1,1,TRAVAMENTO DO CENTRADOR DE FOLHA SEPARADORA NA TROCA DO MESMO,0.0,0.0,83,0.5783132530120482,0.4271235521235521,,False,True,PERDA DE REFERENCIA DO CENTRADOR,0.49868602,False,REQUIRES_SPECIALIST,LOW_SUPPORT,9,19
OTHER_UNKNOWN,TRAVAMENTO DE CHAVE SECCIONADORA,1,1,TRAVA NA CHAVE SECCIONADORA,0.0,0.0,83,0.5783132530120482,0.4271235521235521,,False,True,FALHA DE CHAVE DE EMERGENCIA,0.23086023,False,REQUIRES_SPECIALIST,LOW_SUPPORT,9,19
OTHER_UNKNOWN,TRAVAMENTO DE PINO DE SEPARACAO,1,1,"TRAVAMENTO DO PINO DE SEPARAÇÃO , NOTA 30008370910",0.0,0.0,83,0.5783132530120482,0.4271235521235521,,False,True,FALHA DE PINO,0.42014378,False,REQUIRES_SPECIALIST,LOW_SUPPORT,9,19
OTHER_UNKNOWN,TRAVAMENTO DE SNIFFER,1,1,SNIFFER TRAVADO,0.0,0.0,83,0.5783132530120482,0.4271235521235521,,False,True,TRAVAMENTO DE BOCAL,0.17290379,False,REQUIRES_SPECIALIST,LOW_SUPPORT,9,19
OTHER_UNKNOWN,VAZAMENTO DE PRODUTO,1,1,"PASSAGEM DE BEBIDA PARA O DRENO, ORDEM : 30008839232",0.0,0.0,83,0.5783132530120482,0.4271235521235521,,False,True,ESPUMAMENTO DE BEBIDA,0.16637035,False,REQUIRES_SPECIALIST,LOW_SUPPORT,9,19
OTHER_UNKNOWN,VAZAMENTO EM CONEXAO,1,1,CONEXÃO SMS DO DESAERADOR COM VAZAMENTO DURANTE O CIP,0.0,0.0,83,0.5783132530120482,0.4271235521235521,,False,True,TRANSBORDAMENTO DE TANQUE,0.29807806,False,REQUIRES_SPECIALIST,LOW_SUPPORT,9,19
OTHER_UNKNOWN,ALTERACAO DA VELOCIDADE DO DEVICER,2,2,ALTERAÇÃO DA VELOCIDADE DO DEVICER,0.0,0.0,83,0.5783132530120482,0.4271235521235521,,False,True,FALHA DE VELOCIDADE DO TRANSPORTE,0.36956409,False,REQUIRES_SPECIALIST,LOW_SUPPORT,8,18
OTHER_UNKNOWN,AUSENCIA DE PARAFUSO DE FIXACAO,2,1,SEM PARAFUSO NO SUPORTE DA TULIPA NUMERO 44E60 || FALTA DO PARAFUSO DO SUPORTE DA TULIPA NUMERO 67,0.0,0.0,83,0.5783132530120482,0.4271235521235521,,False,True,FALHA DE FIXACAO DA TULIPA,0.43496093,False,REQUIRES_SPECIALIST,LOW_SUPPORT,8,18
OTHER_UNKNOWN,COLISAO DO BRACO DE ESTIRAMENTO,2,1,BRAÇO DO ESTIRAMENTO COLEDINDO COM O ROLO DE CARPETE 30008404449 || BRAÇO DO ESTIRAMENTO COLEDINDO COM O ROLO DE CARPETE 30008406795,0.0,0.0,83,0.5783132530120482,0.4271235521235521,,False,True,DEFORMACAO DE SUPORTE,0.34953156,False,REQUIRES_SPECIALIST,LOW_SUPPORT,8,18
OTHER_UNKNOWN,DESALINHAMENTO DE CENTRADOR,2,2,"CENTRADOR DE CAIXAS FORA DA POSIÇÃO ORDEM: 30008315318 || CENTRADOR DIREITO FURANDO GARRAFAS, FEITO AJUSTE DE POSIÇÃO DE 40MM PARA 30MM. ORDEM-30008863503.",0.0,0.0,83,0.5783132530120482,0.4271235521235521,,False,True,DESALINHAMENTO MECANICO,0.28296798,False,REQUIRES_SPECIALIST,LOW_SUPPORT,8,18
OTHER_UNKNOWN,DESALINHAMENTO DO BRACO DE CENTRAGEM,2,2,AJUSTEDA POSICAO DO BRAÇO EMPURRADOR CENTRAGEM DE CAMADAS 30008360239,0.0,0.0,83,0.5783132530120482,0.4271235521235521,,False,True,FALHA DE EMPURRADOR,0.26405612,False,REQUIRES_SPECIALIST,LOW_SUPPORT,8,18
OTHER_UNKNOWN,DESARME DE PAINEL,2,1,"ENCAIXOTADORA DESARMOU NO PAINEL , TEVE QUE SER ACIONADO A ELETRICA || PALETIZADORA COM PAINEL DESARMADO ORDEM 30008626800",0.0,0.0,83,0.5783132530120482,0.4271235521235521,,False,True,DESARME DE PAINEL DE COMANDO,0.23462002,False,REQUIRES_SPECIALIST,LOW_SUPPORT,8,18
OTHER_UNKNOWN,DESARME DE PAINEL DE COMANDO,2,2,DESARME DO PAINEL DE COMANDOS ELETRICOS,0.0,0.0,83,0.5783132530120482,0.4271235521235521,,False,True,DESARME DE EQUIPAMENTO,0.27669743,False,REQUIRES_SPECIALIST,LOW_SUPPORT,8,18
OTHER_UNKNOWN,ENTUPIMENTO,2,1,ENTUPIMENTO DA TUBULAÇÃO || BICO DO GÁS 1 OBSTRUIDO,0.0,0.0,83,0.5783132530120482,0.4271235521235521,,False,True,ENTUPIMENTO DE TUBULACAO,0.5367291,False,REQUIRES_SPECIALIST,LOW_SUPPORT | OBSERVED_CONFUSION,8,18
OTHER_UNKNOWN,ESTABILIDADE DE EQUIPAMENTO,2,2,ESTABILIDADE DE EQUIPAMENTO,0.0,0.0,83,0.5783132530120482,0.4271235521235521,,False,True,DESLIGAMENTO INDEVIDO DO EQUIPAMENTO,0.20957528,False,REQUIRES_SPECIALIST,LOW_SUPPORT,8,18
OTHER_UNKNOWN,FALHA DE ACOPLAMENTO,2,1,FREIO DE ELEVAÇÃO E ACOPLAMENTO DANIFICADO || ACOPLAMENTO DO TRANSPORTE DO ALIMENTADOR 1 DANIFICADO,0.0,0.0,83,0.5783132530120482,0.4271235521235521,,True,False,FALHA DE FREIO,0.28723761,False,REQUIRES_SPECIALIST,LOW_SUPPORT | GENERIC_LABEL,8,18
OTHER_UNKNOWN,FALHA DE ALIMENTACAO,2,1,"FALHA NO ENVIO || FALHA NO ABASTECIMENTO, ORDEM : 30008755909",0.0,0.0,83,0.5783132530120482,0.4271235521235521,,True,False,FALHA ELETRICA SEM COMPONENTE IDENTIFICADO,0.17184007,False,REQUIRES_SPECIALIST,LOW_SUPPORT | GENERIC_LABEL,8,18
OTHER_UNKNOWN,FALHA DE CAME,2,1,TROCA DA PONTA DO CAME ORDEM 30008591391 || TRAVAMENTO DO CAME,0.0,0.0,83,0.5783132530120482,0.4271235521235521,,True,False,FALHA DE CONEXAO PNEUMATICA,0.12124222,False,REQUIRES_SPECIALIST,LOW_SUPPORT | GENERIC_LABEL,8,18
OTHER_UNKNOWN,FALHA DE COLISAO DA GAIOLA,2,2,FALHA DE COLISAO DA GAIOLA || FALHA DE COLISÃO DA GAIOLA,0.0,0.0,83,0.5783132530120482,0.4271235521235521,,False,True,FALHA DE SEQUENCIAMENTO DA PALETIZADORA,0.24010314,False,REQUIRES_SPECIALIST,LOW_SUPPORT,8,18
OTHER_UNKNOWN,FALHA DE CONTAGEM DE PRODUTO,2,2,PASSANDO LATA A MAIS NO SISTEMA DE FORMAÇÃO DE PACOTE,0.0,0.0,83,0.5783132530120482,0.4271235521235521,,False,True,FALHA DE FORMACAO DE CAMADA,0.3309744,False,REQUIRES_SPECIALIST,LOW_SUPPORT,8,18
OTHER_UNKNOWN,FALHA DE JATOS DE ENXAGUE,2,1,JATOS FINAIS BAIXOS . ORDEM ;30008465755 || FALHA NO JATO FINAIS.,0.0,0.0,83,0.5783132530120482,0.4271235521235521,FALHA DE PRESSAO DOS JATOS:1,False,True,FALHA DE PRESSAO DOS JATOS,0.43908566,False,REQUIRES_SPECIALIST,LOW_SUPPORT | OBSERVED_CONFUSION,8,18
OTHER_UNKNOWN,FALHA DE LEITURA,2,1,"FALSA REJEIÇÃO DE GARRAFAS, CAMERA 4 || ENCHEDORA NÃO RECINHECENDO O PULSO DA RECEITA DE 200ML, PULSO FICOU EM 2000ML",0.0,0.0,83,0.5783132530120482,0.4271235521235521,FALHA DE PARAMETRIZACAO DE RECEITA:1,True,False,FALHA DE REJEICAO,0.22155102,False,REQUIRES_SPECIALIST,LOW_SUPPORT | GENERIC_LABEL | OBSERVED_CONFUSION,8,18
OTHER_UNKNOWN,FALHA DE LUBRIFICACAO,2,1,CAINDO GRAXA NO CAPSULADOR || TRAVAMENTO POR FALTA DE GRAXA,0.0,0.0,83,0.5783132530120482,0.4271235521235521,,True,False,FALHA DE TAMPAMENTO,0.27951097,False,REQUIRES_SPECIALIST,LOW_SUPPORT | GENERIC_LABEL,8,18
OTHER_UNKNOWN,FALHA DE MIXER,2,1,FALHA NO PARAMIX || FALHA NO MIXER ORDEM 30008716794,0.0,0.0,83,0.5783132530120482,0.4271235521235521,,True,False,FALHA DE CARBONATACAO,0.18703163,False,REQUIRES_SPECIALIST,LOW_SUPPORT | GENERIC_LABEL,8,18
OTHER_UNKNOWN,FALHA DE PINO DE SEPARACAO,2,1,PINO DE SEPARACAO FORA DA POSICAO || QUEDA DE GFS NOS PINO DE SEPARAÇÃO/ FORA DE SINCRONISMO,0.0,0.0,83,0.5783132530120482,0.4271235521235521,,False,True,FALHA DE SINCRONISMO,0.45429105,False,REQUIRES_SPECIALIST,LOW_SUPPORT,8,18
OTHER_UNKNOWN,FALHA DE PRESSAO,2,1,"FALHA DE PRESSURIZAÇÃO GERANDO FALHA NO NIVEL DE BEBIDA DE TANQUE, PARANDO ENC || NAS RETOMADAS ENCHEDORA ESTÁ PERDENDO PRESSÃO E GERANDO FALHA DE (FMC)",0.0,0.0,83,0.5783132530120482,0.4271235521235521,,True,False,VAZAMENTO EM COLETOR,0.25602299,False,REQUIRES_SPECIALIST,LOW_SUPPORT | GENERIC_LABEL | OBSERVED_CONFUSION,8,18
OTHER_UNKNOWN,FALHA DE SEQUENCIAMENTO DA PALETIZADORA,2,2,"PALETIZADORA INICIOU A MONTAGEM DAS CAMADAS SEM O PALETE MONTADO ANTERIOR TER SAIDO, GERANDO COLISÃO ENTRE GAIOLA E PALETE.",0.0,0.0,83,0.5783132530120482,0.4271235521235521,,False,True,FALHA NA GARRA DO ROBO,0.2539891,False,REQUIRES_SPECIALIST,LOW_SUPPORT,8,18
OTHER_UNKNOWN,FALHA DE TRANSDUTOR,2,1,FALHA NO TRANSDUTOR DIFERENCIAL DE PRESSÃO ORDEM 30008740141 || FALHA NO TRANSDUTOR DE PRESSÃO 30008807193,0.0,0.0,83,0.5783132530120482,0.4271235521235521,,True,False,FALHA DE MEDIDOR,0.17945933,False,REQUIRES_SPECIALIST,LOW_SUPPORT | GENERIC_LABEL,8,18
OTHER_UNKNOWN,PENTES SOLTOS,2,2,PENTE SEM PORCA DE FIXAÇÃO SE SOLTOU TRAVANDO EQUIPAMENTO / 30008359530,0.0,0.0,83,0.5783132530120482,0.4271235521235521,,False,True,FALHA DE FIXACAO,0.22140504,False,REQUIRES_SPECIALIST,LOW_SUPPORT,8,18
OTHER_UNKNOWN,PERDA DE REFERENCIA HOME,2,1,PERDA DE REFERÊNCIA NO CORTE DE FILME || MAQUINA SE PERDEU APÓS TROCA DE FILME,0.0,0.0,83,0.5783132530120482,0.4271235521235521,,False,True,FALHA DE CORTE DE FILME,0.392883,False,REQUIRES_SPECIALIST,LOW_SUPPORT,8,18
OTHER_UNKNOWN,PINO DE SEPARACAO TRAVADO,2,1,PINO DE SEPARAÇÃO TRAVADO - 30008420573 || GARRAFA SEM TAMPA TRAVOU NO PINO DE SEPARAÇÃO,0.0,0.0,83,0.5783132530120482,0.4271235521235521,,False,True,FALHA DE PINO,0.37823039,False,REQUIRES_SPECIALIST,LOW_SUPPORT,8,18
OTHER_UNKNOWN,TAB DANIFICADO,2,2,TAB DANIFICADO GERANDO ENROSCO.,0.0,0.0,83,0.5783132530120482,0.4271235521235521,,False,True,ENROSCO DE ROTULOS,0.18321423,False,REQUIRES_SPECIALIST,LOW_SUPPORT,8,18
OTHER_UNKNOWN,TRAVAMENTO DE BOIA,2,1,"BOIA DA ENCHEDORA TRAVADA , CAUSANDO NIVEIS BAIXOS NAS GARRAFAS , FOI FEITO A LIMPEZA E VOLTOU AO NORMAL || BOIA DA CUBA DE AGUA TRAVANDO",0.0,0.0,83,0.5783132530120482,0.4271235521235521,,False,True,FALHA DE NIVEL DE AGUA,0.42719182,False,REQUIRES_SPECIALIST,LOW_SUPPORT,8,18
OTHER_UNKNOWN,TRAVAMENTO DO CAPSULADOR,2,1,CAPSULADOR NUMERO 5 TRAVO || CAPSULADOR COM PINO DA TRAVA SOLTO,1.0,1.0,83,0.5783132530120482,0.4271235521235521,,False,True,FALHA DE TAMPAMENTO,0.25856465,False,REQUIRES_SPECIALIST,LOW_SUPPORT,8,18
OTHER_UNKNOWN,VAZAMENTO NO COLETOR COM GAS BAIXO,2,2,VAZAMENTO DO COLETOR GERANDO GÁS BAIXO NA PARTIDA,0.0,0.0,83,0.5783132530120482,0.4271235521235521,,False,True,VAZAMENTO EM COLETOR,0.45052683,False,REQUIRES_SPECIALIST,LOW_SUPPORT,8,18
OTHER_UNKNOWN,DESARME DE DISJUNTOR,3,1,"(30008489553) FORNO EM ALARME, DESARMOU O DIJUNTOR || FALHA NO DISJUNTOR TERMOMAGNÉTICO 30008767500 || DESARME DOS DISJUNTORES TAG 9Q0 E8Q1, ORDEM : 30008797007",0.0,0.0,83,0.5783132530120482,0.4271235521235521,,False,True,FALHA DE TERMOSTATO,0.07898162,False,DATA_SUPPORTED_BUT_REVIEW_RECOMMENDED,LOW_SUPPORT | OBSERVED_CONFUSION,7,17
OTHER_UNKNOWN,FALHA DE CALIBRACAO,3,1,FALHA NA CALIBRAÇÃO || FALHA NA ALTO CALIBRAÇÃO GAZ RODOX BAIXO- ORDEM 30008626762 || FALHA NA ALTO CALIBRAÇÃO GAZ RODOX BAIXO,1.0,1.0,83,0.5783132530120482,0.4271235521235521,,True,False,FALHA DE CONTROLE DE PROCESSO,0.34276867,False,REQUIRES_SPECIALIST,LOW_SUPPORT | GENERIC_LABEL,7,17
OTHER_UNKNOWN,FALHA DE DRIVE,3,1,"CONV. DE FREQ. DO EMPURRADOR FALHA NO DRIVE || MOTOR PRINCIPAL EM FALHA, REALIZADA A TROCA DO DRIVE. || MOTOR PRINCIPAL EM FALHA. REALIZADA A TROCA DO DRIVE",0.0,0.0,83,0.5783132530120482,0.4271235521235521,,True,False,FALHA DE ACIONAMENTO DO EMPURRADOR,0.32278341,False,REQUIRES_SPECIALIST,LOW_SUPPORT | GENERIC_LABEL,7,17
OTHER_UNKNOWN,FALHA DE FACA,3,1,TROCA DA FACA || TROCA DA FACA DE CORTE || SUBSTITUIÇÃO DA FACA (3000852257),0.0,0.0,83,0.5783132530120482,0.4271235521235521,,True,False,QUEBRA DE SUPORTE,0.17518862,False,REQUIRES_SPECIALIST,LOW_SUPPORT | GENERIC_LABEL | OBSERVED_CONFUSION,7,17
OTHER_UNKNOWN,FALHA DE MEDIDOR,3,1,FALHA NO MEDIDOR (30008404383) || FALHA NO MEDIDOR DE PRESSÃO DO JATOS FINAIS || FALHA NO MEDIDOR DE PRESSÃO DOS JATOS FINAIS,1.0,1.0,83,0.5783132530120482,0.4271235521235521,,True,False,FALHA DE PRESSAO DOS JATOS,0.6187824,False,REQUIRES_SPECIALIST,LOW_SUPPORT | GENERIC_LABEL,7,17
OTHER_UNKNOWN,FALHA DE NOBREAK,3,1,"FALHA NOBREAK, FALTOU ENERGIA EQTO || FALHA NOBREAK ( ABASTECENDO A LAVADORA) || FALHA NO NO BREAK, FALHA NO MOTOR PRINCIPAL",1.0,1.0,83,0.5783132530120482,0.4271235521235521,,True,False,TRAVAMENTO DE GARRAFAS NA SAIDA DA LAVADORA,0.12821612,False,REQUIRES_SPECIALIST,LOW_SUPPORT | GENERIC_LABEL,7,17
OTHER_UNKNOWN,FALHA DE PLACA ELETRONICA,3,1,FALHA ELETRICA 30008418565 || QUEIMA DE PLACA || FALHA ELETRICA - QUEIMA PLACA,0.0,0.0,83,0.5783132530120482,0.4271235521235521,,False,True,CURTO CIRCUITO,0.30748793,False,DATA_SUPPORTED_BUT_REVIEW_RECOMMENDED,LOW_SUPPORT | OBSERVED_CONFUSION,7,17
OTHER_UNKNOWN,FALHA DE VEDACAO,3,1,TROCA DA VEDAÇÃO TUBULAÇÃO ETA || TROCA DA VEDAÇÃO DO CARBO || TROCA DE VEDAÇÃO DA TUBULAÇÃO DE BEBIDA.,1.0,1.0,83,0.5783132530120482,0.4271235521235521,,True,False,VAZAMENTO EM TUBULACAO,0.41491392,False,REQUIRES_SPECIALIST,LOW_SUPPORT | GENERIC_LABEL,7,17
OTHER_UNKNOWN,QUEBRA DE BRACO,3,2,QUEBROU BRAÇO DO EMPURADOR DE TAMPAS CSW || QUEBRA DO BRAÇO DE TORÇÃO DO MOTOREDUTOR TAG 223M1,0.0,0.0,83,0.5783132530120482,0.4271235521235521,,False,True,ENROSCO DE TAMPAS,0.21983245,False,DATA_SUPPORTED_BUT_REVIEW_RECOMMENDED,LOW_SUPPORT,7,17
OTHER_UNKNOWN,TRAVAMENTO DE ROLO DE COLA,3,3,ROLO DE TRANSFERÊNCIA DE COLA DO AGREGADO 2 TRAVANDO,0.0,0.0,83,0.5783132530120482,0.4271235521235521,,False,True,FALHA DE ROLAMENTO,0.39892271,False,DATA_SUPPORTED_BUT_REVIEW_RECOMMENDED,LOW_SUPPORT,7,17
OTHER_UNKNOWN,VAZAMENTO,3,1,"TUBULAÇÃO DE XAROPE COM VAZAMENTO || VAZAMENTO DE SODA NO TANQUE 2 30008310740 || VAZAMENTO DE AGUA NO FILTRO POLIDOR,GERANDO FALHA NOS JATOS FINAIS.",0.0,0.0,83,0.5783132530120482,0.4271235521235521,FALHA DE PRESSAO DOS JATOS:1,False,True,VAZAMENTO EM VALVULA,0.32665268,False,DATA_SUPPORTED_BUT_REVIEW_RECOMMENDED,LOW_SUPPORT | OBSERVED_CONFUSION,7,17
OTHER_UNKNOWN,DESARME DE EQUIPAMENTO,4,2,DESARMANDO SISTEMA ELETRICO DA MAQUINA || DESARME NA PALETIZADORA || DESARME DO SOPRADOR,0.0,0.0,83,0.5783132530120482,0.4271235521235521,,False,True,DESARME DE MOTOR,0.41563746,False,DATA_SUPPORTED_BUT_REVIEW_RECOMMENDED,LOW_SUPPORT | OBSERVED_CONFUSION,6,16
OTHER_UNKNOWN,FALHA DE ANALISADOR,4,4,FALHA NO ANALISADOR COBRIX,0.0,0.0,83,0.5783132530120482,0.4271235521235521,,True,False,FALHA NO DOSADOR DE NITROGENIO,0.10183723,False,REQUIRES_SPECIALIST,LOW_SUPPORT | GENERIC_LABEL,6,16
OTHER_UNKNOWN,FALHA DE EMPURRADOR,4,2,EMPURRADOR DE CAMADAS NÃO REALIZA CICLO AUTOMATICO E NÃO RESPONDE AS FUNÇÕES MANUAIS. ORDEM- 30008219052 || FALHA NO EMPURRADOR DE CAMADAS NA GAIOLA || FALHA NO EMPURRADOR,1.0,1.0,83,0.5783132530120482,0.4271235521235521,,True,False,FALHA DE ACIONAMENTO DO EMPURRADOR,0.29930502,False,REQUIRES_SPECIALIST,LOW_SUPPORT | GENERIC_LABEL,6,16
OTHER_UNKNOWN,FALHA DE PINO,4,2,PINO DE SEPARAÇÃO ESTÁ COM JOGO || PINO GUIA DO COMPACTADOR DE CAMADAS ESTAVAM SOLTOS (30008559630) || PINO DE SEPARAÇÃO SOLTO TOMBANDO GARRAFAS 30008703883,1.0,1.0,83,0.5783132530120482,0.4271235521235521,,True,False,TRAVAMENTO DE PINO DE SEPARACAO,0.42014378,False,REQUIRES_SPECIALIST,LOW_SUPPORT | GENERIC_LABEL,6,16
OTHER_UNKNOWN,FALHA NO ENVIO DE BEBIDA,4,2,FALHA EM PUXAR BEBIDA || ENCHEDORA VELOCIDADE REDUZIDA DEVIDO FALTA DE BEBIDA || ENCHEDORA SAINDO DO PASSO 10 DE PRODUÇAO E VOLTANDO PARA O PASSO 8 FAL MINIMA DE BEBIDA NA ENCHEDORA CAUSANDO FALHA,1.0,1.0,83,0.5783132530120482,0.4271235521235521,,False,True,FALHA DE ALIMENTACAO DE PALETES,0.24787465,False,DATA_SUPPORTED_BUT_REVIEW_RECOMMENDED,LOW_SUPPORT,6,16
OTHER_UNKNOWN,FALHA NO SISTEMA DE CORTE,4,2,"CSW EM FALHA, ORDEM : 30008450147 || FALHA DE SINCRONISMO NA CSW || FALHA NO RECUO DO PISTAÕ DO TRANSPORTE DE TAMPA DA CSW",0.0,0.0,83,0.5783132530120482,0.4271235521235521,,False,True,QUEBRA DE BRACO,0.14250275,False,DATA_SUPPORTED_BUT_REVIEW_RECOMMENDED,LOW_SUPPORT | OBSERVED_CONFUSION,6,16
OTHER_UNKNOWN,FALHA TROCADOR DE CALOR,4,2,"FALHA NO TROCADOR DE CALOR 30008856440 || FALHA NO TROCADOR DE CALOR || FALHA NO TROCADOR DE CALOR, OCASIONANDO FALTA DE BEBIDA NA ENCHEDORA",0.0,0.0,83,0.5783132530120482,0.4271235521235521,,False,True,FALHA NO ENVIO DE BEBIDA,0.18156131,False,DATA_SUPPORTED_BUT_REVIEW_RECOMMENDED,LOW_SUPPORT,6,16
OTHER_UNKNOWN,TOMBAMENTO DE RECIPIENTES,4,2,ESTRELA DE SAIDA DA ENCHEDORA CAUSANDO TOMBAMENTO NAS GARRAFAS || ESTRELA DE SAIDA DA ENCHEDORA CAUSANDO TOMBAMENTO DAS GARRAFAS || LATA TOMBANDO NO TRANSPOTE,0.0,0.0,83,0.5783132530120482,0.4271235521235521,,False,True,ENROSCO DE GARRAFAS,0.38852835,False,DATA_SUPPORTED_BUT_REVIEW_RECOMMENDED,LOW_SUPPORT | OBSERVED_CONFUSION,6,16
OTHER_UNKNOWN,FALHA DE MISTURA,5,1,"FALHA NO MIXER || FALHAVÃLVULA DE TUBULAÇÃO NA ENTRADA DE BEBIDA NO MIXER, OCASIONANDO VAZAMENTO DE BEBIDAS ORDEM: 30008450138 || ATRASO NO CIP DURANTE 5 ETAPAS CCKSZ - FALHA NO MIXER",0.0,0.0,83,0.5783132530120482,0.4271235521235521,FALHA DE MIXER:1,True,False,VAZAMENTO EM TUBULACAO,0.35842454,False,REQUIRES_SPECIALIST,LOW_SUPPORT | GENERIC_LABEL | OBSERVED_CONFUSION,5,15
OTHER_UNKNOWN,FALHA DE PARAMETRIZACAO,5,3,FALHA NA PROGRAMAÇÃO PHM - ORDEM: 30008463550 || AJUSTES DE PARAMETROS (30008688147) || OFF ZERADO,1.0,1.0,83,0.5783132530120482,0.4271235521235521,,True,False,FALHA DE PARAMETRIZACAO DO REJEITO,0.27119586,False,REQUIRES_SPECIALIST,LOW_SUPPORT | GENERIC_LABEL,5,15
OTHER_UNKNOWN,FALHA DE PRESSURIZACAO,5,5,IDENTIFICADA AUTOLIBERAÇÃO DE PRESSÃO NO EQUIPAMENTO - ORDEM 30008310669,0.0,0.0,83,0.5783132530120482,0.4271235521235521,,True,False,ESTABILIDADE DE EQUIPAMENTO,0.15231815,False,REQUIRES_SPECIALIST,LOW_SUPPORT | GENERIC_LABEL,5,15
OTHER_UNKNOWN,FALHA DE TULIPA,5,3,"TROCA DA TULIPA N* 30 FOI TROCADA . ORDEM 30008500560 || TROCA DE TULIPA RASGADA || FALHANA PEGA DE GARRAFAS DEVIDO TULIPA FURADA, REALIZADA A TROCA",1.0,1.0,83,0.5783132530120482,0.4271235521235521,,True,False,FALHA DE FIXACAO DA TULIPA,0.37504399,False,REQUIRES_SPECIALIST,LOW_SUPPORT | GENERIC_LABEL,5,15
OTHER_UNKNOWN,FALHA NO BOTAO RESET,5,3,FALHA NO BOTÂO DE RESET DO LINATRONIC || FALHA NO BOTÃO DO RESET DO LINATRONIC 11309325 || FALHA NO BOTÃO DE RESET 30008520288,1.0,1.0,83,0.5783132530120482,0.4271235521235521,,False,True,FALHA DE TRANSPORTE,0.11649516,False,DATA_SUPPORTED_BUT_REVIEW_RECOMMENDED,LOW_SUPPORT,5,15
OTHER_UNKNOWN,QUEIMA DE FILAMENTO,5,3,QUEIMOU O FILAMENTO 30008241847 || QUEIMOU O FILAMENTO( TROCA DO FILAMENTO ) || QUEIMA DO FILAMENTO,1.0,1.0,83,0.5783132530120482,0.4271235521235521,,False,True,FALHA DE ROLAMENTO,0.14399855,False,DATA_SUPPORTED_BUT_REVIEW_RECOMMENDED,LOW_SUPPORT,5,15
OTHER_UNKNOWN,TRAVAMENTO DO SISTEMA DE COMPACTACAO,5,3,COMPACTADOR DE CAMADAS TRAVADO || CENTRAL DO FECHA CAMADA TRAVOU NOTA - 30008257113 || TRAVAMENTO DO BRAÇO DA PRANCHA,1.0,1.0,83,0.5783132530120482,0.4271235521235521,,False,True,FALHA DE COMPACTACAO DE CAMADA,0.33857012,False,DATA_SUPPORTED_BUT_REVIEW_RECOMMENDED,LOW_SUPPORT,5,15
OTHER_UNKNOWN,DESLIGAMENTO INDEVIDO DO EQUIPAMENTO,6,4,EQUIPAMENTO DESLIGOU SEM GERAR ALARME (30008267903) || EQUIPAMENTO SE DESLIGANDO SEM APRESENTAR FALHA OU ALARME SONORO || EQUIPAMENTO DELIGANDO SEM APRESENTAR FALHA OU ALERTA SONORO,1.0,1.0,83,0.5783132530120482,0.4271235521235521,,False,True,ESTABILIDADE DE EQUIPAMENTO,0.20957528,False,DATA_SUPPORTED_BUT_REVIEW_RECOMMENDED,LOW_SUPPORT,4,14
OTHER_UNKNOWN,FALHA DE MODULO,6,3,"FALHA NO MÓDULO DA SIEMENS,QUEDA DO SISTEMA, FALHA DO CONDICIONADOR || FALHA NO MÓDULO DA SIEMENS,QUEDA DO SISTEMA, FALHA DO CONDICIONADOR (30008344310) || FALHA NO MOPDULO, CAUSANDO PERDA DO CICLO AUTOMATICO NOTA 30008347294",1.0,1.0,83,0.5783132530120482,0.4271235521235521,,True,False,FALHA NO SISTEMA DE INSERCAO DE FALSA GARRAFA,0.1073015,False,REQUIRES_SPECIALIST,LOW_SUPPORT | GENERIC_LABEL,4,14
OTHER_UNKNOWN,FALHA DE PENTE DE TRANSFERENCIA,6,4,TROCA DE PENTE DE TRANSFERENCIA / QUEDA DE GFS / ORDEM Nº30008219076 || QUEBRA DO PENTE DE PASSAGEM NOTA 30008321693 || QUEBRA DO PENTE DE TRANSFERÊNCIA DA ESTEIRA,1.0,1.0,83,0.5783132530120482,0.4271235521235521,,False,True,TRAVAMENTO DE ROLO DE COLA,0.29920331,False,DATA_SUPPORTED_BUT_REVIEW_RECOMMENDED,LOW_SUPPORT,4,14
OTHER_UNKNOWN,FALHA DE PRESSAO DOS JATOS,6,4,PRESSAO BAIXA DOS JATOS FINAIS || PRESSAO DOS JATOS FINAIS BAIXO || PRESSÃO BAIXA JATO FINAIS.,1.0,0.5,83,0.5783132530120482,0.4271235521235521,,False,True,FALHA DE MEDIDOR,0.6187824,False,DATA_SUPPORTED_BUT_REVIEW_RECOMMENDED,LOW_SUPPORT,4,14
OTHER_UNKNOWN,FALHA DE TWISTER,6,4,TWISTER DE SAIDA DA FILTEC SEGURANDO LATA/DERRUBANDO || TWISTER DE SAIDA DA ENCHEDORA DERRUBANDO/SEGURANDO LATAS NA PARTIDA || TWISTER DE SAIDA DA FILTEC DERRUBANDO LATAS PARA A ENTRADA DA EMPACOTADORA,0.0,0.0,83,0.5783132530120482,0.4271235521235521,,True,False,ENROSCO DE LATAS,0.30184624,False,REQUIRES_SPECIALIST,LOW_SUPPORT | GENERIC_LABEL | OBSERVED_CONFUSION,4,14
OTHER_UNKNOWN,DESALINHAMENTO DE AGREGADO,7,5,"TANGÊNCIAMAENTO AGREGADO 2 (30008240226) || TANGENCIAMENTO E AJUSTE NO CASTELO || ENROSCO DE ROTULO, ( FOI FEITO TANGENCIAMENTO)",0.0,0.0,83,0.5783132530120482,0.4271235521235521,,False,True,FALHA DE TANGENCIAMENTO,0.50730264,False,DATA_SUPPORTED_BUT_REVIEW_RECOMMENDED,LOW_SUPPORT | OBSERVED_CONFUSION,3,13
OTHER_UNKNOWN,FALHA DE ABA CONICA,7,5,ABA CÔNICA DANIFICADA || ABA CONICA DANIFICADA || NIVEL BAIXO / TROCA DE ABA CONICA,1.0,0.6666666666666666,83,0.5783132530120482,0.4271235521235521,,False,True,QUEBRA NO EIXO DA TAMPA DO ARROLHADOR,0.17113128,False,DATA_SUPPORTED_BUT_REVIEW_RECOMMENDED,LOW_SUPPORT,3,13
OTHER_UNKNOWN,FALHA DE ELAU,7,5,FALHA DE ELAU E EQUIPAMENTO FORA DE SICRONISMO ORDEM: 30008362079 || MAX4 ELAU FALHA ( MC4 ERRO NA ENCHEDORA ) || MAX4 ELAU FALHA ( MC4 ERRO NA ENCHEDORA ) - ORDEM 30008540865,1.0,1.0,83,0.5783132530120482,0.4271235521235521,,True,False,FALHA DE SINCRONISMO,0.33982122,False,REQUIRES_SPECIALIST,LOW_SUPPORT | GENERIC_LABEL,3,13
OTHER_UNKNOWN,FALHA DE FREIO,7,5,PARAFUSO DO FREIO DE CAIXAS ESCAPOU ( ORDEM 30008231453 ) || FREIO DA BORBOLETE (NOTA 30008398373 ) || FREIO NÃO ACIONADO,1.0,0.6666666666666666,83,0.5783132530120482,0.4271235521235521,,True,False,FALHA DE ACOPLAMENTO,0.28723761,False,REQUIRES_SPECIALIST,LOW_SUPPORT | GENERIC_LABEL,3,13
OTHER_UNKNOWN,VAZAMENTO EM COLETOR,7,5,"VAZAMENTO DO COLETOR,GERANDO PERDA DE PRESSÃO E PARADA || FALHA DE PRESSURIZAÇÃO (COLETOR VAZANDO) || FALHA DE PRESSURIZAÇÃO (VAZAMENTO DO COLETOR )",1.0,1.0,83,0.5783132530120482,0.4271235521235521,,False,True,VAZAMENTO NO COLETOR COM GAS BAIXO,0.45052683,False,DATA_SUPPORTED_BUT_REVIEW_RECOMMENDED,LOW_SUPPORT,3,13
OTHER_UNKNOWN,FALHA DE BAILARINA,8,5,FALHA DE SINAL DE ENTRADA ANÁLOGA ADMISSÍVEL ( BAILARINA SOBE E NÃO DESCE) || FALHA NA MODULAÇÃO DO FREIO DA BAILARINA 30008425208 || FALHA NA MODULAÇÃO DO FREIO DA BAILARINA,1.0,1.0,83,0.5783132530120482,0.4271235521235521,,True,False,QUEBRA DE PARAFUSO,0.13027255,False,REQUIRES_SPECIALIST,LOW_SUPPORT | GENERIC_LABEL,2,12
OTHER_UNKNOWN,FALHA DE VACUO,8,6,FALHA DE FALTA DE VACUO NA ESTEIRA DA PRESSCO NOTA (30008302284) || FALHA DE VACUO (30008401189) || FALHA DE VACUO,1.0,1.0,83,0.5783132530120482,0.4271235521235521,,True,False,ROMPIMENTO DE MANGUEIRA,0.34247071,False,REQUIRES_SPECIALIST,LOW_SUPPORT | GENERIC_LABEL,2,12
OTHER_UNKNOWN,VELOCIDADE REDUZIDA SEM CAUSA IDENTIFICADA,8,6,"VELOCIDADE REDUZIDA || VELOCIDADE BAIXA || RODANDO VELOCIDADE BAIXA, DEVIDO CARACOL SUPERIOR NA ENTRADA ESTRELA DO CAPSULADOR DANIFICADO",0.0,0.0,83,0.5783132530120482,0.4271235521235521,,False,True,COLAPSO DE LATAS,0.48793805,False,DATA_SUPPORTED_BUT_REVIEW_RECOMMENDED,LOW_SUPPORT | OBSERVED_CONFUSION,2,12
OTHER_UNKNOWN,FALHA DE FONTE DE ALIMENTACAO,9,8,FALHA EM FONTE DE ALTA TENSÃO || FONTE DE ALIMENTAÇÃO 24VCC DANIFICADA APENAS 18VCC NA SAIDA DA FONTE NOTA30008576775,1.0,1.0,83,0.5783132530120482,0.4271235521235521,,False,True,FALHA DE MANGUEIRA DE ALTA PRESSAO,0.16323082,False,DATA_SUPPORTED_BUT_REVIEW_RECOMMENDED,LOW_SUPPORT,1,11
OTHER_UNKNOWN,FALHA DE MOLA,9,7,"BOCAL NUMERO 12 SOLTANDO A TAMPA, FOI IDENTIFICADO QUE A MOLA ESTA DANIFICADA. ORDEM- 30008219041 || QUEBROU A MOLA DO BOCAL NUMERO 1 , NOTA 30008239262 || QUEBRA DA MOLA DO PINO EXPULSOR DE TAMPA, CABEÇOTE QUATORZE ( ORDEM 30008240208 )",1.0,1.0,83,0.5783132530120482,0.4271235521235521,,True,False,QUEBRA DE COMPONENTE,0.19980155,False,REQUIRES_SPECIALIST,LOW_SUPPORT | GENERIC_LABEL,1,11
OTHER_UNKNOWN,FALHA DE SUPRIMENTO DE AR COMPRIMIDO,9,7,FALHA NO SISTEMA DE AR COMPRIMIDO DA MAQUINA 30008301493 || PALETIZADORA DESARMANDO POR FALTA DE AR || PALETIZADORA DESARMANDO POR FALTA DE AR 30008337275,1.0,1.0,83,0.5783132530120482,0.4271235521235521,,False,True,DESARME PALETIZADORA,0.28543639,False,DATA_SUPPORTED_BUT_REVIEW_RECOMMENDED,LOW_SUPPORT,1,11
OTHER_UNKNOWN,FALHA NA REFRIGERACAO DE FUNDO,9,7,FALHA NO SISTEMA DE REFRIGERACAO DE FUNDO DA GARRAFA || FALHA NA REFRIGERACAO DE FUNDO DA GARRAFA || FALHA NO SISTEMA REFRIGERACAO DE FUNDO DA GARRAFA,1.0,1.0,83,0.5783132530120482,0.4271235521235521,,False,True,QUEDA DE GARRAFAS,0.33481291,False,DATA_SUPPORTED_BUT_REVIEW_RECOMMENDED,LOW_SUPPORT,1,11
OTHER_UNKNOWN,CURTO CIRCUITO,11,9,CURTO NO FIO DA CAIXA DA SAIDA DE PACOTES PARANDO AS DUAS ESTEIRA 30008291570 || CURTO NO FIO DA CAIXA DA SAIDA DE PACOTES PARANDO AS DUAS ESTEIRA || FALHA ELÉTRICA - CURTO NA REDE,0.0,0.0,83,0.5783132530120482,0.4271235521235521,,False,True,FALHA DE PLACA ELETRONICA,0.30748793,False,DATA_SUPPORTED_BUT_REVIEW_RECOMMENDED,OBSERVED_CONFUSION,0,9
OTHER_UNKNOWN,DESALINHAMENTO MECANICO,11,7,TRANSPORTE DE CAIXAS DA CUVA DA PALETIZADORA SAIU FORA DE POSIÇÃO || SOLTANDO CAMADAS FORA DE POSIÇÃO / 30008349255 || TRANSPORTE DE SAIDA DA ENCAIXOTADORA SAIU FORA DE POSIÇÃO,0.0,0.0,83,0.5783132530120482,0.4271235521235521,FALHA DE ABA CONICA:1 | SEM MODO DE FALHA IDENTIFICADO:1,False,True,DESALINHAMENTO DE PALETE,0.48851967,True,DATA_SUPPORTED_BUT_REVIEW_RECOMMENDED,LOW_SEPARABILITY | OBSERVED_CONFUSION,0,9
OTHER_UNKNOWN,FALHA NO CORTE DE TUBETES,11,8,"FALHA NO SISTEMA DE CORTE || FALHA NO SISTEMA DE CORTE, SEGURANDO TUBETE SEM CORTAR || FALHA NO CORTE DE TUBETES, NECESSARIO RESET GERAL DA CSW",0.0,0.0,83,0.5783132530120482,0.4271235521235521,,False,True,ROMPIMENTO DE TUBETE,0.4614279,False,DATA_SUPPORTED_BUT_REVIEW_RECOMMENDED,OBSERVED_CONFUSION,0,9
OTHER_UNKNOWN,FALHA DE CONTAGEM,12,8,PERDA NA CONTAGEM .OBS.É FEITO O RESETE ATE O MANIPULADOR VOLTAR AO NORMAL. || PALETIZADORA PERDEU A CONTAGEM || FALHA DE SINCRONISMO CONTAGEM DE PENTES COM FALTA DE DOIS PENTES.ORDEM.30008369447.,0.5,0.6666666666666666,83,0.5783132530120482,0.4271235521235521,,True,False,ENROSCO DE PACOTES,0.25484189,False,REQUIRES_SPECIALIST,GENERIC_LABEL | OBSERVED_CONFUSION,0,8
OTHER_UNKNOWN,FALHA DE MANDRIL,13,9,MANDRIL PARANDO FORA DE POSIÇÃO || FALHA NO MANDRIL 1 ORDEM 30008404404 || MANDRIL TRAVANDO FOI AJUSTADO O BAR DO AR,1.0,1.0,83,0.5783132530120482,0.4271235521235521,,True,False,FALSA RECRAVACAO,0.355147,False,REQUIRES_SPECIALIST,GENERIC_LABEL,0,7
OTHER_UNKNOWN,QUEBRA DE PARAFUSO,13,8,"QUEBRA PARAFUSO DO FREIO NA ENCAIXATADORA ORDEM: 13126307 || QUEBRA DO PARAFUSO DO PRENSADOR DE CAMADA, IMPEDINDO A PRANCHA DE CONCLUIR O CICLO - ORDEM 30008316236 || QUEBRA DO PARAFUSO DO PRENSADOR DE CAMADA, IMPEDINDO A PRANCHA DE CONCLUIR O CICLO - ORDEM 300083162",0.5,0.6666666666666666,83,0.5783132530120482,0.4271235521235521,FALHA DE FREIO:1,False,True,FALHA DE FIXACAO,0.48132941,False,DATA_SUPPORTED_BUT_REVIEW_RECOMMENDED,LOW_SEPARABILITY | OBSERVED_CONFUSION,0,7
OTHER_UNKNOWN,PERDA DE REFERENCIA,14,9,"PERDA NA CONTAGEM, MASTERIZAÇÃO DO EQUIPAMENTO E RESET || CONECTOR DE ALIMENTAÇÃO EM FALHA, MAL CONTATO 30008310508 / MASTERIZAÇÃO DO EQUIPAMENTO E LIBERADO || FALHA NA MASTERIZAÇÃO ,ELÉTRICA.",1.0,0.8571428571428571,83,0.5783132530120482,0.4271235521235521,,False,True,FALHA DE CARTAO MESTRE,0.21072587,False,DATA_SUPPORTED_BUT_REVIEW_RECOMMENDED,NO_STRONG_DATA_SIGNAL,0,6
OTHER_UNKNOWN,ESPUMAMENTO DE BEBIDA,19,13,"BEBIDA ESPUMANDO, FEITO ALTERAÇÕES NOS PARAMETROS DE ENCHIMENTO E NA PRESSÃO DO TANQUE CARBO. ORDEM- 30008272308 || BEBIDA ESPUMANDO, OCASIONANDO EM EXCESSO DE NIVEL BAIXO DURANTE O ENCHIMENTO 30008272708 || BEBIDA ESPUMANDO (ORDEM: 30008294289)",1.0,1.0,83,0.5783132530120482,0.4271235521235521,,False,True,FALHA DE ENCHIMENTO,0.2539776,False,DATA_SUPPORTED_BUT_REVIEW_RECOMMENDED,NO_STRONG_DATA_SIGNAL,0,1
OTHER_UNKNOWN,QUEBRA DE COMPONENTE,25,18,"REALIZADA A TROCA DA PEÇA “BINÓCULO” DA ENCHEDORA DEVIDO À QUEBRA - ORDEM 30008310668 || ROMPEU O REPARO DE ENTRADA DE AGUA PARA TANQUES DE SODA ORDEM: 30008322194 || MALHA DANIFICADA, OCASIONANDO A QUEBRA LACRE DE TAMPA, FOI REALIZADO A TROCA DE MALHA ORDEM: 30008337101",0.0,0.0,83,0.5783132530120482,0.4271235521235521,,False,True,QUEBRA DE ESTEIRA,0.39675957,True,DATA_SUPPORTED_BUT_REVIEW_RECOMMENDED,LOW_SEPARABILITY | OBSERVED_CONFUSION,0,0
OTHER_UNKNOWN,FALHA DE FIXACAO,28,20,"PARAFUSO DA TAMPA DA CANALETADE DESCIDA SOLTO, OCASIONANDO ENTRADA DE 2 TAMPAS NO CANAL . OBS ORDEM ;30008229769 || QUEDA DO PARAFUSO DO STOPER DE CAIXAS 30008229600 || PARAFUSO DO SUPORTE DO CONTRA PINO SOLTOU 30008235634",0.75,0.8571428571428571,83,0.5783132530120482,0.4271235521235521,,True,False,QUEBRA DE PARAFUSO,0.48132941,True,REQUIRES_SPECIALIST,LOW_SEPARABILITY | GENERIC_LABEL | OBSERVED_CONFUSION,0,0
OTHER_UNKNOWN,SEM MODO DE FALHA IDENTIFICADO,100,69,"DUAS LATAS TESTE NAO SENDO REJEITADAS, FEITO AJUSTE PELA MANUTENÇÃO || AR PREVIO ACIONANDO 41 E 42 E ENCHENDO A CABEÇA SEMPRE QUE TEM ALGUMA PARADA DE LINHA, AJUSTE NIVEL DO RECIPIENTE 30008163048 || VALIDAÇÃO NA ESTRELA DE TRANSFERENCIA DE GARRAFA",0.4375,0.5,83,0.5783132530120482,0.4271235521235521,,False,True,QUEDA DE GARRAFAS,0.29540631,True,DATA_SUPPORTED_BUT_REVIEW_RECOMMENDED,LOW_SEPARABILITY | OBSERVED_CONFUSION,0,0
ROTULO,FALHA DE EXTRACAO DE ROTULOS,1,1,"FALHA EXTRAÇÃO DE RÓTULOS, EXCESSO GERANDO PARADA LINATRONIC",0.0,0.0,8,0.25,0.1481481481481481,,False,True,EXCESSO DE GARRAFA COM ROTULO,0.37167633,False,REQUIRES_SPECIALIST,LOW_SUPPORT,9,19
ROTULO,FALHA DO TENSOR DE ROTULOS,1,1,FALHA NYLON DO TENSOR DE ROTULOS DO AGREGADO 2 ORDEM: 30008219040,0.0,0.0,8,0.25,0.1481481481481481,,False,True,FALHA NA TROCA DE BANDEJA,0.32630879,False,REQUIRES_SPECIALIST,LOW_SUPPORT,9,19
ROTULO,FALHA DE SECAGEM DE ROTULO,2,2,FALHA TUNEL SECAGEM DE ROTULOS NA ENTRADA DA ROTULADORA,0.0,0.0,8,0.25,0.1481481481481481,,False,True,FALHA DE ROTULAGEM,0.39360517,False,REQUIRES_SPECIALIST,LOW_SUPPORT,8,18
ROTULO,ENROSCO DE ROTULOS,16,10,"ENROSCO DE ROTULO ( CASTELO DANIFICADO ) || ENROSCO DE ROTULO || ENROSCO DE ROTULOS DO AGREGADO 1, AS ESPONJAS ANTIGAS NÃO ESTAVA ABSORVENDO A AGUA, FOI NECESSARIO AUMENTAR UM VOLUME DA AGUA",0.0,0.0,8,0.25,0.1481481481481481,FALHA DE ROTULAGEM:3,False,True,FALHA DE TERMOSTATO,0.50871015,False,DATA_SUPPORTED_BUT_REVIEW_RECOMMENDED,OBSERVED_CONFUSION,0,4
ROTULO,FALHA DE ROTULAGEM,20,12,AJUSTE NO SINCRONISMO DA ESTRELA DE TRANSFERENCIA ROTULADORA/ENCHEDORA NOTA N°30008248232 || FALHA NA TROCA DE ROTULOS PARA ESPONJA TROCA DE HASTE 30008367061 || FALHA AUTOMAÇÃO NO TRANSPORTE NA ENTRADA DA ROTULADORA,0.5,0.4,8,0.25,0.1481481481481481,ENROSCO DE ROTULOS:2,True,False,ENROSCO DE ROTULOS,0.48210573,True,REQUIRES_SPECIALIST,LOW_SEPARABILITY | GENERIC_LABEL | OBSERVED_CONFUSION,0,0
