row_id,observation,expected_label,expected_family,train_support,test_support,flat_rank,reranker_rank,flat_top1,flat_top2,flat_top3,flat_top4,flat_top5,reranker_top1,reranker_top2,reranker_top3,reranker_top4,reranker_top5,expected_flat_score,expected_reranker_score,top3_boundary_score,expected_score_gap_to_top3,family_match,component_match,mechanism_match,label_token_overlap,observation_label_overlap,centroid_similarity,neighbor_similarity,prototype_similarity,support_feature,rarity_bucket,persistent_confusion,taxonomy_status,other_unknown,reranker_helped,reranker_hurt,recovery_class,diagnostic_reason
1376,VELOCIDADE BAIXA,VELOCIDADE REDUZIDA SEM CAUSA IDENTIFICADA,OTHER_UNKNOWN,6,1,6,4,FALHA DE VELOCIDADE DO TRANSPORTE,AMASSAMENTO DE LATAS,ESPUMAMENTO DE BEBIDA,BAIXA VELOCIDADE DE ESTEIRA,FALHA NA DESCIDA DE TAMPAS,FALHA DE VELOCIDADE DO TRANSPORTE,AMASSAMENTO DE LATAS,FALHA DE SINCRONISMO,VELOCIDADE REDUZIDA SEM CAUSA IDENTIFICADA,BAIXA VELOCIDADE DE ESTEIRA,-0.8212703018,0.3424755741,0.3450857498,0.0026101757,False,False,False,0.1666666667,0.2045454545,0.3929598331,0.3929598331,0.2389591038,1.9459101491,6-10,True,REVIEW,True,True,False,LIKELY_TAXONOMY_PROBLEM,flat_rank=6; reranker_rank=4; gap_to_top3=0.002610; support=6; strong_taxonomy_signal
311,ENROSCO NA RETIRADA DO QUADRO (ROMPIMENTO DO CABO DE ALIMENTAÇÃO DA BOBINA QUE ACIONA OS PISTÕES DE RETIRADA DO QUADRO(30008265417),ROMPIMENTO DE FILME,FILME,19,3,3,4,FALHA NO MANUSEIO DE CARTAO,ENROSCO DE CARTAO QUADRO,ROMPIMENTO DE FILME,FALHA DE ALIMENTACAO ELETRICA,ENROSCO DE LATAS,FALHA NO MANUSEIO DE CARTAO,ENROSCO DE CARTAO QUADRO,ENROSCO DE LATAS,ROMPIMENTO DE FILME,QUEBRA DE COMPONENTE,-0.9240553175,0.2846308796,0.2887287614,0.0040978818,False,False,True,0.0588235294,0.12,0.1118846536,0.0987854302,0.1724215597,2.9957322736,11-20,True,REVIEW,False,False,True,EASY_RERANK_RECOVERY,flat_rank=3; reranker_rank=4; gap_to_top3=0.004098; support=19; strong_taxonomy_signal
776,FALTA DE TAMPA NA TOLVA / VIBRADOR EM FALHA,FALHA DE ALIMENTACAO DE TAMPAS,TAMPA,16,4,4,4,FALHA DE VIBRADOR,FALHA DE TAMPAMENTO,ENROSCO DE TAMPAS,FALHA DE ALIMENTACAO DE TAMPAS,FALHA DE TRANSPORTE,FALHA DE VIBRADOR,ENROSCO DE TAMPAS,FALHA DE TAMPAMENTO,FALHA DE ALIMENTACAO DE TAMPAS,FALHA DE TRANSPORTE,-0.726400389,0.5304947179,0.5359500947,0.0054553768,False,False,True,0.1,0.2075471698,0.2653236091,0.1813852489,0.0987943336,2.8332133441,11-20,True,REVIEW,False,False,False,LIKELY_TAXONOMY_PROBLEM,flat_rank=4; reranker_rank=4; gap_to_top3=0.005455; support=16; strong_taxonomy_signal
1952,"LATA SENDO REJEITADA E CAINDO NA REJEIÇÃO, ENROSCANDO NO TRANSPORTE E FALNTANDO LATA PARA ENCHEDORA",ENROSCO DE LATAS,LATA,18,4,3,4,FALHA DE REJEICAO,FALHA DE VELOCIDADE DO TRANSPORTE,ENROSCO DE LATAS,TRAVAMENTO DE TRANSPORTE,FALHA DE LEITURA,FALHA DE REJEICAO,TRAVAMENTO DE TRANSPORTE,FALHA DE VELOCIDADE DO TRANSPORTE,ENROSCO DE LATAS,ENROSCO DE TAMPAS,-0.7947680959,0.4642245365,0.4747335949,0.0105090584,False,False,False,0.0,0.0823529412,0.2496282011,0.2090055645,0.1171634123,2.9444389792,11-20,True,REVIEW,False,False,True,EASY_RERANK_RECOVERY,flat_rank=3; reranker_rank=4; gap_to_top3=0.010509; support=18
1737,"CABO ROMPIDO NA PORTA DE ENTRADA DA DESPALETIZADORA, NAO ACIONANDO A LIBERAÇÃO DE PALETES",QUEBRA DE COMPONENTE,OTHER_UNKNOWN,18,4,1,4,QUEBRA DE COMPONENTE,FALHA DE PORTA DE SEGURANCA,FALHA DE ENVOLVIMENTO,FALHA DE ENCODER,FALSO ALARME DE REJEITO OBSTRUIDO,FALHA DE PORTA DE SEGURANCA,FALHA DE SENSOR,FALHA DE ENVOLVIMENTO,QUEBRA DE COMPONENTE,FALHA DE CABO DE SEGURANCA,-0.6728223916,0.73195204,0.7488959409,0.0169439009,False,False,False,0.0,0.0705882353,0.1371724308,0.041403424,0.0164606161,2.9444389792,11-20,True,REVIEW,True,False,True,EASY_RERANK_RECOVERY,flat_rank=1; reranker_rank=4; gap_to_top3=0.016944; support=18; strong_taxonomy_signal
3707,PARADA NO CHUTADOR DO INSPETOR DE NIVEL 30008792217,FALHA DE REJEICAO,REJEICAO,69,11,3,4,FALHA DE INSPECAO,FALHA DE ENCHIMENTO,FALHA DE REJEICAO,ERRO DE COMUNICACAO,FALHA DE CARBONATACAO,FALHA DE INSPECAO,FALHA DE SENSOR,FALHA DE ENCHIMENTO,FALHA DE REJEICAO,FALHA DE COMUNICACAO,-0.9055734303,0.2865690096,0.3261254387,0.039556429,False,False,False,0.0,0.0333333333,0.0827286243,0.0142366905,0.0076396749,4.248495242,>20,True,REVIEW,False,False,True,EASY_RERANK_RECOVERY,flat_rank=3; reranker_rank=4; gap_to_top3=0.039556; support=69; strong_taxonomy_signal
224,RECUPERAÇÃO DE ENVASE DEVIDO PARADA DO ENOS FALHA CRITICA RUIDO AUTO CANAL 1 ( 30008257602 ),FALHA DE INSPECAO,INSPECAO,71,13,7,4,FALHA DE CONTROLE DE PROCESSO,FALHA DE ROTULAGEM,FALSO ALARME DE REJEITO OBSTRUIDO,FALHA DE AUTOMACAO,FALHA DE MOTOR,FALHA DE CONTROLE DE PROCESSO,FALHA DE SENSOR,FALHA DE MOTOR,FALHA DE INSPECAO,FALHA DE RECRAVACAO,-0.949838926,0.5429507221,0.5855021893,0.0425514672,False,False,True,0.0666666667,0.0909090909,0.0823543221,0.0424415283,0.0361781679,4.276666119,>20,True,REVIEW,False,True,False,LIKELY_TAXONOMY_PROBLEM,flat_rank=7; reranker_rank=4; gap_to_top3=0.042551; support=71; strong_taxonomy_signal
2453,"QUEBRA DO GUIA DE SEPARAÇÃO DE GARRAFAS DE ENTRADA DA EMPACOTADORA , NOTA 30008583428",FALHA DE GUIA,GUIA,13,3,6,4,QUEBRA DE PARAFUSO,ENROSCO DE GARRAFAS,QUEDA DE GARRAFAS,QUEBRA DE TRANSPORTE,QUEBRA DE ESTEIRA,ENROSCO DE GARRAFAS,QUEDA DE GARRAFAS,QUEBRA DE PARAFUSO,FALHA DE GUIA,QUEBRA DE ESTEIRA,-0.8971761838,0.4994848222,0.556590496,0.0571056737,False,True,False,0.0833333333,0.0921052632,0.2982465327,0.2387109101,0.2152454257,2.6390573296,11-20,True,REVIEW,False,True,False,LIKELY_TAXONOMY_PROBLEM,flat_rank=6; reranker_rank=4; gap_to_top3=0.057106; support=13; strong_taxonomy_signal
167,FALHA NO TRANSPORTE DE PALETES 8241859,FALHA DE TRANSPORTE DE PALETES,PALETE,1,1,5,4,FALHA DE TRANSPORTE DE LATAS,FALHA DE TRANSPORTE DE PACOTES,FALHA DE BARREIRA,FALHA DE ACUMULO NO TRANSPORTE,FALHA DE TRANSPORTE DE PALETES,FALHA DE TRANSPORTE DE PACOTES,FALHA DE BARREIRA,TRAVAMENTO DE TRANSPORTE,FALHA DE TRANSPORTE DE PALETES,FALHA DE INVERSOR,-0.8672244227,0.7576945067,0.8395735492,0.0818790425,False,False,True,0.5,0.6315789474,0.354313463,0.354313463,0.6927565932,0.6931471806,1,True,REVIEW,False,True,False,LIKELY_DATA_PROBLEM,flat_rank=5; reranker_rank=4; gap_to_top3=0.081879; support=1
586,"FALTA DE GUIA CAUSANDO QUEDA DE LATA, FOI COLOCADO UM GUIA PROVISÓRIA PORÉM MÓVEL",QUEDA DE LATAS,LATA,22,6,7,4,DEFORMACAO DESALINHAMENTO DE GUIA,FALHA DE GUIA,DESALINHAMENTO DE GUIA,FALHA DE ELO DE ESTEIRA,QUEDA DE GARRAFAS,FALHA DE GUIA,DESALINHAMENTO DE GUIA,DEFORMACAO DESALINHAMENTO DE GUIA,QUEDA DE LATAS,QUEDA DE GARRAFAS,-0.9121967906,0.6334522765,0.7748823131,0.1414300366,False,False,True,0.0769230769,0.1617647059,0.1374039054,0.1197854578,0.1987972111,3.1354942159,>20,True,REVIEW,False,True,False,LIKELY_REPRESENTATION_PROBLEM,flat_rank=7; reranker_rank=4; gap_to_top3=0.141430; support=22
587,"FALTA DE GUIA CAUSANDO QUEDA DE LATA, FOI COLOCADO UM GUIA PROVISÓRIA PORÉM MÓVEL",QUEDA DE LATAS,LATA,22,6,7,4,DEFORMACAO DESALINHAMENTO DE GUIA,FALHA DE GUIA,DESALINHAMENTO DE GUIA,FALHA DE ELO DE ESTEIRA,QUEDA DE GARRAFAS,FALHA DE GUIA,DESALINHAMENTO DE GUIA,DEFORMACAO DESALINHAMENTO DE GUIA,QUEDA DE LATAS,QUEDA DE GARRAFAS,-0.9121967906,0.6334522765,0.7748823131,0.1414300366,False,False,True,0.0769230769,0.1617647059,0.1374039054,0.1197854578,0.1987972111,3.1354942159,>20,True,REVIEW,False,True,False,LIKELY_REPRESENTATION_PROBLEM,flat_rank=7; reranker_rank=4; gap_to_top3=0.141430; support=22
449,FALHA PRESSÃO NO CABEÇOTE DA ENCHEDORA ORDEM 30008291471,FALHA DE PRESSURIZACAO DA ENCHEDORA,ENCHIMENTO,1,1,2,4,FALHA DE CABECOTE,FALHA DE PRESSURIZACAO DA ENCHEDORA,DEFORMACAO DE CABECOTE,FALHA DE PRESSURIZACAO,FALHA DE PRESSAO DOS JATOS,FALHA DE CABECOTE,DEFORMACAO DE CABECOTE,FALHA DE SENSOR,FALHA DE PRESSURIZACAO DA ENCHEDORA,FALHA DE VALVULA,-0.6843634703,0.320987548,0.4704298596,0.1494423116,False,False,True,0.2222222222,0.2985074627,0.3399178386,0.3399178386,0.2301451564,0.6931471806,1,True,REVIEW,False,False,True,EASY_RERANK_RECOVERY,flat_rank=2; reranker_rank=4; gap_to_top3=0.149442; support=1
3563,TAMPA METALICA AMASSANDO DENTRO DO ARROLHADOR E CAUSANDO PARADA,AMASSAMENTO DE LATAS,LATA,9,2,2,4,ENROSCO DE TAMPAS,AMASSAMENTO DE LATAS,FALHA DE TAMPAMENTO,FALHA DE ALIMENTACAO DE TAMPAS,DEFORMACAO DESALINHAMENTO DE GUIA,ENROSCO DE TAMPAS,FALHA DE TAMPAMENTO,FALHA DE ALIMENTACAO DE TAMPAS,AMASSAMENTO DE LATAS,TAMPA INVERTIDA,-0.5943114578,0.4350154053,0.6578980326,0.2228826273,False,False,False,0.0,0.1060606061,0.218139872,0.2263152897,0.0933334678,2.302585093,6-10,True,REVIEW,False,False,True,EASY_RERANK_RECOVERY,flat_rank=2; reranker_rank=4; gap_to_top3=0.222883; support=9
66,"COMPACTADOR DE CARTÃO PARANDO FORA DE POSIÇÃO, VOLTANDO PARA POSIÇÃO MANUALMENTE",FALHA DE COMPACTACAO DE CAMADA,CAMADA,7,1,1,5,FALHA DE COMPACTACAO DE CAMADA,FALHA NO MANUSEIO DE CARTAO,FALHA DE RETORNO DO BRACO DE SOLDA,FALHA NO ENVIO DE BEBIDA,FALHA DE MANDRIL,FALHA NO MANUSEIO DE CARTAO,FALHA NA TROCA DE PALETE DE CARTAO,FALHA DE MANDRIL,TRAVAMENTO DE PALETE,FALHA DE COMPACTACAO DE CAMADA,-0.6878403197,0.2502991331,0.2792251855,0.0289260523,False,False,False,0.0,0.1830985915,0.25468117,0.2063537091,0.1393794417,2.0794415417,6-10,True,REVIEW,False,False,True,EASY_RERANK_RECOVERY,flat_rank=1; reranker_rank=5; gap_to_top3=0.028926; support=7
2435,"VAZAMENTO DE AGUA NO FILTRO POLIDOR,GERANDO FALHA NOS JATOS FINAIS.",VAZAMENTO,OTHER_UNKNOWN,1,1,6,5,FALHA DE PRESSAO DOS JATOS,FALHA DE MANGUEIRA,FALHA DE FILTRO,VAZAMENTO EM VALVULA,FALHA DE JATOS DE ENXAGUE,FALHA DE PRESSAO DOS JATOS,FALHA DE FILTRO,VAZAMENTO EM VALVULA,FALHA DE JATOS DE ENXAGUE,VAZAMENTO,-0.8799998404,0.2798929815,0.3302512303,0.0503582488,True,False,True,0.0909090909,0.1186440678,0.1440549791,0.1440549791,0.2678302526,0.6931471806,1,True,REVIEW,True,True,False,LIKELY_TAXONOMY_PROBLEM,flat_rank=6; reranker_rank=5; gap_to_top3=0.050358; support=1; strong_taxonomy_signal
239,SOBRE CORRENTE NO TRANSPORTE DE PALETE - OREDEM: 30008258302,SOBRECORRENTE,CORRENTE,3,1,10,5,QUEBRA DE CORRENTE,FALHA DE TRANSPORTE DE PALETES,FALHA DE ELEVADOR,FALHA DE ROBO,QUEBRA DE SEGMENTO,QUEBRA DE CORRENTE,TRAVAMENTO DE PALETE,FALHA DE ELEVADOR,FALHA DE ROBO,SOBRECORRENTE,-0.9326494059,0.5227002125,0.624103487,0.1014032745,True,False,False,0.0,0.1636363636,0.2287910432,0.1940183938,0.1910482943,1.3862943611,2-3,True,REVIEW,False,True,False,LIKELY_DATA_PROBLEM,flat_rank=10; reranker_rank=5; gap_to_top3=0.101403; support=3
4415,VALVULA DO AR PREVIO,SEM MODO DE FALHA IDENTIFICADO,OTHER_UNKNOWN,69,16,1,5,SEM MODO DE FALHA IDENTIFICADO,TRAVAMENTO DE VALVULA,FALHA DE FIXACAO,FALHA DE VALVULA DE ENCHIMENTO,FALHA DE VALVULA,FALHA DE VALVULA,FALHA DE VALVULA DE ENCHIMENTO,TRAVAMENTO DE VALVULA,VAZAMENTO EM VALVULA,SEM MODO DE FALHA IDENTIFICADO,-0.7159568295,0.7035079967,0.9384475855,0.2349395887,False,False,False,0.0,0.0222222222,0.0664411411,0.0079232417,0.0018796144,4.248495242,>20,True,REVIEW,True,False,True,EASY_RERANK_RECOVERY,flat_rank=1; reranker_rank=5; gap_to_top3=0.234940; support=69; strong_taxonomy_signal
3763,ESTEIRA DESNIVELADA (30008795344),DESNIVELAMENTO DE ESTEIRA,ESTEIRA,2,1,6,5,QUEBRA DE ESTEIRA,ESCAPE DE ESTEIRA,TRAVAMENTO DE ESTEIRA,FALHA DE ESTEIRA,FALHA DE PENTE DE TRANSFERENCIA,ESCAPE DE ESTEIRA,QUEBRA DE ESTEIRA,FALHA DE ESTEIRA,TRAVAMENTO DE ESTEIRA,DESNIVELAMENTO DE ESTEIRA,-0.8618083336,0.3884421924,0.8031127085,0.4146705161,True,False,False,0.25,0.3333333333,0.206398055,0.206398055,0.5461372137,1.0986122887,2-3,True,REVIEW,False,True,False,LIKELY_DATA_PROBLEM,flat_rank=6; reranker_rank=5; gap_to_top3=0.414671; support=2
