row_id,observation,observation_norm,split,current_label,family,model_top1,model_top3,model_margin,label_support,prototype_current_similarity,prototype_best_label,prototype_best_similarity,neighbor_majority_label,neighbor_majority_count,neighbor_total_count,neighbor_majority_fraction,neighbor_majority_mean_similarity,nearest_neighbor_similarity,flag,requires_human_review,reason
1258,TRANSPORTE COM VELOCIDADE REDUZIDA,transporte com velocidade reduzida,TEST,FALHA DE VELOCIDADE DO TRANSPORTE,TRANSPORTE,VELOCIDADE REDUZIDA SEM CAUSA IDENTIFICADA,VELOCIDADE REDUZIDA SEM CAUSA IDENTIFICADA | FALHA DE VELOCIDADE DO TRANSPORTE | FALHA DE TRANSPORTE,0.23951171212812328,14,0.4998815059661865,VELOCIDADE REDUZIDA SEM CAUSA IDENTIFICADA,0.7867822647094727,VELOCIDADE REDUZIDA SEM CAUSA IDENTIFICADA,6,6,1.0,0.78678226,0.78678226,POSSIBLE_HUMAN_LABEL_NOISE,True,Neighbor majority=VELOCIDADE REDUZIDA SEM CAUSA IDENTIFICADA; count=6; fraction=1.000; prototype best=VELOCIDADE REDUZIDA SEM CAUSA IDENTIFICADA (0.787) vs current=FALHA DE VELOCIDADE DO TRANSPORTE (0.500).
1720,QUEDA DE GARRAFA NO SISTEMA DE REFRIGERACAO DE FUNDO,queda de garrafa no sistema de refrigeracao de fundo,TRAIN,QUEDA DE GARRAFAS,GARRAFA,QUEDA DE GARRAFAS,QUEDA DE GARRAFAS | FALHA NA REFRIGERACAO DE FUNDO | FALHA NO SISTEMA DE INSERCAO DE FALSA GARRAFA,0.6897911073603389,88,0.49700507521629333,FALHA NA REFRIGERACAO DE FUNDO,0.7527056932449341,FALHA NA REFRIGERACAO DE FUNDO,7,10,0.7,0.69950945,0.84851688,POSSIBLE_HUMAN_LABEL_NOISE,True,Neighbor majority=FALHA NA REFRIGERACAO DE FUNDO; count=7; fraction=0.700; prototype best=FALHA NA REFRIGERACAO DE FUNDO (0.753) vs current=QUEDA DE GARRAFAS (0.497).
2689,INSTALACAO DA VALVULA DE DOSADOR DE NITROGENIO,instalacao da valvula de dosador de nitrogenio,TEST,FALHA DE VALVULA DE NITROGENIO,VALVULA,FALHA NO DOSADOR DE NITROGENIO,FALHA NO DOSADOR DE NITROGENIO | FALHA DE VALVULA | FALHA DE DOSAGEM,0.20731731535096387,3,0.3528991639614105,FALHA NO DOSADOR DE NITROGENIO,0.7220413088798523,FALHA NO DOSADOR DE NITROGENIO,5,6,0.83333333,0.71395504,0.72434366,POSSIBLE_HUMAN_LABEL_NOISE,True,Neighbor majority=FALHA NO DOSADOR DE NITROGENIO; count=5; fraction=0.833; prototype best=FALHA NO DOSADOR DE NITROGENIO (0.722) vs current=FALHA DE VALVULA DE NITROGENIO (0.353).
3011,AJUSTE NO DOSADOR DO NITROGENIO,ajuste no dosador do nitrogenio,TRAIN,SEM MODO DE FALHA IDENTIFICADO,OTHER_UNKNOWN,SEM MODO DE FALHA IDENTIFICADO,SEM MODO DE FALHA IDENTIFICADO | FALHA NO DOSADOR DE NITROGENIO | FALHA DE DOSAGEM DE NITROGENIO,0.4448649067365924,100,0.30349001288414,FALHA NO DOSADOR DE NITROGENIO,0.690760612487793,FALHA NO DOSADOR DE NITROGENIO,5,5,1.0,0.68302457,0.6958214,POSSIBLE_HUMAN_LABEL_NOISE,True,Neighbor majority=FALHA NO DOSADOR DE NITROGENIO; count=5; fraction=1.000; prototype best=FALHA NO DOSADOR DE NITROGENIO (0.691) vs current=SEM MODO DE FALHA IDENTIFICADO (0.303).
2690,AJUSTE NA POSIÇÃO DO DOSADOR DE NITROGENIO,ajuste na posicao do dosador de nitrogenio,TEST,SEM MODO DE FALHA IDENTIFICADO,OTHER_UNKNOWN,FALHA NO DOSADOR DE NITROGENIO,FALHA NO DOSADOR DE NITROGENIO | SEM MODO DE FALHA IDENTIFICADO | FALHA DE DOSAGEM,0.24960614945807535,100,0.3059524595737457,FALHA NO DOSADOR DE NITROGENIO,0.6792646646499634,FALHA NO DOSADOR DE NITROGENIO,5,7,0.71428571,0.67165726,0.68333888,POSSIBLE_HUMAN_LABEL_NOISE,True,Neighbor majority=FALHA NO DOSADOR DE NITROGENIO; count=5; fraction=0.714; prototype best=FALHA NO DOSADOR DE NITROGENIO (0.679) vs current=SEM MODO DE FALHA IDENTIFICADO (0.306).
1499,TRAVAMENTO DE GARRAFAS NO REJEITOR ENOS EBS,travamento de garrafas no rejeitor enos ebs,TRAIN,FALHA DE REJEICAO,REJEICAO,FALHA DE REJEICAO,FALHA DE REJEICAO | TRAVAMENTO DE SEGMENTOS | ENROSCO DE GARRAFAS,0.6026411229965053,93,0.4415186047554016,TRAVAMENTO DE SEGMENTOS,0.6367754936218262,TRAVAMENTO DE SEGMENTOS,10,13,0.76923077,0.65022188,0.65873188,POSSIBLE_HUMAN_LABEL_NOISE,True,Neighbor majority=TRAVAMENTO DE SEGMENTOS; count=10; fraction=0.769; prototype best=TRAVAMENTO DE SEGMENTOS (0.637) vs current=FALHA DE REJEICAO (0.442).
3072,SEGUNDO PEGADOR DE CHAPATEX COM FALHA NO SENSOR 30008703853,segundo pegador de chapatex com falha no sensor 30008703853,VALIDATION,FALHA DE SENSOR,SENSOR,FALHA DE SENSOR,FALHA DE SENSOR | FALHA DE PEGADOR | PERDA DE REFERENCIA DO PEGADOR DE CHAPATEX,0.23680158917748617,397,0.37448784708976746,FALHA DE PEGADOR,0.6320251226425171,FALHA DE PEGADOR,3,4,0.75,0.67619216,0.67619216,POSSIBLE_HUMAN_LABEL_NOISE,True,Neighbor majority=FALHA DE PEGADOR; count=3; fraction=0.750; prototype best=FALHA DE PEGADOR (0.632) vs current=FALHA DE SENSOR (0.374).
4355,CRASH POR EXCESSO DE FALSO REJEITO,crash por excesso de falso rejeito,VALIDATION,FALSO REJEITO,REJEICAO,FALHA DE REJEICAO,FALHA DE REJEICAO | CRASH DE GARRAFAS | FALSO REJEITO,0.17086701035830087,5,0.45348942279815674,FALHA DE REJEICAO,0.6159343719482422,FALHA DE REJEICAO,8,12,0.66666667,0.72570567,0.7917406,POSSIBLE_HUMAN_LABEL_NOISE,True,Neighbor majority=FALHA DE REJEICAO; count=8; fraction=0.667; prototype best=FALHA DE REJEICAO (0.616) vs current=FALSO REJEITO (0.453).
4291,"MÁ FORMAÇÃO DE CAMADAS, ROBO PEGANDO CAIXAS A MENOS",ma formacao de camadas robo pegando caixas a menos,TRAIN,FALHA DE ROBO,ROBO,FALHA DE ROBO,FALHA DE ROBO | FALHA NA PEGADA DE CAMADA | FALHA DE FORMACAO DE CAMADA,0.3533367379146821,30,0.38398846983909607,FALHA NA PEGADA DE CAMADA,0.6132218241691589,FALHA NA PEGADA DE CAMADA,4,4,1.0,0.65782964,0.74370563,POSSIBLE_HUMAN_LABEL_NOISE,True,Neighbor majority=FALHA NA PEGADA DE CAMADA; count=4; fraction=1.000; prototype best=FALHA NA PEGADA DE CAMADA (0.613) vs current=FALHA DE ROBO (0.384).
2184,TRAVAMENTO DE GARRAFAS NO REJEITO ENOS A100,travamento de garrafas no rejeito enos a100,TRAIN,FALHA DE REJEICAO,REJEICAO,FALHA DE REJEICAO,FALHA DE REJEICAO | TRAVAMENTO DE SEGMENTOS | ENROSCO DE GARRAFAS,0.5098398226463792,93,0.41224148869514465,TRAVAMENTO DE SEGMENTOS,0.563189685344696,TRAVAMENTO DE SEGMENTOS,6,8,0.75,0.68002754,0.73850596,POSSIBLE_HUMAN_LABEL_NOISE,True,Neighbor majority=TRAVAMENTO DE SEGMENTOS; count=6; fraction=0.750; prototype best=TRAVAMENTO DE SEGMENTOS (0.563) vs current=FALHA DE REJEICAO (0.412).
3481,"FALHA DE ENCHIMENTO VALVULAS ALEATORIAS, EM VELOCIDADE NOMINAL, EXCESSO DE NIVEL BAIXO/ALTO",falha de enchimento valvulas aleatorias em velocidade nominal excesso de nivel baixo alto,VALIDATION,FALHA DE VALVULA DE ENCHIMENTO,VALVULA,FALHA DE ENCHIMENTO,FALHA DE ENCHIMENTO | FALHA DE VALVULA DE ENCHIMENTO | FALHA DE FONTE DE ALIMENTACAO,0.6346068834432349,166,0.40740981698036194,FALHA DE ENCHIMENTO,0.5616896152496338,FALHA DE ENCHIMENTO,3,4,0.75,0.67251345,0.78672421,POSSIBLE_HUMAN_LABEL_NOISE,True,Neighbor majority=FALHA DE ENCHIMENTO; count=3; fraction=0.750; prototype best=FALHA DE ENCHIMENTO (0.562) vs current=FALHA DE VALVULA DE ENCHIMENTO (0.407).
4134,FALHA NA BARREIRA DE SEGURANÇA NA SAIDA DA MAGAZINE DE CARTÃO,falha na barreira de seguranca na saida da magazine de cartao,TRAIN,FALHA DE MAGAZINE,MAGAZINE,FALHA DE MAGAZINE,FALHA DE MAGAZINE | FALHA DE BARREIRA | FALHA DE DESCAPSULAMENTO,0.4541143157469537,76,0.40835797786712646,FALHA DE BARREIRA,0.5285598039627075,FALHA DE BARREIRA,3,3,1.0,0.71282339,0.74805361,POSSIBLE_HUMAN_LABEL_NOISE,True,Neighbor majority=FALHA DE BARREIRA; count=3; fraction=1.000; prototype best=FALHA DE BARREIRA (0.529) vs current=FALHA DE MAGAZINE (0.408).
4401,FALHA DE ENCHIMENTO DE VALVULAS ALEATÓRIAS,falha de enchimento de valvulas aleatorias,TRAIN,FALHA DE ENCHIMENTO,ENCHIMENTO,FALHA DE VALVULA DE ENCHIMENTO,FALHA DE VALVULA DE ENCHIMENTO | FALHA DE ENCHIMENTO | FALHA DA MESA GIRATORIA,0.026814867521000374,145,0.3655376434326172,FALHA DE VALVULA DE ENCHIMENTO,0.5196531414985657,FALHA DE VALVULA DE ENCHIMENTO,3,4,0.75,0.76627755,0.80618972,POSSIBLE_HUMAN_LABEL_NOISE,True,Neighbor majority=FALHA DE VALVULA DE ENCHIMENTO; count=3; fraction=0.750; prototype best=FALHA DE VALVULA DE ENCHIMENTO (0.520) vs current=FALHA DE ENCHIMENTO (0.366).
4076,"FALHA NA AUTOMAÇÃO DO TRANSPORTE ,CAUSANDO FALÇO REJEITO NO INPETOR DE CAIXA CHEIA",falha na automacao do transporte causando falco rejeito no inpetor de caixa cheia,TEST,FALHA DE AUTOMACAO,AUTOMACAO,FALHA DE REJEICAO,FALHA DE REJEICAO | FALHA DE SENSOR | FALHA DE AUTOMACAO,0.7304281025055671,16,0.1626356542110443,FALHA DE REJEICAO,0.303999125957489,FALHA DE REJEICAO,3,3,1.0,0.70233214,0.80599689,POSSIBLE_HUMAN_LABEL_NOISE,True,Neighbor majority=FALHA DE REJEICAO; count=3; fraction=1.000; prototype best=FALHA DE REJEICAO (0.304) vs current=FALHA DE AUTOMACAO (0.163).
