row_id,observation,expected_label,expected_family,flat_expected_rank,reranker_expected_rank,rank_change,movement,flat_top1,reranker_top1,flat_top3_contains_expected,reranker_top3_contains_expected,failure_reason
66,"COMPACTADOR DE CARTÃO PARANDO FORA DE POSIÇÃO, VOLTANDO PARA POSIÇÃO MANUALMENTE",FALHA DE COMPACTACAO DE CAMADA,CAMADA,1,5,-4,WORSENED,FALHA DE COMPACTACAO DE CAMADA,FALHA NO MANUSEIO DE CARTAO,True,False,LOW_SUPPORT | SEMANTIC_OVERLAP | TAXONOMY_AMBIGUITY | WRONG_FAMILY | RERANKER_FAILURE
72,"FALHA NA PEGA DE GARRAFAS ,",FALHA DE PEGADOR,PEGADOR,10,7,3,IMPROVED,FALHA NA PEGA DE GARRAFAS,FALHA NA PEGA DE GARRAFAS,False,False,SEMANTIC_OVERLAP | TAXONOMY_AMBIGUITY | WRONG_FAMILY | FLAT_MODEL_FAILURE
142,"ROMPIMENTO DA MANGUEIRA PNEUMATICA, OCASIONANDO TRAVAMENTO DO COMPACTADOR DE CAMADAS. ORDEM- 30008170585",ROMPIMENTO DE MANGUEIRA,MANGUEIRA,131,131,0,NEUTRAL,TRAVAMENTO DE ATUADOR,TRAVAMENTO DE ATUADOR,False,False,SINGLETON | LOW_SUPPORT | SEMANTIC_OVERLAP | TAXONOMY_AMBIGUITY | GENERIC_SPECIFIC | WRONG_FAMILY | FLAT_MODEL_FAILURE
167,FALHA NO TRANSPORTE DE PALETES 8241859,FALHA DE TRANSPORTE DE PALETES,PALETE,5,4,1,IMPROVED,FALHA DE TRANSPORTE DE LATAS,FALHA DE TRANSPORTE DE PACOTES,False,False,SINGLETON | LOW_SUPPORT | SEMANTIC_OVERLAP | TAXONOMY_AMBIGUITY | WRONG_FAMILY | FLAT_MODEL_FAILURE
224,RECUPERAÇÃO DE ENVASE DEVIDO PARADA DO ENOS FALHA CRITICA RUIDO AUTO CANAL 1 ( 30008257602 ),FALHA DE INSPECAO,INSPECAO,7,4,3,IMPROVED,FALHA DE CONTROLE DE PROCESSO,FALHA DE CONTROLE DE PROCESSO,False,False,SEMANTIC_OVERLAP | TAXONOMY_AMBIGUITY | WRONG_FAMILY | FLAT_MODEL_FAILURE
239,SOBRE CORRENTE NO TRANSPORTE DE PALETE - OREDEM: 30008258302,SOBRECORRENTE,CORRENTE,10,5,5,IMPROVED,QUEBRA DE CORRENTE,QUEBRA DE CORRENTE,False,False,LOW_SUPPORT | SEMANTIC_OVERLAP | TAXONOMY_AMBIGUITY | FLAT_MODEL_FAILURE
297,"PARADA DE TRANSPORTES, SOBRECARGA ELETRICA",TRAVAMENTO DE TRANSPORTE,TRANSPORTE,201,201,0,NEUTRAL,SOBRECORRENTE,SOBRECORRENTE,False,False,SEMANTIC_OVERLAP | TAXONOMY_AMBIGUITY | WRONG_FAMILY | FLAT_MODEL_FAILURE
311,ENROSCO NA RETIRADA DO QUADRO (ROMPIMENTO DO CABO DE ALIMENTAÇÃO DA BOBINA QUE ACIONA OS PISTÕES DE RETIRADA DO QUADRO(30008265417),ROMPIMENTO DE FILME,FILME,3,4,-1,WORSENED,FALHA NO MANUSEIO DE CARTAO,FALHA NO MANUSEIO DE CARTAO,True,False,SEMANTIC_OVERLAP | TAXONOMY_AMBIGUITY | WRONG_FAMILY | RERANKER_FAILURE
352,ATUADOR PNEUMÁTICO TARVADO,TRAVAMENTO DE ATUADOR,ATUADOR,143,143,0,NEUTRAL,QUEBRA DE ATUADOR,QUEBRA DE ATUADOR,False,False,LOW_SUPPORT | SEMANTIC_OVERLAP | TAXONOMY_AMBIGUITY | FLAT_MODEL_FAILURE | INSUFFICIENT_CONTEXT
449,FALHA PRESSÃO NO CABEÇOTE DA ENCHEDORA ORDEM 30008291471,FALHA DE PRESSURIZACAO DA ENCHEDORA,ENCHIMENTO,2,4,-2,WORSENED,FALHA DE CABECOTE,FALHA DE CABECOTE,True,False,SINGLETON | LOW_SUPPORT | SEMANTIC_OVERLAP | TAXONOMY_AMBIGUITY | WRONG_FAMILY | RERANKER_FAILURE
512,TROCA DO ANEL E DAS ESFERA DO BOCAL Nº08 ORDEM 30008296097,FALHA DE TAMPAMENTO,TAMPA,3,6,-3,WORSENED,QUEBRA DE ANEL O RING,QUEBRA DE ANEL O RING,True,False,SEMANTIC_OVERLAP | TAXONOMY_AMBIGUITY | WRONG_FAMILY | RERANKER_FAILURE
586,"FALTA DE GUIA CAUSANDO QUEDA DE LATA, FOI COLOCADO UM GUIA PROVISÓRIA PORÉM MÓVEL",QUEDA DE LATAS,LATA,7,4,3,IMPROVED,DEFORMACAO DESALINHAMENTO DE GUIA,FALHA DE GUIA,False,False,SEMANTIC_OVERLAP | TAXONOMY_AMBIGUITY | WRONG_FAMILY | FLAT_MODEL_FAILURE
587,"FALTA DE GUIA CAUSANDO QUEDA DE LATA, FOI COLOCADO UM GUIA PROVISÓRIA PORÉM MÓVEL",QUEDA DE LATAS,LATA,7,4,3,IMPROVED,DEFORMACAO DESALINHAMENTO DE GUIA,FALHA DE GUIA,False,False,SEMANTIC_OVERLAP | TAXONOMY_AMBIGUITY | WRONG_FAMILY | FLAT_MODEL_FAILURE
675,FALHA NA SAIDA DE PALETES VAZIOS (30008308978),FALHA NA SAIDA DE PALETES,PALETE,32,32,0,NEUTRAL,FALHA DE BARREIRA,FALHA DE BARREIRA,False,False,SINGLETON | LOW_SUPPORT | SEMANTIC_OVERLAP | TAXONOMY_AMBIGUITY | WRONG_FAMILY | FLAT_MODEL_FAILURE
703,LATAS TOMBANDO NA SAIDA DO SOPRADOR ÁPOS ALINHADOR 30008310615,ENROSCO DE LATAS,LATA,401,401,0,NEUTRAL,DESARME DE EQUIPAMENTO,DESARME DE EQUIPAMENTO,False,False,SEMANTIC_OVERLAP | TAXONOMY_AMBIGUITY | WRONG_FAMILY | FLAT_MODEL_FAILURE
706,LATAS TOMBANDO NA SAIDA DO SOPRADOR ÁPOS ALINHADOR 30008310615,ENROSCO DE LATAS,LATA,401,401,0,NEUTRAL,DESARME DE EQUIPAMENTO,DESARME DE EQUIPAMENTO,False,False,SEMANTIC_OVERLAP | TAXONOMY_AMBIGUITY | WRONG_FAMILY | FLAT_MODEL_FAILURE
741,"PROBLEMA NO SENSORES ,FALTANDO GARRAFAS PARA A ENTRADA DA ENCHEDORA.",FALHA DE ALIMENTACAO DE GARRAFAS,GARRAFA,145,145,0,NEUTRAL,FALHA DE SENSOR,FALHA DE SENSOR,False,False,LOW_SUPPORT | SEMANTIC_OVERLAP | TAXONOMY_AMBIGUITY | WRONG_FAMILY | FLAT_MODEL_FAILURE
776,FALTA DE TAMPA NA TOLVA / VIBRADOR EM FALHA,FALHA DE ALIMENTACAO DE TAMPAS,TAMPA,4,4,0,NEUTRAL,FALHA DE VIBRADOR,FALHA DE VIBRADOR,False,False,SEMANTIC_OVERLAP | TAXONOMY_AMBIGUITY | WRONG_FAMILY | FLAT_MODEL_FAILURE
828,ROMPEU O REPARO DE ENTRADA DE AGUA PARA TANQUES DE SODA ORDEM: 30008322194,QUEBRA DE COMPONENTE,OTHER_UNKNOWN,237,237,0,NEUTRAL,FALHA DE VEDACAO DA VALVULA,FALHA DE VEDACAO DA VALVULA,False,False,SEMANTIC_OVERLAP | TAXONOMY_AMBIGUITY | WRONG_FAMILY | OTHER_UNKNOWN | FLAT_MODEL_FAILURE
891,PATIM FORA DA GUIA OCASIONANDO FALHA NO DIRECIONAMENTO DOS PACOTES. (13085183),PATINS FORA DE POSICAO,PATINS,319,319,0,NEUTRAL,QUEDA DE PACOTES,QUEDA DE PACOTES,False,False,LOW_SUPPORT | SEMANTIC_OVERLAP | TAXONOMY_AMBIGUITY | WRONG_FAMILY | FLAT_MODEL_FAILURE
894,PATIM FORA DA GUIA OCASIONANDO FALHA NO DIRECIONAMENTO DOS PACOTES. (13085183),PATINS FORA DE POSICAO,PATINS,319,319,0,NEUTRAL,QUEDA DE PACOTES,QUEDA DE PACOTES,False,False,LOW_SUPPORT | SEMANTIC_OVERLAP | TAXONOMY_AMBIGUITY | WRONG_FAMILY | FLAT_MODEL_FAILURE
1207,FALHAS DE ENCHIMENTO NAS PARTIDAS DA ENCHEDORA,FALHA DE ENCHIMENTO,ENCHIMENTO,145,145,0,NEUTRAL,FALHA DE VALVULA DE ENCHIMENTO,FALHA DE VALVULA DE ENCHIMENTO,False,False,SEMANTIC_OVERLAP | TAXONOMY_AMBIGUITY | GENERIC_SPECIFIC | WRONG_FAMILY | FLAT_MODEL_FAILURE
1245,DESARME DA ESTEIRA DE SAIDA DA ENCAIXOTADORA.,DESARME DE ESTEIRA,ESTEIRA,76,76,0,NEUTRAL,QUEBRA DE ESTEIRA,QUEBRA DE ESTEIRA,False,False,SINGLETON | LOW_SUPPORT | SEMANTIC_OVERLAP | TAXONOMY_AMBIGUITY | FLAT_MODEL_FAILURE
1376,VELOCIDADE BAIXA,VELOCIDADE REDUZIDA SEM CAUSA IDENTIFICADA,OTHER_UNKNOWN,6,4,2,IMPROVED,FALHA DE VELOCIDADE DO TRANSPORTE,FALHA DE VELOCIDADE DO TRANSPORTE,False,False,LOW_SUPPORT | SEMANTIC_OVERLAP | TAXONOMY_AMBIGUITY | WRONG_FAMILY | OTHER_UNKNOWN | FLAT_MODEL_FAILURE | INSUFFICIENT_CONTEXT
1404,TRANSPORTE DO VIRADOR DE CAIXA NOTA30008409981,FALHA DE GUIA,GUIA,378,378,0,NEUTRAL,ENROSCO DE CAIXAS,TRAVAMENTO DE TRANSPORTE,False,False,SEMANTIC_OVERLAP | TAXONOMY_AMBIGUITY | WRONG_FAMILY | FLAT_MODEL_FAILURE
1544,FALHA COMUNICAÇÃO NA SAIDA DA LAVADORA ORDEM: 30008427069,FALHA DE SENSOR,SENSOR,129,129,0,NEUTRAL,FALHA DE COMUNICACAO,FALHA DE COMUNICACAO,False,False,SEMANTIC_OVERLAP | TAXONOMY_AMBIGUITY | WRONG_FAMILY | FLAT_MODEL_FAILURE
1647,CORRENTE DE ARRASTE COM FOLGA CAUSANDO QUEDA DE GARRAFA,FALHA DE CORRENTE,CORRENTE,12,12,0,NEUTRAL,QUEDA DE GARRAFAS,QUEDA DE GARRAFAS,False,False,SINGLETON | LOW_SUPPORT | SEMANTIC_OVERLAP | TAXONOMY_AMBIGUITY | WRONG_FAMILY | FLAT_MODEL_FAILURE
1737,"CABO ROMPIDO NA PORTA DE ENTRADA DA DESPALETIZADORA, NAO ACIONANDO A LIBERAÇÃO DE PALETES",QUEBRA DE COMPONENTE,OTHER_UNKNOWN,1,4,-3,WORSENED,QUEBRA DE COMPONENTE,FALHA DE PORTA DE SEGURANCA,True,False,SEMANTIC_OVERLAP | TAXONOMY_AMBIGUITY | WRONG_FAMILY | OTHER_UNKNOWN | RERANKER_FAILURE
1785,CABO DOS SENSORES DE SEGURANÇA ROMPIDO,QUEBRA DE COMPONENTE,OTHER_UNKNOWN,4,6,-2,WORSENED,FALHA DE CABO DE SEGURANCA,FALHA DE SENSOR,False,False,SEMANTIC_OVERLAP | TAXONOMY_AMBIGUITY | WRONG_FAMILY | OTHER_UNKNOWN | FLAT_MODEL_FAILURE
1786,CABO DOS SENSORES DE SEGURANÇA ROMPIDO,QUEBRA DE COMPONENTE,OTHER_UNKNOWN,4,6,-2,WORSENED,FALHA DE CABO DE SEGURANCA,FALHA DE SENSOR,False,False,SEMANTIC_OVERLAP | TAXONOMY_AMBIGUITY | WRONG_FAMILY | OTHER_UNKNOWN | FLAT_MODEL_FAILURE
1790,BICO DO GÁS 1 OBSTRUIDO,ENTUPIMENTO,OTHER_UNKNOWN,98,98,0,NEUTRAL,FALSO ALARME DE REJEITO OBSTRUIDO,FALSO ALARME DE REJEITO OBSTRUIDO,False,False,SINGLETON | LOW_SUPPORT | SEMANTIC_OVERLAP | TAXONOMY_AMBIGUITY | WRONG_FAMILY | OTHER_UNKNOWN | FLAT_MODEL_FAILURE
1908,FALHA NO ENVOLVIMENTO DE PACOTES,SEM MODO DE FALHA IDENTIFICADO,OTHER_UNKNOWN,131,131,0,NEUTRAL,FALHA DE ENVOLVIMENTO,FALHA DE ENVOLVIMENTO,False,False,SEMANTIC_OVERLAP | TAXONOMY_AMBIGUITY | WRONG_FAMILY | OTHER_UNKNOWN | FLAT_MODEL_FAILURE
1919,FALHA NO ENVOLVIMENTO DE PACOTES,SEM MODO DE FALHA IDENTIFICADO,OTHER_UNKNOWN,131,131,0,NEUTRAL,FALHA DE ENVOLVIMENTO,FALHA DE ENVOLVIMENTO,False,False,SEMANTIC_OVERLAP | TAXONOMY_AMBIGUITY | WRONG_FAMILY | OTHER_UNKNOWN | FLAT_MODEL_FAILURE
1920,FALHA NO ENVOLVIMENTO DE PACOTES,SEM MODO DE FALHA IDENTIFICADO,OTHER_UNKNOWN,131,131,0,NEUTRAL,FALHA DE ENVOLVIMENTO,FALHA DE ENVOLVIMENTO,False,False,SEMANTIC_OVERLAP | TAXONOMY_AMBIGUITY | WRONG_FAMILY | OTHER_UNKNOWN | FLAT_MODEL_FAILURE
1921,CABO DE SEGURANÇA DANIFICADO,FALHA ELETRICA SEM COMPONENTE IDENTIFICADO,ELETRICO,369,369,0,NEUTRAL,FALHA DE CABO DE SEGURANCA,FALHA DE CABO DE SEGURANCA,False,False,LOW_SUPPORT | SEMANTIC_OVERLAP | TAXONOMY_AMBIGUITY | WRONG_FAMILY | FLAT_MODEL_FAILURE
1950,"PALETIZAÇÃO FICANDO COM LATERAL ABERTA, CAINDO PACOTE DO PALLET ACABADO",QUEDA DE PACOTES,PACOTE,4,7,-3,WORSENED,FALHA NA DESCARGA DE PALETE,FALHA DE ROLETES,False,False,LOW_SUPPORT | SEMANTIC_OVERLAP | TAXONOMY_AMBIGUITY | WRONG_FAMILY | FLAT_MODEL_FAILURE
1952,"LATA SENDO REJEITADA E CAINDO NA REJEIÇÃO, ENROSCANDO NO TRANSPORTE E FALNTANDO LATA PARA ENCHEDORA",ENROSCO DE LATAS,LATA,3,4,-1,WORSENED,FALHA DE REJEICAO,FALHA DE REJEICAO,True,False,SEMANTIC_OVERLAP | TAXONOMY_AMBIGUITY | WRONG_FAMILY | RERANKER_FAILURE
2037,"(30008489553) FORNO EM ALARME, DESARMOU O DIJUNTOR",DESARME DE DISJUNTOR,OTHER_UNKNOWN,11,11,0,NEUTRAL,DESARME DE TRANSPORTE,DESARME DE TRANSPORTE,False,False,SINGLETON | LOW_SUPPORT | SEMANTIC_OVERLAP | TAXONOMY_AMBIGUITY | WRONG_FAMILY | OTHER_UNKNOWN | FLAT_MODEL_FAILURE
2103,ATRASO NO CIP DURANTE 5 ETAPAS CCKSZ - FALHA NO MIXER,FALHA DE MISTURA,OTHER_UNKNOWN,8,8,0,NEUTRAL,FALHA DE MIXER,FALHA DE MIXER,False,False,SINGLETON | LOW_SUPPORT | SEMANTIC_OVERLAP | TAXONOMY_AMBIGUITY | OTHER_UNKNOWN | FLAT_MODEL_FAILURE
2333,FALHA NO RECUO DO PISTAÕ DO TRANSPORTE DE TAMPA DA CSW,FALHA NO SISTEMA DE CORTE,OTHER_UNKNOWN,4,6,-2,WORSENED,FALHA DE TRANSPORTE,FALHA DE TRANSPORTE,False,False,LOW_SUPPORT | SEMANTIC_OVERLAP | TAXONOMY_AMBIGUITY | WRONG_FAMILY | OTHER_UNKNOWN | FLAT_MODEL_FAILURE
2406,TROCA DE MANGUEIRA,FALHA DE MANGUEIRA,MANGUEIRA,13,13,0,NEUTRAL,FALHA DE CONEXAO DE MANGUEIRA,FALHA DE CONEXAO DE MANGUEIRA,False,False,SINGLETON | LOW_SUPPORT | SEMANTIC_OVERLAP | TAXONOMY_AMBIGUITY | GENERIC_SPECIFIC | FLAT_MODEL_FAILURE | INSUFFICIENT_CONTEXT
2435,"VAZAMENTO DE AGUA NO FILTRO POLIDOR,GERANDO FALHA NOS JATOS FINAIS.",VAZAMENTO,OTHER_UNKNOWN,6,5,1,IMPROVED,FALHA DE PRESSAO DOS JATOS,FALHA DE PRESSAO DOS JATOS,False,False,SINGLETON | LOW_SUPPORT | SEMANTIC_OVERLAP | TAXONOMY_AMBIGUITY | OTHER_UNKNOWN | FLAT_MODEL_FAILURE
2453,"QUEBRA DO GUIA DE SEPARAÇÃO DE GARRAFAS DE ENTRADA DA EMPACOTADORA , NOTA 30008583428",FALHA DE GUIA,GUIA,6,4,2,IMPROVED,QUEBRA DE PARAFUSO,ENROSCO DE GARRAFAS,False,False,SEMANTIC_OVERLAP | TAXONOMY_AMBIGUITY | WRONG_FAMILY | FLAT_MODEL_FAILURE
2689,INSTALACAO DA VALVULA DE DOSADOR DE NITROGENIO,FALHA DE VALVULA DE NITROGENIO,VALVULA,4,6,-2,WORSENED,FALHA NO DOSADOR DE NITROGENIO,FALHA NO DOSADOR DE NITROGENIO,False,False,SINGLETON | LOW_SUPPORT | SEMANTIC_OVERLAP | TAXONOMY_AMBIGUITY | WRONG_FAMILY | LABEL_NOISE_CANDIDATE | FLAT_MODEL_FAILURE
2739,"RINSER ENTREGANDO GARRAFAS TORTAS GERANDO ENROSCO NA ET RELA DE TRANSFERÊNCIA,OCASIONANDO ENCHIMENTO DA CABEÇA",FALHA DE ENCHIMENTO,ENCHIMENTO,21,21,0,NEUTRAL,GARRAFAS TORTAS NA SAIDA DO RINSER,ENROSCO DE GARRAFAS,False,False,SEMANTIC_OVERLAP | TAXONOMY_AMBIGUITY | GENERIC_SPECIFIC | WRONG_FAMILY | FLAT_MODEL_FAILURE
2852,FALHA CAIXA A MENOS E QUEDA DE CAIXAS CAMADA SUPERIOR,FALHA DE FORMACAO DE CAIXA,CAIXA,4,7,-3,WORSENED,FALHA NA PEGADA DE CAMADA,FALHA NA PEGADA DE CAMADA,False,False,SINGLETON | LOW_SUPPORT | SEMANTIC_OVERLAP | TAXONOMY_AMBIGUITY | WRONG_FAMILY | FLAT_MODEL_FAILURE
2858,ALTERAÇÃO DE PARÂMETROS DE VELOCIDADE DA ESTEIRA E PINO DE SEPARAÇÃO,FALHA DE ELO DE ESTEIRA,ESTEIRA,223,223,0,NEUTRAL,FALHA DE VELOCIDADE DO TRANSPORTE,FALHA DE ESTEIRA,False,False,LOW_SUPPORT | SEMANTIC_OVERLAP | TAXONOMY_AMBIGUITY | GENERIC_SPECIFIC | FLAT_MODEL_FAILURE
3069,QUEBRA DA HASTE DE SEPARAÇÃO DO TRP DE ENTRADA DA EMPACOTADORA CAUSANDO QUEDA DE GARRAFAS,QUEBRA DE TRANSPORTE,TRANSPORTE,6,9,-3,WORSENED,QUEDA DE GARRAFAS,QUEDA DE GARRAFAS,False,False,LOW_SUPPORT | SEMANTIC_OVERLAP | TAXONOMY_AMBIGUITY | WRONG_FAMILY | FLAT_MODEL_FAILURE
3232,TRP CX ENTRADA ESCAPANDO,FALHA DE TRANSPORTE DE CAIXAS,CAIXA,363,363,0,NEUTRAL,ESCAPE DE ESTEIRA,ESCAPE DE ESTEIRA,False,False,LOW_SUPPORT | SEMANTIC_OVERLAP | TAXONOMY_AMBIGUITY | WRONG_FAMILY | FLAT_MODEL_FAILURE
3259,"FALHA NA INSERÇÃO DE LATA FALSA, ATRASO NO INICIO E FINAL DE CIP - 30008743679",FALHA DE PINCA,PINCA,258,258,0,NEUTRAL,FALHA NO SISTEMA DE INSERCAO DE FALSA GARRAFA,FALHA NO SISTEMA DE INSERCAO DE FALSA GARRAFA,False,False,SEMANTIC_OVERLAP | TAXONOMY_AMBIGUITY | WRONG_FAMILY | FLAT_MODEL_FAILURE
3285,TOMBADOR DE PACOTES NAO ATUANDO,FALHA NO VIRADOR DE PACOTES,PACOTE,14,14,0,NEUTRAL,FALHA DE FREIO,ENROSCO DE PACOTES,False,False,SINGLETON | LOW_SUPPORT | SEMANTIC_OVERLAP | TAXONOMY_AMBIGUITY | FLAT_MODEL_FAILURE
3322,TROCA DE UM TUBO DE AR TORTO E DUAS ABAS CONICAS DE OUTROS DOIS,DESALINHAMENTO MECANICO,OTHER_UNKNOWN,340,340,0,NEUTRAL,FALHA DE ABA CONICA,FALHA DE ABA CONICA,False,False,LOW_SUPPORT | SEMANTIC_OVERLAP | TAXONOMY_AMBIGUITY | OTHER_UNKNOWN | FLAT_MODEL_FAILURE
3453,NAS RETOMADAS ENCHEDORA ESTÁ PERDENDO PRESSÃO E GERANDO FALHA DE (FMC),FALHA DE PRESSAO,OTHER_UNKNOWN,10,6,4,IMPROVED,CRASH DE LATAS,FALHA DE ENCHIMENTO,False,False,SINGLETON | LOW_SUPPORT | SEMANTIC_OVERLAP | TAXONOMY_AMBIGUITY | WRONG_FAMILY | OTHER_UNKNOWN | FLAT_MODEL_FAILURE
3459,INSERÇÃO DE LATAS FALSAS DE FORMA MANUAL,FALHA NA INSERCAO DE LATAS FALSAS,LATA,389,389,0,NEUTRAL,FALHA NO SISTEMA DE INSERCAO DE FALSA GARRAFA,FALHA NO SISTEMA DE INSERCAO DE FALSA GARRAFA,False,False,SINGLETON | LOW_SUPPORT | SEMANTIC_OVERLAP | TAXONOMY_AMBIGUITY | WRONG_FAMILY | FLAT_MODEL_FAILURE
3487,LONA FORA SE MOVENDO ORDEM (30008773877),ESCAPE DE ESTEIRA,ESTEIRA,176,176,0,NEUTRAL,ROMPIMENTO DE ESTEIRA LONA,FALHA DE ESTEIRA,False,False,SEMANTIC_OVERLAP | TAXONOMY_AMBIGUITY | FLAT_MODEL_FAILURE
3543,LONA CORRENDO,ESCAPE DE ESTEIRA,ESTEIRA,411,411,0,NEUTRAL,PATINAGEM DE ESTEIRA,PATINAGEM DE ESTEIRA,False,False,SEMANTIC_OVERLAP | TAXONOMY_AMBIGUITY | FLAT_MODEL_FAILURE | INSUFFICIENT_CONTEXT
3563,TAMPA METALICA AMASSANDO DENTRO DO ARROLHADOR E CAUSANDO PARADA,AMASSAMENTO DE LATAS,LATA,2,4,-2,WORSENED,ENROSCO DE TAMPAS,ENROSCO DE TAMPAS,True,False,LOW_SUPPORT | SEMANTIC_OVERLAP | TAXONOMY_AMBIGUITY | WRONG_FAMILY | RERANKER_FAILURE
3582,ENCHEDORA DESARMOU,DESARME DE EQUIPAMENTO,OTHER_UNKNOWN,12,12,0,NEUTRAL,DESARME DE TRANSPORTE,DESARME DE TRANSPORTE,False,False,LOW_SUPPORT | SEMANTIC_OVERLAP | TAXONOMY_AMBIGUITY | WRONG_FAMILY | OTHER_UNKNOWN | FLAT_MODEL_FAILURE | INSUFFICIENT_CONTEXT
3696,FALHA NA ENTRADA DE PALETE PARA PALETIZADORA ORDEM 30008791652,FALHA DE FORMACAO DE CAMADA,CAMADA,403,403,0,NEUTRAL,TRAVAMENTO DE PALETE,TRAVAMENTO DE PALETE,False,False,SEMANTIC_OVERLAP | TAXONOMY_AMBIGUITY | WRONG_FAMILY | FLAT_MODEL_FAILURE
3705,LATA TOMBANDO NO TRANSPOTE,TOMBAMENTO DE RECIPIENTES,OTHER_UNKNOWN,1,7,-6,WORSENED,TOMBAMENTO DE RECIPIENTES,QUEDA DE LATAS,True,False,LOW_SUPPORT | SEMANTIC_OVERLAP | TAXONOMY_AMBIGUITY | WRONG_FAMILY | OTHER_UNKNOWN | RERANKER_FAILURE
3707,PARADA NO CHUTADOR DO INSPETOR DE NIVEL 30008792217,FALHA DE REJEICAO,REJEICAO,3,4,-1,WORSENED,FALHA DE INSPECAO,FALHA DE INSPECAO,True,False,SEMANTIC_OVERLAP | TAXONOMY_AMBIGUITY | WRONG_FAMILY | RERANKER_FAILURE
3763,ESTEIRA DESNIVELADA (30008795344),DESNIVELAMENTO DE ESTEIRA,ESTEIRA,6,5,1,IMPROVED,QUEBRA DE ESTEIRA,ESCAPE DE ESTEIRA,False,False,LOW_SUPPORT | SEMANTIC_OVERLAP | TAXONOMY_AMBIGUITY | FLAT_MODEL_FAILURE | INSUFFICIENT_CONTEXT
3770,PINSA NÚMERO 5 TRAVADA,TRAVAMENTO DE PINCA,PINCA,1,6,-5,WORSENED,TRAVAMENTO DE PINCA,SEM MODO DE FALHA IDENTIFICADO,True,False,SINGLETON | LOW_SUPPORT | SEMANTIC_OVERLAP | TAXONOMY_AMBIGUITY | WRONG_FAMILY | RERANKER_FAILURE
3840,LATAS TOMBADA PASSANDO PELO EXPULSADOR E GERANDO CRASH NA ENTRADA DO SOPRADOR,FALHA DE REJEICAO,REJEICAO,410,410,0,NEUTRAL,DESARME DE EQUIPAMENTO,DESARME DE EQUIPAMENTO,False,False,SEMANTIC_OVERLAP | TAXONOMY_AMBIGUITY | WRONG_FAMILY | FLAT_MODEL_FAILURE
3941,EXESSO DE REJEITOS DE LATAS BOAS (30008821889),FALHA DE REJEICAO,REJEICAO,166,166,0,NEUTRAL,FALHA DE ENCHIMENTO,FALHA DE ENCHIMENTO,False,False,SEMANTIC_OVERLAP | TAXONOMY_AMBIGUITY | WRONG_FAMILY | FLAT_MODEL_FAILURE
4059,"ENCHEDORA NÃO RECINHECENDO O PULSO DA RECEITA DE 200ML, PULSO FICOU EM 2000ML",FALHA DE LEITURA,OTHER_UNKNOWN,123,123,0,NEUTRAL,FALHA DE PARAMETRIZACAO DE RECEITA,FALHA DE PARAMETRIZACAO DE RECEITA,False,False,SINGLETON | LOW_SUPPORT | SEMANTIC_OVERLAP | TAXONOMY_AMBIGUITY | OTHER_UNKNOWN | FLAT_MODEL_FAILURE
4253,"FALHA NO DESPARO,LIMPEZA.NOTA 30008852405",FALHA DE CODIFICACAO,IMPRESSAO,153,153,0,NEUTRAL,DESPRENDIMENTO DO PISTAO DE TRAVAMENTO,FALHA DE PINCA,False,False,SEMANTIC_OVERLAP | TAXONOMY_AMBIGUITY | WRONG_FAMILY | FLAT_MODEL_FAILURE
4323,"ROBO SOLTOU CARTÃO NO MEIO DO TRAJETO, CAIU NA FRENTE DA BARREIRA, MAQUINA SE PERDEU NOS CICLOS AUTOMATICOS",FALHA DO COLOCADOR DE CARTAO,CARTAO,112,112,0,NEUTRAL,FALHA DE BARREIRA,FALHA DE ROBO,False,False,SINGLETON | LOW_SUPPORT | SEMANTIC_OVERLAP | TAXONOMY_AMBIGUITY | WRONG_FAMILY | FLAT_MODEL_FAILURE
4415,VALVULA DO AR PREVIO,SEM MODO DE FALHA IDENTIFICADO,OTHER_UNKNOWN,1,5,-4,WORSENED,SEM MODO DE FALHA IDENTIFICADO,FALHA DE VALVULA,True,False,SEMANTIC_OVERLAP | TAXONOMY_AMBIGUITY | WRONG_FAMILY | OTHER_UNKNOWN | RERANKER_FAILURE
4418,INSPETOR DE LÍQUIDO SAÍDA DESCAPSULADOR TIRANDO GARRAFAS BOAS,FALSO REJEITO,REJEICAO,162,162,0,NEUTRAL,FALHA DE INSPECAO,FALHA DE INSPECAO,False,False,LOW_SUPPORT | SEMANTIC_OVERLAP | TAXONOMY_AMBIGUITY | WRONG_FAMILY | FLAT_MODEL_FAILURE
