label,support,example_observations,candidate_family,candidate_component,candidate_mechanism,confidence,requires_human_review,reason
SEM MODO DE FALHA IDENTIFICADO,100,"DUAS LATAS TESTE NAO SENDO REJEITADAS, FEITO AJUSTE PELA MANUTENÇÃO || AR PREVIO ACIONANDO 41 E 42 E ENCHENDO A CABEÇA SEMPRE QUE TEM ALGUMA PARADA DE LINHA, AJUSTE NIVEL DO RECIPIENTE 30008163048 || VALIDAÇÃO NA ESTRELA DE TRANSFERENCIA DE GARRAFA",GARRAFA,SEM MODO IDENTIFICADO,FALHA,LOW,True,Weak nearest-centroid evidence: QUEDA DE GARRAFAS (0.295).
FALHA DE FIXACAO,28,"PARAFUSO DA TAMPA DA CANALETADE DESCIDA SOLTO, OCASIONANDO ENTRADA DE 2 TAMPAS NO CANAL . OBS ORDEM ;30008229769 || QUEDA DO PARAFUSO DO STOPER DE CAIXAS 30008229600 || PARAFUSO DO SUPORTE DO CONTRA PINO SOLTOU 30008235634",UNKNOWN,FIXACAO,FALHA,INSUFFICIENT,True,No reliable component-token or TRAIN-centroid family evidence.
QUEBRA DE COMPONENTE,25,"REALIZADA A TROCA DA PEÇA “BINÓCULO” DA ENCHEDORA DEVIDO À QUEBRA - ORDEM 30008310668 || ROMPEU O REPARO DE ENTRADA DE AGUA PARA TANQUES DE SODA ORDEM: 30008322194 || MALHA DANIFICADA, OCASIONANDO A QUEBRA LACRE DE TAMPA, FOI REALIZADO A TROCA DE MALHA ORDEM: 30008337101",ESTEIRA,COMPONENTE,QUEBRA,LOW,True,Weak nearest-centroid evidence: QUEBRA DE ESTEIRA (0.397).
ESPUMAMENTO DE BEBIDA,19,"BEBIDA ESPUMANDO, FEITO ALTERAÇÕES NOS PARAMETROS DE ENCHIMENTO E NA PRESSÃO DO TANQUE CARBO. ORDEM- 30008272308 || BEBIDA ESPUMANDO, OCASIONANDO EM EXCESSO DE NIVEL BAIXO DURANTE O ENCHIMENTO 30008272708 || BEBIDA ESPUMANDO (ORDEM: 30008294289)",ENCHIMENTO,ESPUMAMENTO BEBIDA,UNKNOWN,LOW,True,Weak nearest-centroid evidence: FALHA DE ENCHIMENTO (0.254).
PERDA DE REFERENCIA,14,"PERDA NA CONTAGEM, MASTERIZAÇÃO DO EQUIPAMENTO E RESET || CONECTOR DE ALIMENTAÇÃO EM FALHA, MAL CONTATO 30008310508 / MASTERIZAÇÃO DO EQUIPAMENTO E LIBERADO || FALHA NA MASTERIZAÇÃO ,ELÉTRICA.",UNKNOWN,PERDA REFERENCIA,UNKNOWN,INSUFFICIENT,True,No reliable component-token or TRAIN-centroid family evidence.
FALHA DE MANDRIL,13,MANDRIL PARANDO FORA DE POSIÇÃO || FALHA NO MANDRIL 1 ORDEM 30008404404 || MANDRIL TRAVANDO FOI AJUSTADO O BAR DO AR,RECRAVACAO,MANDRIL,FALHA,LOW,True,Weak nearest-centroid evidence: FALSA RECRAVACAO (0.355).
QUEBRA DE PARAFUSO,13,"QUEBRA PARAFUSO DO FREIO NA ENCAIXATADORA ORDEM: 13126307 || QUEBRA DO PARAFUSO DO PRENSADOR DE CAMADA, IMPEDINDO A PRANCHA DE CONCLUIR O CICLO - ORDEM 30008316236 || QUEBRA DO PARAFUSO DO PRENSADOR DE CAMADA, IMPEDINDO A PRANCHA DE CONCLUIR O CICLO - ORDEM 300083162",UNKNOWN,PARAFUSO,QUEBRA,INSUFFICIENT,True,No reliable component-token or TRAIN-centroid family evidence.
FALHA DE CONTAGEM,12,PERDA NA CONTAGEM .OBS.É FEITO O RESETE ATE O MANIPULADOR VOLTAR AO NORMAL. || PALETIZADORA PERDEU A CONTAGEM || FALHA DE SINCRONISMO CONTAGEM DE PENTES COM FALTA DE DOIS PENTES.ORDEM.30008369447.,PACOTE,CONTAGEM,FALHA,LOW,True,Weak nearest-centroid evidence: ENROSCO DE PACOTES (0.255).
CURTO CIRCUITO,11,CURTO NO FIO DA CAIXA DA SAIDA DE PACOTES PARANDO AS DUAS ESTEIRA 30008291570 || CURTO NO FIO DA CAIXA DA SAIDA DE PACOTES PARANDO AS DUAS ESTEIRA || FALHA ELÉTRICA - CURTO NA REDE,UNKNOWN,CIRCUITO,CURTO,INSUFFICIENT,True,No reliable component-token or TRAIN-centroid family evidence.
DESALINHAMENTO MECANICO,11,TRANSPORTE DE CAIXAS DA CUVA DA PALETIZADORA SAIU FORA DE POSIÇÃO || SOLTANDO CAMADAS FORA DE POSIÇÃO / 30008349255 || TRANSPORTE DE SAIDA DA ENCAIXOTADORA SAIU FORA DE POSIÇÃO,PALETE,MECANICO,DESALINHAMENTO,MEDIUM,True,Nearest TRAIN centroid is DESALINHAMENTO DE PALETE (0.489) in PALETE.
FALHA NO CORTE DE TUBETES,11,"FALHA NO SISTEMA DE CORTE || FALHA NO SISTEMA DE CORTE, SEGURANDO TUBETE SEM CORTAR || FALHA NO CORTE DE TUBETES, NECESSARIO RESET GERAL DA CSW",UNKNOWN,CORTE TUBETES,FALHA,INSUFFICIENT,True,No reliable component-token or TRAIN-centroid family evidence.
FALHA DE FONTE DE ALIMENTACAO,9,FALHA EM FONTE DE ALTA TENSÃO || FONTE DE ALIMENTAÇÃO 24VCC DANIFICADA APENAS 18VCC NA SAIDA DA FONTE NOTA30008576775,UNKNOWN,FONTE ALIMENTACAO,FALHA,INSUFFICIENT,True,No reliable component-token or TRAIN-centroid family evidence.
FALHA DE MOLA,9,"BOCAL NUMERO 12 SOLTANDO A TAMPA, FOI IDENTIFICADO QUE A MOLA ESTA DANIFICADA. ORDEM- 30008219041 || QUEBROU A MOLA DO BOCAL NUMERO 1 , NOTA 30008239262 || QUEBRA DA MOLA DO PINO EXPULSOR DE TAMPA, CABEÇOTE QUATORZE ( ORDEM 30008240208 )",UNKNOWN,MOLA,FALHA,INSUFFICIENT,True,No reliable component-token or TRAIN-centroid family evidence.
FALHA DE SUPRIMENTO DE AR COMPRIMIDO,9,FALHA NO SISTEMA DE AR COMPRIMIDO DA MAQUINA 30008301493 || PALETIZADORA DESARMANDO POR FALTA DE AR || PALETIZADORA DESARMANDO POR FALTA DE AR 30008337275,UNKNOWN,SUPRIMENTO AR COMPRIMIDO,FALHA,INSUFFICIENT,True,No reliable component-token or TRAIN-centroid family evidence.
FALHA NA REFRIGERACAO DE FUNDO,9,FALHA NO SISTEMA DE REFRIGERACAO DE FUNDO DA GARRAFA || FALHA NA REFRIGERACAO DE FUNDO DA GARRAFA || FALHA NO SISTEMA REFRIGERACAO DE FUNDO DA GARRAFA,GARRAFA,REFRIGERACAO FUNDO,FALHA,LOW,True,Weak nearest-centroid evidence: QUEDA DE GARRAFAS (0.335).
FALHA DE BAILARINA,8,FALHA DE SINAL DE ENTRADA ANÁLOGA ADMISSÍVEL ( BAILARINA SOBE E NÃO DESCE) || FALHA NA MODULAÇÃO DO FREIO DA BAILARINA 30008425208 || FALHA NA MODULAÇÃO DO FREIO DA BAILARINA,UNKNOWN,BAILARINA,FALHA,INSUFFICIENT,True,No reliable component-token or TRAIN-centroid family evidence.
FALHA DE VACUO,8,FALHA DE FALTA DE VACUO NA ESTEIRA DA PRESSCO NOTA (30008302284) || FALHA DE VACUO (30008401189) || FALHA DE VACUO,MANGUEIRA,VACUO,FALHA,LOW,True,Weak nearest-centroid evidence: ROMPIMENTO DE MANGUEIRA (0.342).
VELOCIDADE REDUZIDA SEM CAUSA IDENTIFICADA,8,"VELOCIDADE REDUZIDA || VELOCIDADE BAIXA || RODANDO VELOCIDADE BAIXA, DEVIDO CARACOL SUPERIOR NA ENTRADA ESTRELA DO CAPSULADOR DANIFICADO",LATA,VELOCIDADE REDUZIDA SEM CAUSA IDENTIFICADA,UNKNOWN,MEDIUM,True,Nearest TRAIN centroid is COLAPSO DE LATAS (0.488) in LATA.
DESALINHAMENTO DE AGREGADO,7,"TANGÊNCIAMAENTO AGREGADO 2 (30008240226) || TANGENCIAMENTO E AJUSTE NO CASTELO || ENROSCO DE ROTULO, ( FOI FEITO TANGENCIAMENTO)",UNKNOWN,AGREGADO,DESALINHAMENTO,INSUFFICIENT,True,No reliable component-token or TRAIN-centroid family evidence.
FALHA DE ABA CONICA,7,ABA CÔNICA DANIFICADA || ABA CONICA DANIFICADA || NIVEL BAIXO / TROCA DE ABA CONICA,UNKNOWN,ABA CONICA,FALHA,INSUFFICIENT,True,No reliable component-token or TRAIN-centroid family evidence.
FALHA DE ELAU,7,FALHA DE ELAU E EQUIPAMENTO FORA DE SICRONISMO ORDEM: 30008362079 || MAX4 ELAU FALHA ( MC4 ERRO NA ENCHEDORA ) || MAX4 ELAU FALHA ( MC4 ERRO NA ENCHEDORA ) - ORDEM 30008540865,SINCRONISMO,ELAU,FALHA,LOW,True,Weak nearest-centroid evidence: FALHA DE SINCRONISMO (0.340).
FALHA DE FREIO,7,PARAFUSO DO FREIO DE CAIXAS ESCAPOU ( ORDEM 30008231453 ) || FREIO DA BORBOLETE (NOTA 30008398373 ) || FREIO NÃO ACIONADO,UNKNOWN,FREIO,FALHA,INSUFFICIENT,True,No reliable component-token or TRAIN-centroid family evidence.
VAZAMENTO EM COLETOR,7,"VAZAMENTO DO COLETOR,GERANDO PERDA DE PRESSÃO E PARADA || FALHA DE PRESSURIZAÇÃO (COLETOR VAZANDO) || FALHA DE PRESSURIZAÇÃO (VAZAMENTO DO COLETOR )",UNKNOWN,COLETOR,VAZAMENTO,INSUFFICIENT,True,No reliable component-token or TRAIN-centroid family evidence.
DESLIGAMENTO INDEVIDO DO EQUIPAMENTO,6,EQUIPAMENTO DESLIGOU SEM GERAR ALARME (30008267903) || EQUIPAMENTO SE DESLIGANDO SEM APRESENTAR FALHA OU ALARME SONORO || EQUIPAMENTO DELIGANDO SEM APRESENTAR FALHA OU ALERTA SONORO,UNKNOWN,DESLIGAMENTO INDEVIDO EQUIPAMENTO,UNKNOWN,INSUFFICIENT,True,No reliable component-token or TRAIN-centroid family evidence.
FALHA DE MODULO,6,"FALHA NO MÓDULO DA SIEMENS,QUEDA DO SISTEMA, FALHA DO CONDICIONADOR || FALHA NO MÓDULO DA SIEMENS,QUEDA DO SISTEMA, FALHA DO CONDICIONADOR (30008344310) || FALHA NO MOPDULO, CAUSANDO PERDA DO CICLO AUTOMATICO NOTA 30008347294",UNKNOWN,MODULO,FALHA,INSUFFICIENT,True,No reliable component-token or TRAIN-centroid family evidence.
FALHA DE PENTE DE TRANSFERENCIA,6,TROCA DE PENTE DE TRANSFERENCIA / QUEDA DE GFS / ORDEM Nº30008219076 || QUEBRA DO PENTE DE PASSAGEM NOTA 30008321693 || QUEBRA DO PENTE DE TRANSFERÊNCIA DA ESTEIRA,UNKNOWN,PENTE TRANSFERENCIA,FALHA,INSUFFICIENT,True,No reliable component-token or TRAIN-centroid family evidence.
FALHA DE PRESSAO DOS JATOS,6,PRESSAO BAIXA DOS JATOS FINAIS || PRESSAO DOS JATOS FINAIS BAIXO || PRESSÃO BAIXA JATO FINAIS.,UNKNOWN,PRESSAO JATOS,FALHA,INSUFFICIENT,True,No reliable component-token or TRAIN-centroid family evidence.
FALHA DE TWISTER,6,TWISTER DE SAIDA DA FILTEC SEGURANDO LATA/DERRUBANDO || TWISTER DE SAIDA DA ENCHEDORA DERRUBANDO/SEGURANDO LATAS NA PARTIDA || TWISTER DE SAIDA DA FILTEC DERRUBANDO LATAS PARA A ENTRADA DA EMPACOTADORA,LATA,TWISTER,FALHA,LOW,True,Weak nearest-centroid evidence: ENROSCO DE LATAS (0.302).
FALHA DE MISTURA,5,"FALHA NO MIXER || FALHAVÃLVULA DE TUBULAÇÃO NA ENTRADA DE BEBIDA NO MIXER, OCASIONANDO VAZAMENTO DE BEBIDAS ORDEM: 30008450138 || ATRASO NO CIP DURANTE 5 ETAPAS CCKSZ - FALHA NO MIXER",TUBULACAO,MISTURA,FALHA,LOW,True,Weak nearest-centroid evidence: VAZAMENTO EM TUBULACAO (0.358).
FALHA DE PARAMETRIZACAO,5,FALHA NA PROGRAMAÇÃO PHM - ORDEM: 30008463550 || AJUSTES DE PARAMETROS (30008688147) || OFF ZERADO,REJEICAO,PARAMETRIZACAO,FALHA,LOW,True,Weak nearest-centroid evidence: FALHA DE PARAMETRIZACAO DO REJEITO (0.271).
FALHA DE PRESSURIZACAO,5,IDENTIFICADA AUTOLIBERAÇÃO DE PRESSÃO NO EQUIPAMENTO - ORDEM 30008310669,UNKNOWN,PRESSURIZACAO,FALHA,INSUFFICIENT,True,No reliable component-token or TRAIN-centroid family evidence.
FALHA DE TULIPA,5,"TROCA DA TULIPA N* 30 FOI TROCADA . ORDEM 30008500560 || TROCA DE TULIPA RASGADA || FALHANA PEGA DE GARRAFAS DEVIDO TULIPA FURADA, REALIZADA A TROCA",UNKNOWN,TULIPA,FALHA,INSUFFICIENT,True,No reliable component-token or TRAIN-centroid family evidence.
FALHA NO BOTAO RESET,5,FALHA NO BOTÂO DE RESET DO LINATRONIC || FALHA NO BOTÃO DO RESET DO LINATRONIC 11309325 || FALHA NO BOTÃO DE RESET 30008520288,UNKNOWN,BOTAO RESET,FALHA,INSUFFICIENT,True,No reliable component-token or TRAIN-centroid family evidence.
QUEIMA DE FILAMENTO,5,QUEIMOU O FILAMENTO 30008241847 || QUEIMOU O FILAMENTO( TROCA DO FILAMENTO ) || QUEIMA DO FILAMENTO,UNKNOWN,FILAMENTO,QUEIMA,INSUFFICIENT,True,No reliable component-token or TRAIN-centroid family evidence.
TRAVAMENTO DO SISTEMA DE COMPACTACAO,5,COMPACTADOR DE CAMADAS TRAVADO || CENTRAL DO FECHA CAMADA TRAVOU NOTA - 30008257113 || TRAVAMENTO DO BRAÇO DA PRANCHA,CAMADA,SISTEMA COMPACTACAO,TRAVAMENTO,LOW,True,Weak nearest-centroid evidence: FALHA DE COMPACTACAO DE CAMADA (0.339).
DESARME DE EQUIPAMENTO,4,DESARMANDO SISTEMA ELETRICO DA MAQUINA || DESARME NA PALETIZADORA || DESARME DO SOPRADOR,MOTOR,EQUIPAMENTO,DESARME,LOW,True,Weak nearest-centroid evidence: DESARME DE MOTOR (0.416).
FALHA DE ANALISADOR,4,FALHA NO ANALISADOR COBRIX,UNKNOWN,ANALISADOR,FALHA,INSUFFICIENT,True,No reliable component-token or TRAIN-centroid family evidence.
FALHA DE EMPURRADOR,4,EMPURRADOR DE CAMADAS NÃO REALIZA CICLO AUTOMATICO E NÃO RESPONDE AS FUNÇÕES MANUAIS. ORDEM- 30008219052 || FALHA NO EMPURRADOR DE CAMADAS NA GAIOLA || FALHA NO EMPURRADOR,UNKNOWN,EMPURRADOR,FALHA,INSUFFICIENT,True,No reliable component-token or TRAIN-centroid family evidence.
FALHA DE PINO,4,PINO DE SEPARAÇÃO ESTÁ COM JOGO || PINO GUIA DO COMPACTADOR DE CAMADAS ESTAVAM SOLTOS (30008559630) || PINO DE SEPARAÇÃO SOLTO TOMBANDO GARRAFAS 30008703883,UNKNOWN,PINO,FALHA,INSUFFICIENT,True,No reliable component-token or TRAIN-centroid family evidence.
FALHA NO ENVIO DE BEBIDA,4,FALHA EM PUXAR BEBIDA || ENCHEDORA VELOCIDADE REDUZIDA DEVIDO FALTA DE BEBIDA || ENCHEDORA SAINDO DO PASSO 10 DE PRODUÇAO E VOLTANDO PARA O PASSO 8 FAL MINIMA DE BEBIDA NA ENCHEDORA CAUSANDO FALHA,UNKNOWN,ENVIO BEBIDA,FALHA,INSUFFICIENT,True,No reliable component-token or TRAIN-centroid family evidence.
FALHA NO SISTEMA DE CORTE,4,"CSW EM FALHA, ORDEM : 30008450147 || FALHA DE SINCRONISMO NA CSW || FALHA NO RECUO DO PISTAÕ DO TRANSPORTE DE TAMPA DA CSW",UNKNOWN,SISTEMA CORTE,FALHA,INSUFFICIENT,True,No reliable component-token or TRAIN-centroid family evidence.
FALHA TROCADOR DE CALOR,4,"FALHA NO TROCADOR DE CALOR 30008856440 || FALHA NO TROCADOR DE CALOR || FALHA NO TROCADOR DE CALOR, OCASIONANDO FALTA DE BEBIDA NA ENCHEDORA",UNKNOWN,TROCADOR CALOR,FALHA,INSUFFICIENT,True,No reliable component-token or TRAIN-centroid family evidence.
TOMBAMENTO DE RECIPIENTES,4,ESTRELA DE SAIDA DA ENCHEDORA CAUSANDO TOMBAMENTO NAS GARRAFAS || ESTRELA DE SAIDA DA ENCHEDORA CAUSANDO TOMBAMENTO DAS GARRAFAS || LATA TOMBANDO NO TRANSPOTE,GARRAFA,TOMBAMENTO RECIPIENTES,UNKNOWN,LOW,True,Weak nearest-centroid evidence: ENROSCO DE GARRAFAS (0.389).
DESARME DE DISJUNTOR,3,"(30008489553) FORNO EM ALARME, DESARMOU O DIJUNTOR || FALHA NO DISJUNTOR TERMOMAGNÉTICO 30008767500 || DESARME DOS DISJUNTORES TAG 9Q0 E8Q1, ORDEM : 30008797007",UNKNOWN,DISJUNTOR,DESARME,INSUFFICIENT,True,No reliable component-token or TRAIN-centroid family evidence.
FALHA DE CALIBRACAO,3,FALHA NA CALIBRAÇÃO || FALHA NA ALTO CALIBRAÇÃO GAZ RODOX BAIXO- ORDEM 30008626762 || FALHA NA ALTO CALIBRAÇÃO GAZ RODOX BAIXO,PROCESSO,CALIBRACAO,FALHA,LOW,True,Weak nearest-centroid evidence: FALHA DE CONTROLE DE PROCESSO (0.343).
FALHA DE DRIVE,3,"CONV. DE FREQ. DO EMPURRADOR FALHA NO DRIVE || MOTOR PRINCIPAL EM FALHA, REALIZADA A TROCA DO DRIVE. || MOTOR PRINCIPAL EM FALHA. REALIZADA A TROCA DO DRIVE",UNKNOWN,DRIVE,FALHA,INSUFFICIENT,True,No reliable component-token or TRAIN-centroid family evidence.
FALHA DE FACA,3,TROCA DA FACA || TROCA DA FACA DE CORTE || SUBSTITUIÇÃO DA FACA (3000852257),UNKNOWN,FACA,FALHA,INSUFFICIENT,True,No reliable component-token or TRAIN-centroid family evidence.
FALHA DE MEDIDOR,3,FALHA NO MEDIDOR (30008404383) || FALHA NO MEDIDOR DE PRESSÃO DO JATOS FINAIS || FALHA NO MEDIDOR DE PRESSÃO DOS JATOS FINAIS,UNKNOWN,MEDIDOR,FALHA,INSUFFICIENT,True,No reliable component-token or TRAIN-centroid family evidence.
FALHA DE NOBREAK,3,"FALHA NOBREAK, FALTOU ENERGIA EQTO || FALHA NOBREAK ( ABASTECENDO A LAVADORA) || FALHA NO NO BREAK, FALHA NO MOTOR PRINCIPAL",UNKNOWN,NOBREAK,FALHA,INSUFFICIENT,True,No reliable component-token or TRAIN-centroid family evidence.
FALHA DE PLACA ELETRONICA,3,FALHA ELETRICA 30008418565 || QUEIMA DE PLACA || FALHA ELETRICA - QUEIMA PLACA,UNKNOWN,PLACA ELETRONICA,FALHA,INSUFFICIENT,True,No reliable component-token or TRAIN-centroid family evidence.
FALHA DE VEDACAO,3,TROCA DA VEDAÇÃO TUBULAÇÃO ETA || TROCA DA VEDAÇÃO DO CARBO || TROCA DE VEDAÇÃO DA TUBULAÇÃO DE BEBIDA.,TUBULACAO,VEDACAO,FALHA,LOW,True,Weak nearest-centroid evidence: VAZAMENTO EM TUBULACAO (0.415).
QUEBRA DE BRACO,3,QUEBROU BRAÇO DO EMPURADOR DE TAMPAS CSW || QUEBRA DO BRAÇO DE TORÇÃO DO MOTOREDUTOR TAG 223M1,UNKNOWN,BRACO,QUEBRA,INSUFFICIENT,True,No reliable component-token or TRAIN-centroid family evidence.
TRAVAMENTO DE ROLO DE COLA,3,ROLO DE TRANSFERÊNCIA DE COLA DO AGREGADO 2 TRAVANDO,ROLAMENTO,ROLO COLA,TRAVAMENTO,LOW,True,Weak nearest-centroid evidence: FALHA DE ROLAMENTO (0.399).
VAZAMENTO,3,"TUBULAÇÃO DE XAROPE COM VAZAMENTO || VAZAMENTO DE SODA NO TANQUE 2 30008310740 || VAZAMENTO DE AGUA NO FILTRO POLIDOR,GERANDO FALHA NOS JATOS FINAIS.",VALVULA,UNKNOWN,VAZAMENTO,LOW,True,Weak nearest-centroid evidence: VAZAMENTO EM VALVULA (0.327).
ALTERACAO DA VELOCIDADE DO DEVICER,2,ALTERAÇÃO DA VELOCIDADE DO DEVICER,TRANSPORTE,ALTERACAO VELOCIDADE DEVICER,UNKNOWN,LOW,True,Weak nearest-centroid evidence: FALHA DE VELOCIDADE DO TRANSPORTE (0.370).
AUSENCIA DE PARAFUSO DE FIXACAO,2,SEM PARAFUSO NO SUPORTE DA TULIPA NUMERO 44E60 || FALTA DO PARAFUSO DO SUPORTE DA TULIPA NUMERO 67,UNKNOWN,AUSENCIA PARAFUSO FIXACAO,UNKNOWN,INSUFFICIENT,True,No reliable component-token or TRAIN-centroid family evidence.
COLISAO DO BRACO DE ESTIRAMENTO,2,BRAÇO DO ESTIRAMENTO COLEDINDO COM O ROLO DE CARPETE 30008404449 || BRAÇO DO ESTIRAMENTO COLEDINDO COM O ROLO DE CARPETE 30008406795,SUPORTE,COLISAO BRACO ESTIRAMENTO,UNKNOWN,LOW,True,Weak nearest-centroid evidence: DEFORMACAO DE SUPORTE (0.350).
DESALINHAMENTO DE CENTRADOR,2,"CENTRADOR DE CAIXAS FORA DA POSIÇÃO ORDEM: 30008315318 || CENTRADOR DIREITO FURANDO GARRAFAS, FEITO AJUSTE DE POSIÇÃO DE 40MM PARA 30MM. ORDEM-30008863503.",UNKNOWN,CENTRADOR,DESALINHAMENTO,INSUFFICIENT,True,No reliable component-token or TRAIN-centroid family evidence.
DESALINHAMENTO DO BRACO DE CENTRAGEM,2,AJUSTEDA POSICAO DO BRAÇO EMPURRADOR CENTRAGEM DE CAMADAS 30008360239,UNKNOWN,BRACO CENTRAGEM,DESALINHAMENTO,INSUFFICIENT,True,No reliable component-token or TRAIN-centroid family evidence.
DESARME DE PAINEL,2,"ENCAIXOTADORA DESARMOU NO PAINEL , TEVE QUE SER ACIONADO A ELETRICA || PALETIZADORA COM PAINEL DESARMADO ORDEM 30008626800",UNKNOWN,PAINEL,DESARME,INSUFFICIENT,True,No reliable component-token or TRAIN-centroid family evidence.
DESARME DE PAINEL DE COMANDO,2,DESARME DO PAINEL DE COMANDOS ELETRICOS,UNKNOWN,PAINEL COMANDO,DESARME,INSUFFICIENT,True,No reliable component-token or TRAIN-centroid family evidence.
ENTUPIMENTO,2,ENTUPIMENTO DA TUBULAÇÃO || BICO DO GÁS 1 OBSTRUIDO,TUBULACAO,UNKNOWN,ENTUPIMENTO,MEDIUM,True,Nearest TRAIN centroid is ENTUPIMENTO DE TUBULACAO (0.537) in TUBULACAO.
ESTABILIDADE DE EQUIPAMENTO,2,ESTABILIDADE DE EQUIPAMENTO,UNKNOWN,ESTABILIDADE EQUIPAMENTO,UNKNOWN,INSUFFICIENT,True,No reliable component-token or TRAIN-centroid family evidence.
FALHA DE ACOPLAMENTO,2,FREIO DE ELEVAÇÃO E ACOPLAMENTO DANIFICADO || ACOPLAMENTO DO TRANSPORTE DO ALIMENTADOR 1 DANIFICADO,UNKNOWN,ACOPLAMENTO,FALHA,INSUFFICIENT,True,No reliable component-token or TRAIN-centroid family evidence.
FALHA DE ALIMENTACAO,2,"FALHA NO ENVIO || FALHA NO ABASTECIMENTO, ORDEM : 30008755909",UNKNOWN,ALIMENTACAO,FALHA,INSUFFICIENT,True,No reliable component-token or TRAIN-centroid family evidence.
FALHA DE CAME,2,TROCA DA PONTA DO CAME ORDEM 30008591391 || TRAVAMENTO DO CAME,UNKNOWN,CAME,FALHA,INSUFFICIENT,True,No reliable component-token or TRAIN-centroid family evidence.
FALHA DE COLISAO DA GAIOLA,2,FALHA DE COLISAO DA GAIOLA || FALHA DE COLISÃO DA GAIOLA,UNKNOWN,COLISAO GAIOLA,FALHA,INSUFFICIENT,True,No reliable component-token or TRAIN-centroid family evidence.
FALHA DE CONTAGEM DE PRODUTO,2,PASSANDO LATA A MAIS NO SISTEMA DE FORMAÇÃO DE PACOTE,CAMADA,CONTAGEM PRODUTO,FALHA,LOW,True,Weak nearest-centroid evidence: FALHA DE FORMACAO DE CAMADA (0.331).
FALHA DE JATOS DE ENXAGUE,2,JATOS FINAIS BAIXOS . ORDEM ;30008465755 || FALHA NO JATO FINAIS.,UNKNOWN,JATOS ENXAGUE,FALHA,INSUFFICIENT,True,No reliable component-token or TRAIN-centroid family evidence.
FALHA DE LEITURA,2,"FALSA REJEIÇÃO DE GARRAFAS, CAMERA 4 || ENCHEDORA NÃO RECINHECENDO O PULSO DA RECEITA DE 200ML, PULSO FICOU EM 2000ML",UNKNOWN,LEITURA,FALHA,INSUFFICIENT,True,No reliable component-token or TRAIN-centroid family evidence.
FALHA DE LUBRIFICACAO,2,CAINDO GRAXA NO CAPSULADOR || TRAVAMENTO POR FALTA DE GRAXA,TAMPA,LUBRIFICACAO,FALHA,LOW,True,Weak nearest-centroid evidence: FALHA DE TAMPAMENTO (0.280).
FALHA DE MIXER,2,FALHA NO PARAMIX || FALHA NO MIXER ORDEM 30008716794,UNKNOWN,MIXER,FALHA,INSUFFICIENT,True,No reliable component-token or TRAIN-centroid family evidence.
FALHA DE PINO DE SEPARACAO,2,PINO DE SEPARACAO FORA DA POSICAO || QUEDA DE GFS NOS PINO DE SEPARAÇÃO/ FORA DE SINCRONISMO,SINCRONISMO,PINO SEPARACAO,FALHA,MEDIUM,True,Nearest TRAIN centroid is FALHA DE SINCRONISMO (0.454) in SINCRONISMO.
FALHA DE PRESSAO,2,"FALHA DE PRESSURIZAÇÃO GERANDO FALHA NO NIVEL DE BEBIDA DE TANQUE, PARANDO ENC || NAS RETOMADAS ENCHEDORA ESTÁ PERDENDO PRESSÃO E GERANDO FALHA DE (FMC)",UNKNOWN,PRESSAO,FALHA,INSUFFICIENT,True,No reliable component-token or TRAIN-centroid family evidence.
FALHA DE SEQUENCIAMENTO DA PALETIZADORA,2,"PALETIZADORA INICIOU A MONTAGEM DAS CAMADAS SEM O PALETE MONTADO ANTERIOR TER SAIDO, GERANDO COLISÃO ENTRE GAIOLA E PALETE.",ROBO,SEQUENCIAMENTO PALETIZADORA,FALHA,LOW,True,Weak nearest-centroid evidence: FALHA NA GARRA DO ROBO (0.254).
FALHA DE TRANSDUTOR,2,FALHA NO TRANSDUTOR DIFERENCIAL DE PRESSÃO ORDEM 30008740141 || FALHA NO TRANSDUTOR DE PRESSÃO 30008807193,UNKNOWN,TRANSDUTOR,FALHA,INSUFFICIENT,True,No reliable component-token or TRAIN-centroid family evidence.
PENTES SOLTOS,2,PENTE SEM PORCA DE FIXAÇÃO SE SOLTOU TRAVANDO EQUIPAMENTO / 30008359530,UNKNOWN,PENTES SOLTOS,UNKNOWN,INSUFFICIENT,True,No reliable component-token or TRAIN-centroid family evidence.
PERDA DE REFERENCIA HOME,2,PERDA DE REFERÊNCIA NO CORTE DE FILME || MAQUINA SE PERDEU APÓS TROCA DE FILME,FILME,PERDA REFERENCIA HOME,UNKNOWN,LOW,True,Weak nearest-centroid evidence: FALHA DE CORTE DE FILME (0.393).
PINO DE SEPARACAO TRAVADO,2,PINO DE SEPARAÇÃO TRAVADO - 30008420573 || GARRAFA SEM TAMPA TRAVOU NO PINO DE SEPARAÇÃO,UNKNOWN,PINO SEPARACAO TRAVADO,UNKNOWN,INSUFFICIENT,True,No reliable component-token or TRAIN-centroid family evidence.
TAB DANIFICADO,2,TAB DANIFICADO GERANDO ENROSCO.,UNKNOWN,TAB DANIFICADO,UNKNOWN,INSUFFICIENT,True,No reliable component-token or TRAIN-centroid family evidence.
TRAVAMENTO DE BOIA,2,"BOIA DA ENCHEDORA TRAVADA , CAUSANDO NIVEIS BAIXOS NAS GARRAFAS , FOI FEITO A LIMPEZA E VOLTOU AO NORMAL || BOIA DA CUBA DE AGUA TRAVANDO",UNKNOWN,BOIA,TRAVAMENTO,INSUFFICIENT,True,No reliable component-token or TRAIN-centroid family evidence.
TRAVAMENTO DO CAPSULADOR,2,CAPSULADOR NUMERO 5 TRAVO || CAPSULADOR COM PINO DA TRAVA SOLTO,TAMPA,CAPSULADOR,TRAVAMENTO,LOW,True,Weak nearest-centroid evidence: FALHA DE TAMPAMENTO (0.259).
VAZAMENTO NO COLETOR COM GAS BAIXO,2,VAZAMENTO DO COLETOR GERANDO GÁS BAIXO NA PARTIDA,UNKNOWN,COLETOR GAS BAIXO,VAZAMENTO,INSUFFICIENT,True,No reliable component-token or TRAIN-centroid family evidence.
AFROUXAMENTO DE PARAFUSO DE FIXACAO,1,"PARAFUSO DE FIXAÇÃO DA MESA DE CARGA SAINDO APERTO, FOI PRECISO SUBSTITUIR, ORDEM : 30008862422",UNKNOWN,AFROUXAMENTO PARAFUSO FIXACAO,UNKNOWN,INSUFFICIENT,True,No reliable component-token or TRAIN-centroid family evidence.
ATUACAO DO CIRCUITO DE EMERGENCIA,1,CIRCUITO DE EMERGENCIA ACIONADO,UNKNOWN,ATUACAO CIRCUITO EMERGENCIA,UNKNOWN,INSUFFICIENT,True,No reliable component-token or TRAIN-centroid family evidence.
COLISAO DO EMPURRADOR,1,COLISÃO DO PISTÃO DO EMPURRADOR COM A GUIA - ORDEM -30008516195,ATUADOR,COLISAO EMPURRADOR,UNKNOWN,LOW,True,Weak nearest-centroid evidence: QUEBRA DE ATUADOR (0.260).
DANIFICACAO DA BUCHA DE ELEVACAO DO PISTAO,1,"BUCHA DE ELEVÇÃO DO PISTÃO DANIFICADA ,VÁLVULA 55(GARRAFAS ENTRANDO TORTA E SAINDO VAZIA",UNKNOWN,DANIFICACAO BUCHA ELEVACAO PISTAO,UNKNOWN,INSUFFICIENT,True,No reliable component-token or TRAIN-centroid family evidence.
DEFORMACAO DE FACA,1,TROCA DA FACA DA RAMPA DE ACELERAÇÃO - ORDEM 30008412774,UNKNOWN,FACA,DEFORMACAO,INSUFFICIENT,True,No reliable component-token or TRAIN-centroid family evidence.
DEFORMACAO DE HASTE,1,HASTE POSICIONADORA DE TAMPAS ESTAVA TORTA OCASIONANDO FALHA NO EQUIPAMENTO (30008421830),UNKNOWN,HASTE,DEFORMACAO,INSUFFICIENT,True,No reliable component-token or TRAIN-centroid family evidence.
DEFORMACAO DE MEXEDOR,1,"MEXEDOR DO TRANSPORTE DE GARRAFAS NA ENTRADA DA LAVADORA TORTO , MANUTENCAO ATUOU",TRANSPORTE,MEXEDOR,DEFORMACAO,LOW,True,Weak nearest-centroid evidence: FALHA DE TRANSPORTE (0.279).
DESALINHAMENTO DE CHAPA,1,ALINHAMENTO DA CHAPA DO TRANSPORTE DE SAIDA DE GARRAFAS DO CAPSULADOR.,TRANSPORTE,CHAPA,DESALINHAMENTO,LOW,True,Weak nearest-centroid evidence: FALHA DE TRANSPORTE (0.288).
DESALINHAMENTO DE MASCARA,1,AJUSTES NA POSIÇÃO DA MASCRA,UNKNOWN,MASCARA,DESALINHAMENTO,INSUFFICIENT,True,No reliable component-token or TRAIN-centroid family evidence.
DESARME PALETIZADORA,1,PALETIZADORA DESARMANDO NA FORMAÇÃO DE CAMADA,CAMADA,PALETIZADORA,DESARME,MEDIUM,True,Nearest TRAIN centroid is FALHA DE FORMACAO DE CAMADA (0.553) in CAMADA.
DESGASTE DE PINO DE SEPARACAO,1,FALHA PINO SEPARACAO GARRAFA PULANDO PINO (30008425466),UNKNOWN,PINO SEPARACAO,DESGASTE,INSUFFICIENT,True,No reliable component-token or TRAIN-centroid family evidence.
DESPRENDIMENTO DO PISTAO DE TRAVAMENTO,1,SOLTOU PISTÃO DE TRAVAMENTO DE CAIXAS NA ENTRADA DA DESENCAIXOTADORA.NOTA 30008868905,ATUADOR,DESPRENDIMENTO PISTAO,TRAVAMENTO,LOW,True,Weak nearest-centroid evidence: TRAVAMENTO DE ATUADOR (0.295).
ESPANAMENTO DE PARAFUSO,1,PARAFUSO ESPANOU NO TRANSPORTE 30008867087,UNKNOWN,ESPANAMENTO PARAFUSO,UNKNOWN,INSUFFICIENT,True,No reliable component-token or TRAIN-centroid family evidence.
FALHA DE ACIONAMENTO DO EMPURRADOR,1,FALHA NO ACIONAMENTO DO EMPURRADOR,UNKNOWN,ACIONAMENTO EMPURRADOR,FALHA,INSUFFICIENT,True,No reliable component-token or TRAIN-centroid family evidence.
FALHA DE AMOSTRAGEM,1,FALHA DE LINHA AMOSTRA BAIXA ORDEM: 30008427066,UNKNOWN,AMOSTRAGEM,FALHA,INSUFFICIENT,True,No reliable component-token or TRAIN-centroid family evidence.
FALHA DE APLICACAO DE COLA,1,FALHA APLICAÇÃO COLA AGREGADO 2 - ENROSCO,UNKNOWN,APLICACAO COLA,FALHA,INSUFFICIENT,True,No reliable component-token or TRAIN-centroid family evidence.
FALHA DE BANDEIROLA,1,FALHA NA BANDEROLA,UNKNOWN,BANDEIROLA,FALHA,INSUFFICIENT,True,No reliable component-token or TRAIN-centroid family evidence.
FALHA DE BOCAL,1,"FALHA NA CAPSULAGEM DAS GARRAFAS,GUIAS DO BOCAL DA GARRAFA FORA DE POSIÇÃO 30008398121",DESCAPSULAMENTO,BOCAL,FALHA,LOW,True,Weak nearest-centroid evidence: FALHA DE DESCAPSULAMENTO (0.252).
FALHA DE BOTOEIRA DE EMERGENCIA,1,FALHA DE BOTOEIRA DE EMERGENCIA CABO SOLTO ORDM: 30008543984,UNKNOWN,BOTOEIRA EMERGENCIA,FALHA,INSUFFICIENT,True,No reliable component-token or TRAIN-centroid family evidence.
FALHA DE BRACO DE TUBETES,1,FALHA NO BRAÇO DE BUSCAR TUBETES / E DESEMBALAR TUBETES (30008514151),UNKNOWN,BRACO TUBETES,FALHA,INSUFFICIENT,True,No reliable component-token or TRAIN-centroid family evidence.
FALHA DE CENTRADOR,1,DESLIGAMENTO DO CENTRADOR DE CAMADAS 30008760997,UNKNOWN,CENTRADOR,FALHA,INSUFFICIENT,True,No reliable component-token or TRAIN-centroid family evidence.
FALHA DE CHAVE DE EMERGENCIA,1,FALHA NO CHAVE DE MEMERGENCIA,UNKNOWN,CHAVE EMERGENCIA,FALHA,INSUFFICIENT,True,No reliable component-token or TRAIN-centroid family evidence.
FALHA DE CIP,1,"FALHA NO CIP, ENCHEDORA NAO CONTABILIZAVA O TEMPO DE CADA PASSO",UNKNOWN,CIP,FALHA,INSUFFICIENT,True,No reliable component-token or TRAIN-centroid family evidence.
FALHA DE COLETOR,1,COLETOR EM FALHA,UNKNOWN,COLETOR,FALHA,INSUFFICIENT,True,No reliable component-token or TRAIN-centroid family evidence.
FALHA DE COMANDO DA ARVORE DE ESPUMA,1,FALHA NO COMANDO DA ARVORE DE ESPUMA,UNKNOWN,COMANDO ARVORE ESPUMA,FALHA,INSUFFICIENT,True,No reliable component-token or TRAIN-centroid family evidence.
FALHA DE CONTROLE DE BRIX,1,BRIX DA BEBIDA FORA DE PADRÃO ( ORDEM - 30008701508),UNKNOWN,CONTROLE BRIX,FALHA,INSUFFICIENT,True,No reliable component-token or TRAIN-centroid family evidence.
FALHA DE CORTE DA EMBALAGEM DO TUBETE,1,FALHA NO CORTE DA EMBALAGEM DO TUBETE OCASIONANDO ENROSCO DE TAMPAS NA RECRAVADORA,TAMPA,CORTE EMBALAGEM TUBETE,FALHA,LOW,True,Weak nearest-centroid evidence: ENROSCO DE TAMPAS (0.387).
FALHA DE ELEMENTO DE TRANSMISSAO,1,"ESCAPOU CORRENTE DE TRAÇÃO DO TRANSPORTE,ORDEM 30008566282",UNKNOWN,ELEMENTO TRANSMISSAO,FALHA,INSUFFICIENT,True,No reliable component-token or TRAIN-centroid family evidence.
FALHA DE ENCOSTO DE AGRUPAMENTO,1,"FALHA DE ENCOSTO DE AGRUPAMENTO ,NÃO NA POSIÇÃO FINAL",UNKNOWN,ENCOSTO AGRUPAMENTO,FALHA,INSUFFICIENT,True,No reliable component-token or TRAIN-centroid family evidence.
FALHA DE FEEDBACK,1,FALHA NO FEEDBACK DA TUBULAÇÃO DE DRENO E ALIVIO DE PRESSÃO DA ENCHEDORA,ENCHIMENTO,FEEDBACK,FALHA,LOW,True,Weak nearest-centroid evidence: FALHA DE PRESSURIZACAO DA ENCHEDORA (0.291).
FALHA DE FIXACAO DA TULIPA,1,SUPORTE DA TULIPA DA VÁLVULA NUMERO 5 SOLTOU / NOTA : 30008313189,UNKNOWN,FIXACAO TULIPA,FALHA,INSUFFICIENT,True,No reliable component-token or TRAIN-centroid family evidence.
FALHA DE FIXACAO DE PROTECAO,1,QUEDA DA GRADE DE PROTEÇÃO,UNKNOWN,FIXACAO PROTECAO,FALHA,INSUFFICIENT,True,No reliable component-token or TRAIN-centroid family evidence.
FALHA DE GERADOR DE IMPULSOS,1,FALHA NO GERADOR DE IMPULSOS TRIGGER N: 07,UNKNOWN,GERADOR IMPULSOS,FALHA,INSUFFICIENT,True,No reliable component-token or TRAIN-centroid family evidence.
FALHA DE MEDIDOR DE VAZAO,1,"FALHA DE ENCHIMENTO VALVULA N°51,52 E 81 - TROCA DO MEDIDOR DE VAZAO",VALVULA,MEDIDOR VAZAO,FALHA,LOW,True,Weak nearest-centroid evidence: FALHA DE VALVULA DE ENCHIMENTO (0.352).
FALHA DE NIVEL DE AGUA,1,NIVE DE AGUA DA CUBA ABAIXANDO,UNKNOWN,NIVEL AGUA,FALHA,INSUFFICIENT,True,No reliable component-token or TRAIN-centroid family evidence.
FALHA DE PARAMETRIZACAO DE RECEITA,1,FALHA NO CALCULO DE CURVA DA RECEITA DE 200ML (ORDEM: 30008776224),UNKNOWN,PARAMETRIZACAO RECEITA,FALHA,INSUFFICIENT,True,No reliable component-token or TRAIN-centroid family evidence.
FALHA DE PINOS DE TRANSFERENCIA,1,PINOS PEGANDO NAS GARRAFAS,CAMADA,PINOS TRANSFERENCIA,FALHA,LOW,True,Weak nearest-centroid evidence: FALHA NA PEGADA DE CAMADA (0.262).
FALHA DE PRANCHA,1,PRANHA DERRUBANDO PACOTES,UNKNOWN,PRANCHA,FALHA,INSUFFICIENT,True,No reliable component-token or TRAIN-centroid family evidence.
FALHA DE PRE ENXAGUE,1,FALHA NO PRE ESGUICHO,UNKNOWN,PRE ENXAGUE,FALHA,INSUFFICIENT,True,No reliable component-token or TRAIN-centroid family evidence.
FALHA DE PRESSAO DE AGUA,1,"FALHA DE ""SEG DE PRESSÃO DE H2O NO RESFRIAMENTO NO PINO DE ENXAGUE¨",UNKNOWN,PRESSAO AGUA,FALHA,INSUFFICIENT,True,No reliable component-token or TRAIN-centroid family evidence.
FALHA DE PROPORCIONAMENTO,1,FALHA NA PROPORCAO DE XAROPE/AGUA,VALVULA,PROPORCIONAMENTO,FALHA,LOW,True,Weak nearest-centroid evidence: FALHA DE VALVULA DE XAROPE (0.322).
FALHA DE RESFRIAMENTO,1,FALHA DE RESFRIAMENTO NO PINO DE ENXAGUE ENCHEDORA,UNKNOWN,RESFRIAMENTO,FALHA,INSUFFICIENT,True,No reliable component-token or TRAIN-centroid family evidence.
FALHA DE RETORNO DO BRACO DE SOLDA,1,BRAÇO DA SOLDA NÃO ESTAVA VOLTANDO,UNKNOWN,RETORNO BRACO SOLDA,FALHA,INSUFFICIENT,True,No reliable component-token or TRAIN-centroid family evidence.
FALHA DE ROLO DE ESTIRAMENTO,1,"ROLO DO CARPETE TORTO NOTA , 30008400277",SUPORTE,ROLO ESTIRAMENTO,FALHA,LOW,True,Weak nearest-centroid evidence: DEFORMACAO DE SUPORTE (0.368).
FALHA DE ROLO SEPARADOR,1,ROLO SEPARADOR DE GARRAFAS DERRUBANDO COM E SEM APOIO,UNKNOWN,ROLO SEPARADOR,FALHA,INSUFFICIENT,True,No reliable component-token or TRAIN-centroid family evidence.
FALHA DE ROTACAO,1,"PALETIZADORA EM FALHA DE ROTAÇÃO , NOTA 30008598948",UNKNOWN,ROTACAO,FALHA,INSUFFICIENT,True,No reliable component-token or TRAIN-centroid family evidence.
FALHA DE SOLENOIDE,1,SOLENOIDE DO ENVIAO DE AGUA PARA O CAPSULADOR E DE FINISH - ORDEM: 30008660813,UNKNOWN,SOLENOIDE,FALHA,INSUFFICIENT,True,No reliable component-token or TRAIN-centroid family evidence.
FALHA DE SOPRADOR,1,ACERTO DO AR DO SOPRADOR DE AR DAS ROLHAS.,UNKNOWN,SOPRADOR,FALHA,INSUFFICIENT,True,No reliable component-token or TRAIN-centroid family evidence.
FALHA DE TANGENCIAMENTO,1,TANGENCIAMENTO FORA,UNKNOWN,TANGENCIAMENTO,FALHA,INSUFFICIENT,True,No reliable component-token or TRAIN-centroid family evidence.
FALHA DE TERMOSTATO,1,ENROSCO DE ROTULO NO AGREGADO 2 ( FALHA NO TERMOSTATO DO AGREGADO 2 ),ROTULO,TERMOSTATO,FALHA,MEDIUM,True,Nearest TRAIN centroid is ENROSCO DE ROTULOS (0.509) in ROTULO.
FALHA ESTRUTURAL,1,Estrutura falta/danificada,UNKNOWN,ESTRUTURAL,FALHA,INSUFFICIENT,True,No reliable component-token or TRAIN-centroid family evidence.
FALHA NA ABERTURA DA GARRA,1,FALHA NA ABERTURA DA GARRA NA ENTREGA DO PALLET,VALVULA,ABERTURA GARRA,FALHA,LOW,True,Weak nearest-centroid evidence: FALHA DE ATUADOR DA VALVULA (0.274).
FALHA NA TROCA AUTOMATICA,1,"FALHA NA TROCA AUTOMATICA DE BOBINA, SENDO NECESSÁRIO FAZER MANUALMENTE",BOBINA,TROCA AUTOMATICA,FALHA,LOW,True,Weak nearest-centroid evidence: FALHA NA TROCA DE BOBINA (0.285).
FALHA NO CARREGAMENTO DE RECEITA,1,"RECEITA DO PRODUTO, NÃO ESTAVA CARREGANDO, FOI AJUSTADO EM OUTRA RECEITA.",UNKNOWN,CARREGAMENTO RECEITA,FALHA,INSUFFICIENT,True,No reliable component-token or TRAIN-centroid family evidence.
FALHA NO CIP RAMAL B,1,"FALHA NO CIP RAMAL B, DRENO ATIVANDO NO MEIO DO CIP",UNKNOWN,CIP RAMAL B,FALHA,INSUFFICIENT,True,No reliable component-token or TRAIN-centroid family evidence.
FALHA NO SISTEMA DE AR COMPRIMIDO,1,"FALTA DE AR COMPRIMIDO NO CABECOTE DA MAQUINA , NAO ESTAVA PEGANDO AS GARRAFAS , MANUTENCAO ELETRICA ATUOU",CABECOTE,SISTEMA AR COMPRIMIDO,FALHA,LOW,True,Weak nearest-centroid evidence: FALHA DE CABECOTE (0.281).
FALHA NO SUPRIMENTO DE AGUA,1,FALTA DE AGUA NA REGUA ULTRASSONICA,UNKNOWN,SUPRIMENTO AGUA,FALHA,INSUFFICIENT,True,No reliable component-token or TRAIN-centroid family evidence.
FALHA NOS SNIFS,1,"AJUSTE DE RÉGUA, LIMPEZA DOS BICOS E AJUSTE DOS SNIFS DA VÁLVULA 4",UNKNOWN,SNIFS,FALHA,INSUFFICIENT,True,No reliable component-token or TRAIN-centroid family evidence.
INTERFERENCIA MECANICA,1,ATRITO ENTRE O SUPORTE DO PISTAO DE LATAS FALSAS COM A ENCHEDORA,UNKNOWN,INTERFERENCIA MECANICA,UNKNOWN,INSUFFICIENT,True,No reliable component-token or TRAIN-centroid family evidence.
PERDA DE REFERENCIA DO CENTRADOR,1,"CENTRADOR DE FOLHA SEPARADORA ,PERDENDO A REFERENCIA",UNKNOWN,PERDA REFERENCIA CENTRADOR,UNKNOWN,INSUFFICIENT,True,No reliable component-token or TRAIN-centroid family evidence.
QUEBRA DE ANEL O RING,1,QUEBRA DO ANEL ORING DO BOCAL DO CAPSULADOR,TAMPA,ANEL RING,QUEBRA,LOW,True,Weak nearest-centroid evidence: FALHA DE TAMPAMENTO (0.269).
QUEBRA DE PINO,1,QUEBRA DO PINO DA GUIA DE ENTRADA,GUIA,PINO,QUEBRA,LOW,True,Weak nearest-centroid evidence: FALHA DE GUIA (0.359).
QUEBRA DE PISTAO,1,PISTAO DA CAPA CIP QUEBRADO,ATUADOR,PISTAO,QUEBRA,LOW,True,Weak nearest-centroid evidence: QUEBRA DE ATUADOR (0.407).
ROMPIMENTO DE TUBETE,1,ESTOURO DO TUBETE E FALHA NO SINCRONISMO DE CORTE,UNKNOWN,TUBETE,ROMPIMENTO,INSUFFICIENT,True,No reliable component-token or TRAIN-centroid family evidence.
SOBREAQUECIMENTO DE PROCESSADOR,1,AQUECIMENTO DO PROCESSADOR DO MIXER,UNKNOWN,PROCESSADOR,SOBREAQUECIMENTO,INSUFFICIENT,True,No reliable component-token or TRAIN-centroid family evidence.
TRANSBORDAMENTO DE TANQUE,1,TRANSBORDO DO DESAERADOR,UNKNOWN,TRANSBORDAMENTO TANQUE,UNKNOWN,INSUFFICIENT,True,No reliable component-token or TRAIN-centroid family evidence.
TRAVAMENTO DE BOCAL,1,BOCAL TRAVADO ( 30008219084 ),UNKNOWN,BOCAL,TRAVAMENTO,INSUFFICIENT,True,No reliable component-token or TRAIN-centroid family evidence.
TRAVAMENTO DE CENTRADOR,1,TRAVAMENTO DO CENTRADOR DE FOLHA SEPARADORA NA TROCA DO MESMO,UNKNOWN,CENTRADOR,TRAVAMENTO,INSUFFICIENT,True,No reliable component-token or TRAIN-centroid family evidence.
TRAVAMENTO DE CHAVE SECCIONADORA,1,TRAVA NA CHAVE SECCIONADORA,UNKNOWN,CHAVE SECCIONADORA,TRAVAMENTO,INSUFFICIENT,True,No reliable component-token or TRAIN-centroid family evidence.
TRAVAMENTO DE PINO DE SEPARACAO,1,"TRAVAMENTO DO PINO DE SEPARAÇÃO , NOTA 30008370910",UNKNOWN,PINO SEPARACAO,TRAVAMENTO,INSUFFICIENT,True,No reliable component-token or TRAIN-centroid family evidence.
TRAVAMENTO DE SNIFFER,1,SNIFFER TRAVADO,UNKNOWN,SNIFFER,TRAVAMENTO,INSUFFICIENT,True,No reliable component-token or TRAIN-centroid family evidence.
VAZAMENTO DE PRODUTO,1,"PASSAGEM DE BEBIDA PARA O DRENO, ORDEM : 30008839232",UNKNOWN,PRODUTO,VAZAMENTO,INSUFFICIENT,True,No reliable component-token or TRAIN-centroid family evidence.
VAZAMENTO EM CONEXAO,1,CONEXÃO SMS DO DESAERADOR COM VAZAMENTO DURANTE O CIP,UNKNOWN,CONEXAO,VAZAMENTO,INSUFFICIENT,True,No reliable component-token or TRAIN-centroid family evidence.
