row_id,observation,expected,current_rank,top1,top2,top3,top4,top5,family,support,reasons,features_that_favored_wrong_labels
66,"COMPACTADOR DE CARTÃO PARANDO FORA DE POSIÇÃO, VOLTANDO PARA POSIÇÃO MANUALMENTE",FALHA DE COMPACTACAO DE CAMADA,5,FALHA NO MANUSEIO DE CARTAO,FALHA NA TROCA DE PALETE DE CARTAO,FALHA DE MANDRIL,TRAVAMENTO DE PALETE,FALHA DE COMPACTACAO DE CAMADA,CAMADA,7,LOW_SUPPORT | SEMANTIC_OVERLAP | TAXONOMY_AMBIGUITY | WRONG_FAMILY | RERANKER_FAILURE,family_score=1.659018 | log_class_support=0.503080 | root_overlap=0.250290 | label_cosine=0.194935
167,FALHA NO TRANSPORTE DE PALETES 8241859,FALHA DE TRANSPORTE DE PALETES,4,FALHA DE TRANSPORTE DE PACOTES,FALHA DE BARREIRA,TRAVAMENTO DE TRANSPORTE,FALHA DE TRANSPORTE DE PALETES,FALHA DE INVERSOR,PALETE,1,SINGLETON | LOW_SUPPORT | SEMANTIC_OVERLAP | TAXONOMY_AMBIGUITY | WRONG_FAMILY | FLAT_MODEL_FAILURE,flat_score=1.089625 | top1_gap=0.549986 | log_class_support=0.361326 | token_overlap=0.210639
224,RECUPERAÇÃO DE ENVASE DEVIDO PARADA DO ENOS FALHA CRITICA RUIDO AUTO CANAL 1 ( 30008257602 ),FALHA DE INSPECAO,4,FALHA DE CONTROLE DE PROCESSO,FALHA DE SENSOR,FALHA DE MOTOR,FALHA DE INSPECAO,FALHA DE RECRAVACAO,INSPECAO,71,SEMANTIC_OVERLAP | TAXONOMY_AMBIGUITY | WRONG_FAMILY | FLAT_MODEL_FAILURE,flat_score=1.004447 | family_score=0.743879 | top1_gap=0.506992 | centroid_similarity=0.158040
239,SOBRE CORRENTE NO TRANSPORTE DE PALETE - OREDEM: 30008258302,SOBRECORRENTE,5,QUEBRA DE CORRENTE,TRAVAMENTO DE PALETE,FALHA DE ELEVADOR,FALHA DE ROBO,SOBRECORRENTE,CORRENTE,3,LOW_SUPPORT | SEMANTIC_OVERLAP | TAXONOMY_AMBIGUITY | FLAT_MODEL_FAILURE,flat_score=0.629281 | component_present=0.539617 | top1_gap=0.317628 | centroid_similarity=0.135933
311,ENROSCO NA RETIRADA DO QUADRO (ROMPIMENTO DO CABO DE ALIMENTAÇÃO DA BOBINA QUE ACIONA OS PISTÕES DE RETIRADA DO QUADRO(30008265417),ROMPIMENTO DE FILME,4,FALHA NO MANUSEIO DE CARTAO,ENROSCO DE CARTAO QUADRO,ENROSCO DE LATAS,ROMPIMENTO DE FILME,QUEBRA DE COMPONENTE,FILME,19,SEMANTIC_OVERLAP | TAXONOMY_AMBIGUITY | WRONG_FAMILY | RERANKER_FAILURE,flat_score=2.699582 | family_score=1.505086 | top1_gap=1.362608 | centroid_similarity=0.338065
449,FALHA PRESSÃO NO CABEÇOTE DA ENCHEDORA ORDEM 30008291471,FALHA DE PRESSURIZACAO DA ENCHEDORA,4,FALHA DE CABECOTE,DEFORMACAO DE CABECOTE,FALHA DE SENSOR,FALHA DE PRESSURIZACAO DA ENCHEDORA,FALHA DE VALVULA,ENCHIMENTO,1,SINGLETON | LOW_SUPPORT | SEMANTIC_OVERLAP | TAXONOMY_AMBIGUITY | WRONG_FAMILY | RERANKER_FAILURE,flat_score=1.494694 | family_score=1.316089 | top1_gap=0.754443 | component_present=0.539617
586,"FALTA DE GUIA CAUSANDO QUEDA DE LATA, FOI COLOCADO UM GUIA PROVISÓRIA PORÉM MÓVEL",QUEDA DE LATAS,4,FALHA DE GUIA,DESALINHAMENTO DE GUIA,DEFORMACAO DESALINHAMENTO DE GUIA,QUEDA DE LATAS,QUEDA DE GARRAFAS,LATA,22,SEMANTIC_OVERLAP | TAXONOMY_AMBIGUITY | WRONG_FAMILY | FLAT_MODEL_FAILURE,flat_score=0.585216 | family_score=0.564461 | component_present=0.539617 | top1_gap=0.295386
587,"FALTA DE GUIA CAUSANDO QUEDA DE LATA, FOI COLOCADO UM GUIA PROVISÓRIA PORÉM MÓVEL",QUEDA DE LATAS,4,FALHA DE GUIA,DESALINHAMENTO DE GUIA,DEFORMACAO DESALINHAMENTO DE GUIA,QUEDA DE LATAS,QUEDA DE GARRAFAS,LATA,22,SEMANTIC_OVERLAP | TAXONOMY_AMBIGUITY | WRONG_FAMILY | FLAT_MODEL_FAILURE,flat_score=0.585216 | family_score=0.564461 | component_present=0.539617 | top1_gap=0.295386
776,FALTA DE TAMPA NA TOLVA / VIBRADOR EM FALHA,FALHA DE ALIMENTACAO DE TAMPAS,4,FALHA DE VIBRADOR,ENROSCO DE TAMPAS,FALHA DE TAMPAMENTO,FALHA DE ALIMENTACAO DE TAMPAS,FALHA DE TRANSPORTE,TAMPA,16,SEMANTIC_OVERLAP | TAXONOMY_AMBIGUITY | WRONG_FAMILY | FLAT_MODEL_FAILURE,flat_score=1.937241 | top1_gap=0.977818 | label_cosine=0.670592 | component_present=0.539617
1376,VELOCIDADE BAIXA,VELOCIDADE REDUZIDA SEM CAUSA IDENTIFICADA,4,FALHA DE VELOCIDADE DO TRANSPORTE,AMASSAMENTO DE LATAS,FALHA DE SINCRONISMO,VELOCIDADE REDUZIDA SEM CAUSA IDENTIFICADA,BAIXA VELOCIDADE DE ESTEIRA,OTHER_UNKNOWN,6,LOW_SUPPORT | SEMANTIC_OVERLAP | TAXONOMY_AMBIGUITY | WRONG_FAMILY | OTHER_UNKNOWN | FLAT_MODEL_FAILURE | INSUFFICIENT_CONTEXT,flat_score=1.940215 | top1_gap=0.979319 | family_score=0.639726 | log_class_support=0.235612
1737,"CABO ROMPIDO NA PORTA DE ENTRADA DA DESPALETIZADORA, NAO ACIONANDO A LIBERAÇÃO DE PALETES",QUEBRA DE COMPONENTE,4,FALHA DE PORTA DE SEGURANCA,FALHA DE SENSOR,FALHA DE ENVOLVIMENTO,QUEBRA DE COMPONENTE,FALHA DE CABO DE SEGURANCA,OTHER_UNKNOWN,18,SEMANTIC_OVERLAP | TAXONOMY_AMBIGUITY | WRONG_FAMILY | OTHER_UNKNOWN | RERANKER_FAILURE,family_score=1.301409 | label_cosine=0.243720 | centroid_similarity=0.182659 | root_overlap=0.180209
1952,"LATA SENDO REJEITADA E CAINDO NA REJEIÇÃO, ENROSCANDO NO TRANSPORTE E FALNTANDO LATA PARA ENCHEDORA",ENROSCO DE LATAS,4,FALHA DE REJEICAO,TRAVAMENTO DE TRANSPORTE,FALHA DE VELOCIDADE DO TRANSPORTE,ENROSCO DE LATAS,ENROSCO DE TAMPAS,LATA,18,SEMANTIC_OVERLAP | TAXONOMY_AMBIGUITY | WRONG_FAMILY | RERANKER_FAILURE,flat_score=1.252318 | log_class_support=0.679782 | top1_gap=0.632105 | family_score=0.626390
2435,"VAZAMENTO DE AGUA NO FILTRO POLIDOR,GERANDO FALHA NOS JATOS FINAIS.",VAZAMENTO,5,FALHA DE PRESSAO DOS JATOS,FALHA DE FILTRO,VAZAMENTO EM VALVULA,FALHA DE JATOS DE ENXAGUE,VAZAMENTO,OTHER_UNKNOWN,1,SINGLETON | LOW_SUPPORT | SEMANTIC_OVERLAP | TAXONOMY_AMBIGUITY | OTHER_UNKNOWN | FLAT_MODEL_FAILURE,flat_score=2.447365 | top1_gap=1.235302 | centroid_similarity=0.498101 | log_class_support=0.477647
2453,"QUEBRA DO GUIA DE SEPARAÇÃO DE GARRAFAS DE ENTRADA DA EMPACOTADORA , NOTA 30008583428",FALHA DE GUIA,4,ENROSCO DE GARRAFAS,QUEDA DE GARRAFAS,QUEBRA DE PARAFUSO,FALHA DE GUIA,QUEBRA DE ESTEIRA,GUIA,13,SEMANTIC_OVERLAP | TAXONOMY_AMBIGUITY | WRONG_FAMILY | FLAT_MODEL_FAILURE,flat_score=0.877030 | top1_gap=0.442679 | family_score=0.440571 | log_class_support=0.397290
3563,TAMPA METALICA AMASSANDO DENTRO DO ARROLHADOR E CAUSANDO PARADA,AMASSAMENTO DE LATAS,4,ENROSCO DE TAMPAS,FALHA DE TAMPAMENTO,FALHA DE ALIMENTACAO DE TAMPAS,AMASSAMENTO DE LATAS,TAMPA INVERTIDA,LATA,9,LOW_SUPPORT | SEMANTIC_OVERLAP | TAXONOMY_AMBIGUITY | WRONG_FAMILY | RERANKER_FAILURE,family_score=1.711006 | log_class_support=0.784050 | flat_score=0.515637 | top1_gap=0.260267
3707,PARADA NO CHUTADOR DO INSPETOR DE NIVEL 30008792217,FALHA DE REJEICAO,4,FALHA DE INSPECAO,FALHA DE SENSOR,FALHA DE ENCHIMENTO,FALHA DE REJEICAO,FALHA DE COMUNICACAO,REJEICAO,69,SEMANTIC_OVERLAP | TAXONOMY_AMBIGUITY | WRONG_FAMILY | RERANKER_FAILURE,flat_score=2.249251 | family_score=1.156238 | top1_gap=1.135305 | root_overlap=0.300348
3763,ESTEIRA DESNIVELADA (30008795344),DESNIVELAMENTO DE ESTEIRA,5,ESCAPE DE ESTEIRA,QUEBRA DE ESTEIRA,FALHA DE ESTEIRA,TRAVAMENTO DE ESTEIRA,DESNIVELAMENTO DE ESTEIRA,ESTEIRA,2,LOW_SUPPORT | SEMANTIC_OVERLAP | TAXONOMY_AMBIGUITY | FLAT_MODEL_FAILURE | INSUFFICIENT_CONTEXT,log_class_support=1.670947 | flat_score=1.584257 | top1_gap=0.799650 | component_present=0.539617
4415,VALVULA DO AR PREVIO,SEM MODO DE FALHA IDENTIFICADO,5,FALHA DE VALVULA,FALHA DE VALVULA DE ENCHIMENTO,TRAVAMENTO DE VALVULA,VAZAMENTO EM VALVULA,SEM MODO DE FALHA IDENTIFICADO,OTHER_UNKNOWN,69,SEMANTIC_OVERLAP | TAXONOMY_AMBIGUITY | WRONG_FAMILY | OTHER_UNKNOWN | RERANKER_FAILURE,family_score=0.762505 | root_overlap=0.600696 | component_present=0.539617 | label_cosine=0.468888
