expected,predicted,v1_3_count,v1_4_count,v1_5_count,versions_present,total_count,same_family,semantic_similarity,expected_support,predicted_support,review_priority,recommended_action
FALHA DO COLOCADOR DE CHAPATEX,FALHA DO COLOCADOR DE CARTAO,1,1,1,3,3,True,0.86206897,3,2,83.2946,TAXONOMY_REVIEW
FALHA DE ENVOLVIMENTO,FALHA DE REGUA DE ENVOLVIMENTO,1,1,1,3,3,True,0.82352941,67,9,82.5238,GENERIC_SPECIFIC_REVIEW
DEFORMACAO DESALINHAMENTO DE GUIA,DESALINHAMENTO DE GUIA,1,1,1,3,3,True,0.8,12,9,82.0532,GENERIC_SPECIFIC_REVIEW
FALHA DE MISTURA,FALHA DE MIXER,1,1,1,3,3,True,0.8,5,2,82.0532,TAXONOMY_REVIEW
QUEBRA DE ENGRENAGEM,FALHA DE ENGRENAGEM,1,1,1,3,3,True,0.76923077,2,9,81.4379,TAXONOMY_REVIEW
FALHA DE MANGUEIRA,FALHA DE CONEXAO DE MANGUEIRA,1,1,1,3,3,True,0.76595745,3,8,81.3724,GENERIC_SPECIFIC_REVIEW
DESARME DE ESTEIRA,QUEBRA DE ESTEIRA,1,1,1,3,3,True,0.74285714,3,85,80.9104,TAXONOMY_REVIEW
TRAVAMENTO DE PERSIANA,FALHA DE PERSIANA,1,1,1,3,3,True,0.71794872,4,1,80.4122,TAXONOMY_REVIEW
SOBRECORRENTE,QUEBRA DE CORRENTE,1,1,1,3,3,True,0.70967742,5,6,80.2468,TAXONOMY_REVIEW
TRAVAMENTO DE ATUADOR,QUEBRA DE ATUADOR,1,1,1,3,3,True,0.68421053,14,8,79.7374,LABEL_GUIDELINE_REVIEW
FALHA DE MANGUEIRA PNEUMATICA,FALHA DE CONEXAO DE MANGUEIRA,1,1,1,3,3,True,0.62068966,4,8,78.467,LABEL_GUIDELINE_REVIEW
FALHA NO VIRADOR DE CAIXAS,ENROSCO DE CAIXAS,1,1,1,3,3,True,0.60465116,2,10,78.1463,LABEL_GUIDELINE_REVIEW
ENROSCO DE GARRAFAS,TRAVAMENTO DE GARRAFAS NA SAIDA DA LAVADORA,1,1,1,3,3,True,0.59060633,46,3,77.8654,LABEL_GUIDELINE_REVIEW
FALHA DE COMUNICACAO,QUEIMA DA PLACA DEVICENET,2,2,2,3,6,True,0.35555556,69,1,77.6263,LABEL_GUIDELINE_REVIEW
DESALINHAMENTO DE EIXO,QUEBRA DE EIXO,1,1,1,3,3,True,0.55555556,4,16,77.1643,LABEL_GUIDELINE_REVIEW
FALHA DE JATOS DE ENXAGUE,FALHA DE PRESSAO DOS JATOS,1,1,1,3,3,True,0.54901961,2,6,77.0336,LABEL_GUIDELINE_REVIEW
FALHA DE LEITURA,FALHA DE PARAMETRIZACAO DE RECEITA,1,1,1,3,3,True,0.52,2,1,76.4532,LABEL_GUIDELINE_REVIEW
QUEBRA DE PARAFUSO,FALHA DE FREIO,1,1,1,3,3,True,0.4375,13,7,74.8032,LABEL_GUIDELINE_REVIEW
DESALINHAMENTO MECANICO,FALHA DE ABA CONICA,1,1,1,3,3,True,0.38095238,11,7,73.6723,LABEL_GUIDELINE_REVIEW
TRAVAMENTO DE ROBO,FALHA DE ROBO,2,2,2,3,6,True,0.64516129,13,30,73.4184,LABEL_GUIDELINE_REVIEW
ENROSCO DE ROTULOS,FALHA DE ROTULAGEM,3,3,3,3,9,True,0.5,16,20,73.359,LABEL_GUIDELINE_REVIEW
FALHA DE ENCHIMENTO,FALHA DE VALVULA DE ENCHIMENTO,14,1,1,3,16,False,0.7755102,145,166,73.1001,GENERIC_SPECIFIC_REVIEW
FALHA DE ELO DE ESTEIRA,QUEBRA DE ESTEIRA,2,2,2,3,6,True,0.6,11,85,72.5152,LABEL_GUIDELINE_REVIEW
ESCAPE DE ESTEIRA,FALHA DE ESTEIRA,1,1,2,3,4,True,0.72727273,108,36,72.3779,TAXONOMY_REVIEW
VAZAMENTO,FALHA DE PRESSAO DOS JATOS,1,1,1,3,3,True,0.28571429,3,6,71.7675,LABEL_GUIDELINE_REVIEW
TRAVAMENTO DE TRANSPORTE,DESARME DE TRANSPORTE,1,1,1,3,3,True,0.75555556,19,24,71.1643,TAXONOMY_REVIEW
FALHA DE VALVULA DE NITROGENIO,FALHA NO DOSADOR DE NITROGENIO,1,1,1,3,3,False,0.73333333,3,5,70.7199,TAXONOMY_REVIEW
FALHA DE ESTEIRA,QUEBRA DE ESTEIRA,1,1,1,3,3,True,0.72727273,36,85,70.5987,TAXONOMY_REVIEW
FALHA DE ROTULAGEM,ENROSCO DE ROTULOS,2,2,2,3,6,True,0.5,20,16,70.5152,LABEL_GUIDELINE_REVIEW
ENROSCO DE GARRAFAS,QUEDA DE GARRAFAS,1,1,1,3,3,True,0.72222222,46,88,70.4977,TAXONOMY_REVIEW
FALHA DE ESTEIRA,PATINAGEM DE ESTEIRA,1,1,1,3,3,True,0.72222222,36,19,70.4977,TAXONOMY_REVIEW
TRAVAMENTO DE ROLETES,FALHA DE ROLETES,1,1,1,3,3,True,0.7027027,12,46,70.1073,TAXONOMY_REVIEW
FALHA DE ALIMENTACAO DE TAMPAS,FALHA DE VIBRADOR,2,2,2,3,6,False,0.46808511,23,9,69.8769,COLLECT_MORE_DATA
FALHA DE CARBONATACAO,FALHA DE BOMBA,1,1,1,3,3,False,0.68571429,10,21,69.7675,COLLECT_MORE_DATA
DESARME DE DISJUNTOR,DESARME DE TRANSPORTE,1,1,1,3,3,False,0.68292683,3,24,69.7118,COLLECT_MORE_DATA
DESARME DE MOTOR,FALHA DE MOTOR,1,1,1,3,3,True,0.66666667,28,69,69.3866,LABEL_GUIDELINE_REVIEW
FALHA DE CAMERA,FALHA DE ROTULAGEM,1,1,1,3,3,False,0.66666667,4,20,69.3866,COLLECT_MORE_DATA
ESCAPE DE ESTEIRA,PATINAGEM DE ESTEIRA,1,1,1,3,3,True,0.64864865,108,19,69.0262,LABEL_GUIDELINE_REVIEW
ENROSCO DE LATAS,DESARME DE EQUIPAMENTO,2,2,2,3,6,False,0.42105263,28,4,68.9362,COLLECT_MORE_DATA
PATINS FORA DE POSICAO,QUEDA DE PACOTES,2,2,2,3,6,False,0.42105263,9,5,68.9362,COLLECT_MORE_DATA
FALHA DE PEGADOR,FALHA NA PEGA DE GARRAFAS,1,1,1,3,3,False,0.63414634,27,1,68.7362,COLLECT_MORE_DATA
QUEBRA DE TRANSPORTE,QUEDA DE GARRAFAS,1,1,1,3,3,False,0.59459459,10,88,67.9451,COLLECT_MORE_DATA
FALHA NO SISTEMA DE CORTE,FALHA DE TRANSPORTE,1,1,1,3,3,False,0.59090909,4,17,67.8714,COLLECT_MORE_DATA
DESARME DE EQUIPAMENTO,DESARME DE TRANSPORTE,1,1,1,3,3,False,0.55813953,4,24,67.216,COLLECT_MORE_DATA
FALHA DE FACA,FALHA DE CORTE DE FILME,1,1,1,3,3,False,0.55555556,3,57,67.1643,COLLECT_MORE_DATA
FALHA DE ALIMENTACAO DE GARRAFAS,FALHA DE SENSOR,1,1,1,3,3,False,0.55319149,8,397,67.1171,COLLECT_MORE_DATA
FALHA DE ATUADOR,QUEBRA DE ATUADOR,1,1,0,2,2,True,0.72727273,2,8,66.6383,TAXONOMY_REVIEW
FALHA NA SAIDA DE PALETES,FALHA DE BARREIRA,1,1,1,3,3,False,0.52380952,2,41,66.5294,COLLECT_MORE_DATA
FALHA DE PRESSURIZACAO DA ENCHEDORA,FALHA DE CABECOTE,1,1,1,3,3,False,0.5,2,3,66.0532,COLLECT_MORE_DATA
QUEBRA DE TRANSPORTE,FALHA DE INSPECAO,1,1,1,3,3,False,0.48648649,10,98,65.783,COLLECT_MORE_DATA
COLAPSO DE LATAS,AMASSAMENTO DE LATAS,0,1,1,2,2,True,0.66666667,9,15,65.4261,LABEL_GUIDELINE_REVIEW
FALHA DE PINCA,TRAVAMENTO DE PINCA,1,1,0,2,2,True,0.66666667,59,2,65.4261,LABEL_GUIDELINE_REVIEW
SEM MODO DE FALHA IDENTIFICADO,FALHA DE CABECOTE,1,1,1,3,3,False,0.46808511,100,3,65.4149,COLLECT_MORE_DATA
FALHA DE TWISTER,QUEDA DE LATAS,1,1,1,3,3,False,0.46666667,6,34,65.3866,COLLECT_MORE_DATA
FALHA DE FORMACAO DE CAMADA,FALHA DE MANGUEIRA PNEUMATICA,1,1,1,3,3,False,0.46428571,45,4,65.339,COLLECT_MORE_DATA
DESALINHAMENTO MECANICO,SEM MODO DE FALHA IDENTIFICADO,1,1,1,3,3,True,0.45283019,11,100,65.1098,LABEL_GUIDELINE_REVIEW
FALHA ELETRICA SEM COMPONENTE IDENTIFICADO,FALHA DE CABO DE SEGURANCA,1,1,1,3,3,False,0.44117647,7,1,64.8768,COLLECT_MORE_DATA
DESNIVELAMENTO DE ESTEIRA,QUEBRA DE ESTEIRA,1,1,0,2,2,True,0.61904762,4,85,64.4738,LABEL_GUIDELINE_REVIEW
FALHA DE CORRENTE,QUEDA DE GARRAFAS,1,1,1,3,3,False,0.41176471,3,88,64.2885,COLLECT_MORE_DATA
DESALINHAMENTO DE AGREGADO,ENROSCO DE ROTULOS,1,1,1,3,3,False,0.40909091,7,16,64.2351,COLLECT_MORE_DATA
FALHA DE TAMPAMENTO,QUEBRA DE ANEL O RING,1,1,1,3,3,False,0.4,18,1,64.0532,COLLECT_MORE_DATA
VELOCIDADE REDUZIDA SEM CAUSA IDENTIFICADA,FALHA DE VELOCIDADE DO TRANSPORTE,1,1,1,3,3,False,0.39951903,8,14,64.0436,COLLECT_MORE_DATA
FALHA DE FORMACAO DE CAMADA,TRAVAMENTO DE PALETE,1,1,1,3,3,False,0.38297872,45,9,63.7128,COLLECT_MORE_DATA
ESCAPE DE ESTEIRA,ROMPIMENTO DE ESTEIRA LONA,1,1,0,2,2,True,0.55813953,108,2,63.2556,LABEL_GUIDELINE_REVIEW
FALHA DE LEITURA DA GARRAFA TESTE,SEM MODO DE FALHA IDENTIFICADO,1,1,1,3,3,False,0.34920635,2,100,63.0374,COLLECT_MORE_DATA
FALHA DE ACUMULO NO TRANSPORTE,FALHA DE SINCRONISMO,3,3,3,3,9,False,0.48,14,58,62.959,INSUFFICIENT_EVIDENCE
SEM MODO DE FALHA IDENTIFICADO,FALHA NO DOSADOR DE NITROGENIO,1,1,1,3,3,False,0.33333333,100,5,62.7199,COLLECT_MORE_DATA
FALHA NA TROCA DE PALETE DE CARTAO,FALHA NA TROCA DE PALETE DE FOLHA SEPARADORA,2,0,2,2,4,False,0.82051282,20,6,62.576,TAXONOMY_REVIEW
ENROSCO DE LATAS,ENROSCO DE PACOTES,1,1,1,3,3,False,0.82352941,28,50,62.5238,TAXONOMY_REVIEW
SEM MODO DE FALHA IDENTIFICADO,FALHA DE ENVOLVIMENTO,3,3,3,3,9,False,0.43137255,100,67,61.9865,INSUFFICIENT_EVIDENCE
FALHA ELETRICA DO TRANSPORTE,FALHA ELETRICA SEM COMPONENTE IDENTIFICADO,0,1,1,2,2,True,0.48571429,3,7,61.8071,LABEL_GUIDELINE_REVIEW
TRAVAMENTO DE TRANSPORTE,SOBRECORRENTE,1,1,1,3,3,False,0.27027027,19,5,61.4586,COLLECT_MORE_DATA
FALHA DE REJEICAO,FALHA DE INSPECAO,1,1,1,3,3,False,0.76470588,93,98,61.3474,TAXONOMY_REVIEW
FALHA DE CALIBRACAO,SEM MODO DE FALHA IDENTIFICADO,1,1,0,2,2,True,0.44897959,3,100,61.0724,LABEL_GUIDELINE_REVIEW
FALHA NO CORTE DE TUBETES,FALHA DE CORTE DE FILME,1,1,1,3,3,False,0.70833333,11,57,60.2199,TAXONOMY_REVIEW
FALHA DE TRACAO GUIAMENTO DE FILME,FALHA DE CORTE DE FILME,2,2,0,2,4,True,0.70175439,13,57,60.2008,TAXONOMY_REVIEW
FALHA DE MAGAZINE,FALHA DE ELEVADOR,11,11,0,2,22,False,0.58823529,76,32,60.098,INSUFFICIENT_EVIDENCE
FALHA DE AUTOMACAO,FALHA DE REJEICAO,1,1,1,3,3,False,0.68571429,16,93,59.7675,INSUFFICIENT_EVIDENCE
FALHA DE REJEICAO,FALHA DE ENCHIMENTO,1,1,1,3,3,False,0.66666667,93,145,59.3866,INSUFFICIENT_EVIDENCE
FALHA DE SENSOR,FALHA DE COMUNICACAO,1,1,1,3,3,False,0.62857143,397,69,58.6247,INSUFFICIENT_EVIDENCE
FALHA DE ELO DE ESTEIRA,FALHA DE ESTEIRA,0,1,1,2,2,True,0.82051282,11,36,58.5031,GENERIC_SPECIFIC_REVIEW
FALHA DE CORREIA,FALHA DE ENVOLVIMENTO,1,1,1,3,3,False,0.59459459,14,67,57.9451,INSUFFICIENT_EVIDENCE
QUEDA DE LATAS,ROMPIMENTO DE FILME,2,2,2,3,6,False,0.36363636,34,29,57.7879,INSUFFICIENT_EVIDENCE
FALHA DE CONTAGEM,FALHA NA PEGADA DE CAMADA,1,1,1,3,3,False,0.57142857,12,19,57.4818,INSUFFICIENT_EVIDENCE
AMASSAMENTO DE LATAS,ENROSCO DE TAMPAS,1,1,1,3,3,False,0.54054054,15,62,56.864,INSUFFICIENT_EVIDENCE
FALHA DE INSPECAO,FALHA DE CONTROLE DE PROCESSO,1,1,1,3,3,False,0.52173913,98,20,56.488,INSUFFICIENT_EVIDENCE
FALHA DE VALVULA,FALHA DE SINCRONISMO,1,1,1,3,3,False,0.5,55,58,56.0532,INSUFFICIENT_EVIDENCE
FALHA NO MANUSEIO DE CARTAO,FALHA NA TROCA DE PALETE DE CARTAO,0,1,1,2,2,True,0.68852459,27,20,55.8633,LABEL_GUIDELINE_REVIEW
FALHA DE FILTRO,FALHA DE VEDACAO DA VALVULA,2,0,2,2,4,False,0.47619048,4,7,55.6896,COLLECT_MORE_DATA
ESCAPE DE ESTEIRA,QUEDA DE GARRAFAS,1,1,1,3,3,False,0.47058824,108,88,55.465,INSUFFICIENT_EVIDENCE
FALHA NA INSERCAO DE LATAS FALSAS,FALHA NO SISTEMA DE INSERCAO DE FALSA GARRAFA,1,0,1,2,2,False,0.66666667,3,2,55.4261,COLLECT_MORE_DATA
FALHA DE ENVOLVIMENTO,FALHA DE FORMACAO DE CAMADA,1,1,1,3,3,False,0.45833333,67,45,55.2199,INSUFFICIENT_EVIDENCE
FALHA DE ENCHIMENTO,SEM MODO DE FALHA IDENTIFICADO,1,1,1,3,3,False,0.44897959,145,100,55.0328,INSUFFICIENT_EVIDENCE
FALHA DE ESTEIRA,QUEDA DE GARRAFAS,1,1,1,3,3,False,0.42424242,36,88,54.5381,INSUFFICIENT_EVIDENCE
FALHA ELETRONICA DA VALVULA,FALHA DE VALVULA,0,0,2,1,2,True,0.69767442,4,55,54.3796,GENERIC_SPECIFIC_REVIEW
ROMPIMENTO DE MANGUEIRA,ROMPIMENTO DE MANGUEIRA DE AGUA,0,1,0,1,1,True,0.85185185,3,3,54.2303,GENERIC_SPECIFIC_REVIEW
ROMPIMENTO DE MANGUEIRA,TRAVAMENTO DE ATUADOR,1,0,1,2,2,False,0.59090909,3,14,53.911,COLLECT_MORE_DATA
FALHA DE VALVULA,SEM MODO DE FALHA IDENTIFICADO,1,1,1,3,3,False,0.39130435,55,100,53.8793,INSUFFICIENT_EVIDENCE
FALHA DE FORMACAO DE CAIXA,FALHA NA PEGADA DE CAMADA,1,0,1,2,2,False,0.58823529,2,19,53.8575,COLLECT_MORE_DATA
QUEDA DE GARRAFAS,FALHA DE PINCA,1,1,1,3,3,False,0.38709677,88,59,53.7952,INSUFFICIENT_EVIDENCE
FALHA DE NOBREAK,FALHA DE ALIMENTACAO ELETRICA,1,1,0,2,2,False,0.57777778,3,1,53.6484,COLLECT_MORE_DATA
FALHA DE ROLAMENTO,ROMPIMENTO DE FILME,1,1,1,3,3,False,0.37837838,13,29,53.6208,INSUFFICIENT_EVIDENCE
ROMPIMENTO DE FILME,FALHA NO MANUSEIO DE CARTAO,1,1,1,3,3,False,0.34782609,29,27,53.0098,KEEP_SEPARATE
FALHA DO COLOCADOR DE CARTAO,FALHA DE ROBO,0,1,1,2,2,False,0.53658537,2,30,52.8245,COLLECT_MORE_DATA
FALHA DE COMPACTACAO DE CAMADA,FALHA NO MANUSEIO DE CARTAO,0,1,1,2,2,False,0.52631579,9,27,52.6191,COLLECT_MORE_DATA
FALHA DE PLACA ELETRONICA,QUEIMA DA PLACA DEVICENET,1,0,1,2,2,False,0.52,3,1,52.4928,COLLECT_MORE_DATA
ENROSCO DE LATAS,FALHA DE REJEICAO,1,1,1,3,3,False,0.3030303,28,93,52.1138,KEEP_SEPARATE
FALHA DE ENVOLVIMENTO,FALHA DE FORMACAO DE PACOTE,1,0,1,2,2,False,0.5,67,10,52.0928,COLLECT_MORE_DATA
QUEDA DE PACOTES,FALHA NA DESCARGA DE PALETE,1,1,0,2,2,False,0.46511628,5,1,51.3951,COLLECT_MORE_DATA
FALHA DE ATUADOR,TRAVAMENTO DE ATUADOR,0,0,1,1,1,True,0.7027027,2,14,51.2473,COLLECT_MORE_DATA
FALHA NO BOTAO RESET,FALHA DE PEGADOR,1,1,0,2,2,False,0.44444444,5,27,50.9817,COLLECT_MORE_DATA
FALHA DE PINCA,FALHA NO SISTEMA DE INSERCAO DE FALSA GARRAFA,1,0,1,2,2,False,0.44067797,59,2,50.9064,COLLECT_MORE_DATA
FALHA DE VALVULA MODULADORA,FALHA DE VALVULA DE XAROPE,0,1,0,1,1,True,0.67924528,18,2,50.7782,COLLECT_MORE_DATA
DESNIVELAMENTO DE ESTEIRA,ESCAPE DE ESTEIRA,0,0,1,1,1,True,0.66666667,4,108,50.5266,COLLECT_MORE_DATA
CRASH DE GARRAFAS,FALHA DE REJEICAO,0,1,1,2,2,False,0.41243422,10,93,50.3415,COLLECT_MORE_DATA
FALHA DE REJEICAO,DESARME DE EQUIPAMENTO,1,0,1,2,2,False,0.41025641,93,4,50.2979,COLLECT_MORE_DATA
FALHA DE VELOCIDADE DO TRANSPORTE,VELOCIDADE REDUZIDA SEM CAUSA IDENTIFICADA,1,0,1,2,2,False,0.4,14,8,50.0928,COLLECT_MORE_DATA
FALHA NO VIRADOR DE PACOTES,ENROSCO DE PACOTES,0,0,1,1,1,True,0.62222222,4,50,49.6377,COLLECT_MORE_DATA
ROMPIMENTO DE TUBEIRA DO FORNO,ENROSCO DE PACOTES,0,1,1,2,2,False,0.375,6,50,49.5928,COLLECT_MORE_DATA
FALHA DE TRANSPORTE DE CAIXAS,ESCAPE DE ESTEIRA,1,0,1,2,2,False,0.34782609,3,108,49.0493,COLLECT_MORE_DATA
ATUACAO QUEIMA DE FUSIVEL,FALHA DE BARREIRA,0,1,1,2,2,False,0.33333333,2,41,48.7595,COLLECT_MORE_DATA
FALSO REJEITO,FALHA DE INSPECAO,0,1,1,2,2,False,0.33333333,5,98,48.7595,COLLECT_MORE_DATA
TRAVAMENTO DE VALVULA,FALHA DE RESFRIAMENTO,1,0,1,2,2,False,0.33333333,18,1,48.7595,COLLECT_MORE_DATA
QUEDA DE LATAS,FALHA DE REGUA DE ENVOLVIMENTO,1,1,0,2,2,False,0.31818182,34,9,48.4565,COLLECT_MORE_DATA
FALHA DE VEDACAO DA VALVULA,FALHA DE VALVULA DE ENCHIMENTO,0,0,1,1,1,True,0.56140351,7,166,48.4214,COLLECT_MORE_DATA
FALHA DE FIXACAO,VAZAMENTO EM TUBULACAO,1,1,0,2,2,False,0.31578947,28,1,48.4086,COLLECT_MORE_DATA
FALHA NO VIRADOR DE PACOTES,QUEDA DE PACOTES,0,1,0,1,1,True,0.55813953,4,5,48.3561,COLLECT_MORE_DATA
QUEBRA DE COMPONENTE,FALHA DE VEDACAO DA VALVULA,1,0,1,2,2,False,0.29787234,25,7,48.0503,COLLECT_MORE_DATA
FALHA DE CARBONATACAO,VAZAMENTO NO COLETOR COM GAS BAIXO,1,0,1,2,2,False,0.29090909,10,2,47.911,COLLECT_MORE_DATA
ROMPIMENTO DE MANGUEIRA DE AR,FALHA DE CODIFICACAO,1,0,1,2,2,False,0.28571429,6,66,47.8071,COLLECT_MORE_DATA
CURTO CIRCUITO,FALHA DE SENSOR,1,1,1,3,3,False,0.08059762,11,397,47.6652,KEEP_SEPARATE
FALHA DE ENCHIMENTO,GARRAFAS TORTAS NA SAIDA DO RINSER,1,1,0,2,2,False,0.22641509,145,2,46.6211,COLLECT_MORE_DATA
FALHA DE SENSOR,FALHA DE ENCHIMENTO,1,1,0,2,2,False,0.70588235,397,145,46.2105,TAXONOMY_REVIEW
FALHA DE TRANSPORTE DE PALETES,FALHA DE TRANSPORTE DE PACOTES,0,0,1,1,1,False,0.93333333,2,5,45.86,COLLECT_MORE_DATA
ENTUPIMENTO,FALSO ALARME DE REJEITO OBSTRUIDO,1,0,1,2,2,False,0.18181818,2,1,45.7292,COLLECT_MORE_DATA
FALHA DE TRANSPORTE DE PALETES,FALHA DE TRANSPORTE DE LATAS,1,0,0,1,1,False,0.89655172,2,4,45.1243,COLLECT_MORE_DATA
SEM MODO DE FALHA IDENTIFICADO,FALHA NO SUPRIMENTO DE AGUA,1,0,0,1,1,True,0.38596491,100,1,44.9126,COLLECT_MORE_DATA
QUEBRA DE COMPONENTE,FALHA DE SENSOR,0,2,2,2,4,False,0.4,25,397,44.1657,INSUFFICIENT_EVIDENCE
QUEBRA DE COMPONENTE,VAZAMENTO,0,1,0,1,1,True,0.34482759,25,3,44.0898,COLLECT_MORE_DATA
FALHA DE CORTE DE FILME,FALHA DE ENVOLVIMENTO,0,1,1,2,2,False,0.59090909,57,67,43.911,INSUFFICIENT_EVIDENCE
SEM MODO DE FALHA IDENTIFICADO,FALHA DE ENCHIMENTO,0,2,1,2,3,False,0.44897959,100,145,43.3662,INSUFFICIENT_EVIDENCE
FALHA DE TRACAO GUIAMENTO DE FILME,ROMPIMENTO DE FILME,0,0,2,1,2,True,0.64150943,13,29,43.2563,INSUFFICIENT_EVIDENCE
TRAVAMENTO DE ESTEIRA,TRAVAMENTO DE ELEVADOR,1,0,0,1,1,False,0.79069767,20,3,43.0072,COLLECT_MORE_DATA
QUEDA DE LATAS,DEFORMACAO DESALINHAMENTO DE GUIA,2,2,0,2,4,False,0.34042553,34,12,42.9743,KEEP_SEPARATE
CRASH DE LATAS,CRASH DE GARRAFAS,1,0,0,1,1,False,0.77419355,4,10,42.6772,COLLECT_MORE_DATA
FALHA ELETRICA DO TRANSPORTE,FALHA DE TRANSPORTE,1,0,0,1,1,False,0.76595745,3,17,42.5124,GENERIC_SPECIFIC_REVIEW
ENTUPIMENTO,QUEBRA DE COMPONENTE,0,1,0,1,1,True,0.25806452,2,25,42.3546,COLLECT_MORE_DATA
FALHA DE INSPECAO,ENROSCO DE LATAS,2,0,2,2,4,False,0.3030303,98,28,42.2263,KEEP_SEPARATE
DEFORMACAO DESALINHAMENTO DE GUIA,FALHA DE TAMPAMENTO,1,1,0,2,2,False,0.5,12,18,42.0928,INSUFFICIENT_EVIDENCE
FALHA DE CORREIA,PATINAGEM DE ESTEIRA,1,0,1,2,2,False,0.5,14,19,42.0928,INSUFFICIENT_EVIDENCE
FALHA DE VALVULA MODULADORA,FALHA DE VALVULA,0,0,1,1,1,True,0.74418605,18,55,42.077,GENERIC_SPECIFIC_REVIEW
FALHA DE ESTEIRA,ESCAPE DE ESTEIRA,0,1,0,1,1,True,0.72727273,36,108,41.7387,INSUFFICIENT_EVIDENCE
FALHA DE INSPECAO,FALHA DE TWISTER,1,0,0,1,1,False,0.72727273,98,6,41.7387,COLLECT_MORE_DATA
FALHA DE ESTEIRA,DESARME DE MOTOR,1,0,1,2,2,False,0.4375,36,28,40.8428,INSUFFICIENT_EVIDENCE
QUEBRA DE CORREIA,FALHA DE SINCRONISMO,1,0,1,2,2,False,0.43243243,21,58,40.7415,INSUFFICIENT_EVIDENCE
FALHA DE PRESSAO,FALHA DE ENCHIMENTO,0,0,1,1,1,False,0.62857143,2,145,39.7647,COLLECT_MORE_DATA
FALHA DE PRESSAO,FALHA DE PRESSURIZACAO DA ENCHEDORA,0,1,0,1,1,False,0.62745098,2,2,39.7423,COLLECT_MORE_DATA
FALHA DE GUIA,TRAVAMENTO DE TRANSPORTE,0,1,1,2,2,False,0.37837838,19,19,39.6604,INSUFFICIENT_EVIDENCE
FALHA NO MANUSEIO DE CARTAO,FALHA DE ENCOSTO DE AGRUPAMENTO,1,0,0,1,1,False,0.62068966,27,1,39.6071,COLLECT_MORE_DATA
FALHA DE GUIA,ENROSCO DE GARRAFAS,0,1,1,2,2,False,0.375,19,46,39.5928,INSUFFICIENT_EVIDENCE
QUEDA DE GARRAFAS,FALHA DE SENSOR,1,0,1,2,2,False,0.375,88,397,39.5928,INSUFFICIENT_EVIDENCE
ENROSCO DE ROTULOS,FALHA NA TROCA DE BANDEJA,1,0,1,2,2,False,0.37209302,16,11,39.5347,INSUFFICIENT_EVIDENCE
FALHA DE CARBONATACAO,FALHA DE CONTROLE DE PROCESSO,0,1,0,1,1,False,0.6,10,20,39.1933,COLLECT_MORE_DATA
FALHA DE FORMACAO DE CAMADA,PERDA DE REFERENCIA,1,0,1,2,2,False,0.34782609,45,14,39.0493,KEEP_SEPARATE
QUEBRA DE COMPONENTE,FALHA DE PORTA DE SEGURANCA,0,1,1,2,2,False,0.34042553,25,15,38.9013,KEEP_SEPARATE
SEM MODO DE FALHA IDENTIFICADO,QUEDA DE GARRAFAS,0,1,1,2,2,False,0.34042553,100,88,38.9013,KEEP_SEPARATE
DEFORMACAO DESALINHAMENTO DE GUIA,FALHA DE GUIA,0,0,1,1,1,True,0.56521739,12,19,38.4976,INSUFFICIENT_EVIDENCE
QUEDA DE PACOTES,FALHA DE ROLETES,0,0,1,1,1,False,0.5625,5,46,38.4433,COLLECT_MORE_DATA
FALHA DO COLOCADOR DE CARTAO,FALHA DE BARREIRA,1,0,0,1,1,False,0.53333333,2,41,37.86,COLLECT_MORE_DATA
FALHA DE PLACA ELETRONICA,FALHA ELETRICA DO TRANSPORTE,0,1,0,1,1,False,0.52830189,3,3,37.7593,COLLECT_MORE_DATA
FALHA DE FIXACAO,DESALINHAMENTO DE GUIA,0,1,0,1,1,False,0.52631579,28,9,37.7196,COLLECT_MORE_DATA
FALHA DE CORTE DE FILME,FALHA DE ALIMENTACAO ELETRICA DA EMBREAGEM,1,0,0,1,1,False,0.52307692,57,1,37.6548,COLLECT_MORE_DATA
TRAVAMENTO DO SISTEMA DE COMPACTACAO,FALHA DE COMPACTACAO DE CAMADA,0,1,0,1,1,False,0.51515152,5,9,37.4963,COLLECT_MORE_DATA
COLAPSO DE LATAS,ENROSCO DE GARRAFAS,1,0,0,1,1,False,0.51428571,9,46,37.479,COLLECT_MORE_DATA
QUEBRA DE COMPONENTE,FALHA DE CABO DE SEGURANCA,2,0,0,1,2,False,0.34782609,25,1,37.3827,COLLECT_MORE_DATA
QUEBRA DE ATUADOR,FALHA DE ROLO SEPARADOR,1,0,0,1,1,False,0.5,8,1,37.1933,COLLECT_MORE_DATA
FALHA DE ENCHIMENTO,ENROSCO DE GARRAFAS,0,1,1,2,2,False,0.24824643,145,46,37.0577,KEEP_SEPARATE
FALHA NO VIRADOR DE PACOTES,FALHA DE FREIO,1,0,0,1,1,False,0.48780488,4,7,36.9494,COLLECT_MORE_DATA
FALHA DE BOMBA,FALHA DE COMANDO DA ARVORE DE ESPUMA,1,0,0,1,1,False,0.48,21,1,36.7933,COLLECT_MORE_DATA
FALHA DE SUPRIMENTO DE AR COMPRIMIDO,FALHA NO VIRADOR DE PACOTES,0,1,0,1,1,False,0.47619048,9,4,36.7171,COLLECT_MORE_DATA
FALHA DE TRANSPORTE DE PALETES,FALHA DE BARREIRA,0,1,0,1,1,False,0.46808511,2,41,36.555,COLLECT_MORE_DATA
FALHA DE PRESSAO,CRASH DE LATAS,1,0,0,1,1,False,0.46666667,2,4,36.5266,COLLECT_MORE_DATA
FALHA DE REJEICAO,CRASH DE LATAS,0,1,0,1,1,False,0.4516129,93,4,36.2255,COLLECT_MORE_DATA
FALHA DE ENCHIMENTO,FALHA NO SENSOR EXPULSADOR,1,0,0,1,1,False,0.44444444,145,1,36.0822,COLLECT_MORE_DATA
FALHA DE ENVOLVIMENTO,FALSO ALARME DE REJEITO OBSTRUIDO,0,1,0,1,1,False,0.44444444,67,1,36.0822,COLLECT_MORE_DATA
FALHA NA INSERCAO DE LATAS FALSAS,FALHA DE REJEICAO,0,1,0,1,1,False,0.44,3,93,35.9933,COLLECT_MORE_DATA
ENROSCO DE GARRAFAS,TRAVAMENTO DE ELEVADOR,1,0,0,1,1,False,0.43902439,46,3,35.9738,COLLECT_MORE_DATA
TRAVAMENTO DE PINCA,FALHA DE MOLA,0,1,0,1,1,False,0.4375,2,9,35.9433,COLLECT_MORE_DATA
FALHA DE PINCA,FALHA NA INSERCAO DE LATAS FALSAS,0,1,0,1,1,False,0.42553191,59,3,35.7039,COLLECT_MORE_DATA
CRASH DE LATAS,FALHA DE ENCHIMENTO,0,0,1,1,1,False,0.42424242,4,145,35.6781,COLLECT_MORE_DATA
FALHA DE INSPECAO,FALHA DE SENSOR,0,0,2,1,2,False,0.75,98,397,35.4261,INSUFFICIENT_EVIDENCE
FALHA DE INSPECAO,DESARME DE EQUIPAMENTO,1,0,0,1,1,False,0.41025641,98,4,35.3984,COLLECT_MORE_DATA
TRAVAMENTO DE PINCA,SEM MODO DE FALHA IDENTIFICADO,0,0,1,1,1,False,0.40816327,2,100,35.3566,COLLECT_MORE_DATA
FALHA DE GUIA,ENROSCO DE CAIXAS,1,0,0,1,1,False,0.4,19,10,35.1933,COLLECT_MORE_DATA
FALSO REJEITO,FALHA DE DESCAPSULAMENTO,1,0,0,1,1,False,0.37837838,5,22,34.7609,COLLECT_MORE_DATA
TRAVAMENTO DO CAPSULADOR,FALHA DE TAMPAMENTO,1,0,0,1,1,False,0.37209302,2,18,34.6351,COLLECT_MORE_DATA
FALHA DE TRANSPORTE DE CAIXAS,AMASSAMENTO DE LATAS,0,1,0,1,1,False,0.36734694,3,15,34.5402,COLLECT_MORE_DATA
TOMBAMENTO DE RECIPIENTES,QUEDA DE LATAS,0,0,1,1,1,False,0.35897436,4,34,34.3728,COLLECT_MORE_DATA
FALHA DE INSPECAO,PERDA DE REFERENCIA DO PEGADOR DE CHAPATEX,1,0,0,1,1,False,0.33898305,98,1,33.9729,COLLECT_MORE_DATA
FALHA DE PINCA,QUEBRA DE ESTEIRA,4,0,0,1,4,False,0.4516129,59,85,33.5313,INSUFFICIENT_EVIDENCE
TOMBAMENTO DE RECIPIENTES,FALHA NA INSERCAO DE LATAS FALSAS,0,1,0,1,1,False,0.31034483,4,3,33.4002,COLLECT_MORE_DATA
FALHA DE INSPECAO,VAZAMENTO EM TUBULACAO,1,0,0,1,1,False,0.30769231,98,1,33.3471,COLLECT_MORE_DATA
ENROSCO DE TAMPAS,ENROSCO DE PACOTES,0,1,0,1,1,False,0.8,62,50,33.1933,INSUFFICIENT_EVIDENCE
FALHA DE CODIFICACAO,DESPRENDIMENTO DO PISTAO DE TRAVAMENTO,1,0,0,1,1,False,0.20689655,66,1,31.3312,COLLECT_MORE_DATA
FALHA DE CODIFICACAO,FALHA DE PINCA,0,0,1,1,1,False,0.70588235,66,59,31.3109,INSUFFICIENT_EVIDENCE
FALHA DE SENSOR,FALHA DE REJEICAO,0,1,0,1,1,False,0.6875,397,93,30.9433,INSUFFICIENT_EVIDENCE
FALHA DE VALVULA DE ENCHIMENTO,FALHA DE SOLDA DE FILME,1,0,0,1,1,False,0.67924528,166,43,30.7782,INSUFFICIENT_EVIDENCE
FALHA DE FIXACAO,FALHA DE FORMACAO DE CAMADA,0,0,1,1,1,False,0.65116279,28,45,30.2165,INSUFFICIENT_EVIDENCE
FALHA DE ELO DE ESTEIRA,FALHA DE VELOCIDADE DO TRANSPORTE,1,0,0,1,1,False,0.64285714,11,14,30.0504,INSUFFICIENT_EVIDENCE
QUEDA DE LATAS,FALHA DE GUIA,0,0,2,1,2,False,0.44444444,34,19,29.315,INSUFFICIENT_EVIDENCE
FALHA DE INSPECAO,FALHA NO MANUSEIO DE CARTAO,0,1,0,1,1,False,0.54545455,98,27,28.1024,INSUFFICIENT_EVIDENCE
FALHA DE CODIFICACAO,FALHA DE INVERSOR,0,1,0,1,1,False,0.54054054,66,101,28.0041,INSUFFICIENT_EVIDENCE
FALHA DE VALVULA MODULADORA,FALHA DE IHM,1,0,0,1,1,False,0.51282051,18,18,27.4497,INSUFFICIENT_EVIDENCE
FALHA DE SINCRONISMO,FALHA DE CORTE DE FILME,0,1,0,1,1,False,0.51162791,58,57,27.4258,INSUFFICIENT_EVIDENCE
FALHA DE INSPECAO,TRAVAMENTO DE TRANSPORTE,0,1,0,1,1,False,0.48780488,98,19,26.9494,INSUFFICIENT_EVIDENCE
FALHA DE PATINS,ENROSCO DE PACOTES,1,0,0,1,1,False,0.48484848,13,50,26.8903,INSUFFICIENT_EVIDENCE
SEM MODO DE FALHA IDENTIFICADO,FALHA DE SENSOR,0,0,1,1,1,False,0.44444444,100,397,26.0822,INSUFFICIENT_EVIDENCE
QUEDA DE LATAS,FALHA DE ENVOLVIMENTO,0,0,1,1,1,False,0.4,34,67,25.1933,INSUFFICIENT_EVIDENCE
SEM MODO DE FALHA IDENTIFICADO,FALHA DE VALVULA,0,0,1,1,1,False,0.39130435,100,55,25.0194,INSUFFICIENT_EVIDENCE
PERDA DE REFERENCIA,ENROSCO DE TAMPAS,0,1,0,1,1,False,0.38888889,14,62,24.9711,INSUFFICIENT_EVIDENCE
FALHA DE GUIA,QUEBRA DE PARAFUSO,1,0,0,1,1,False,0.38709677,19,13,24.9352,INSUFFICIENT_EVIDENCE
SEM MODO DE FALHA IDENTIFICADO,TRAVAMENTO DE VALVULA,0,1,0,1,1,False,0.35294118,100,18,24.2521,INSUFFICIENT_EVIDENCE
SEM MODO DE FALHA IDENTIFICADO,FALHA DE VELOCIDADE DO TRANSPORTE,1,0,0,1,1,False,0.34920635,100,14,24.1774,KEEP_SEPARATE
FALHA DE INSPECAO,ENROSCO DE GARRAFAS,1,0,0,1,1,False,0.32495457,98,46,23.6924,KEEP_SEPARATE
FALHA DE SENSOR,ROMPIMENTO DE FILME,1,0,0,1,1,False,0.29411765,397,29,23.0756,KEEP_SEPARATE
