segment_type,segment,test_rows,rank4_rank5_cases,expulsions,expulsion_rate,expulsion_share,test_share,representation_lift
FAMILY,ATUADOR,5,0,0,0.0,0.0,0.00716332,0.0
FAMILY,AUTOMACAO,5,0,0,0.0,0.0,0.00716332,0.0
FAMILY,BANDEJA,4,0,0,0.0,0.0,0.00573066,0.0
FAMILY,BARREIRA,5,0,0,0.0,0.0,0.00716332,0.0
FAMILY,BOBINA,2,0,0,0.0,0.0,0.00286533,0.0
FAMILY,BOMBA,3,0,0,0.0,0.0,0.00429799,0.0
FAMILY,CAIXA,5,0,0,0.0,0.0,0.00716332,0.0
FAMILY,CAMADA,11,1,1,0.09090909,0.09090909,0.01575931,5.76859504
FAMILY,CAMERA,1,0,0,0.0,0.0,0.00143266,0.0
FAMILY,CARBONATACAO,2,0,0,0.0,0.0,0.00286533,0.0
FAMILY,CARTAO,8,0,0,0.0,0.0,0.01146132,0.0
FAMILY,CILINDRO,1,0,0,0.0,0.0,0.00143266,0.0
FAMILY,COMUNICACAO,8,0,0,0.0,0.0,0.01146132,0.0
FAMILY,CORREIA,6,0,0,0.0,0.0,0.00859599,0.0
FAMILY,CORRENTE,4,1,0,0.0,0.0,0.00573066,0.0
FAMILY,DESCAPSULAMENTO,3,0,0,0.0,0.0,0.00429799,0.0
FAMILY,DOSAGEM,1,0,0,0.0,0.0,0.00143266,0.0
FAMILY,EIXO,3,0,0,0.0,0.0,0.00429799,0.0
FAMILY,ELETRICO,3,0,0,0.0,0.0,0.00429799,0.0
FAMILY,ELEVADOR,3,0,0,0.0,0.0,0.00429799,0.0
FAMILY,ENCHIMENTO,32,1,1,0.03125,0.09090909,0.04584527,1.98295455
FAMILY,ENCODER,2,0,0,0.0,0.0,0.00286533,0.0
FAMILY,ENGRENAGEM,8,0,0,0.0,0.0,0.01146132,0.0
FAMILY,ENVOLVIMENTO,10,0,0,0.0,0.0,0.01432665,0.0
FAMILY,ESTEIRA,40,1,0,0.0,0.0,0.05730659,0.0
FAMILY,FILME,20,1,1,0.05,0.09090909,0.0286533,3.17272727
FAMILY,FILTRO,2,0,0,0.0,0.0,0.00286533,0.0
FAMILY,FLUXIMETRO,2,0,0,0.0,0.0,0.00286533,0.0
FAMILY,GARRAFA,28,0,0,0.0,0.0,0.04011461,0.0
FAMILY,GUIA,7,1,0,0.0,0.0,0.01002865,0.0
FAMILY,IHM,3,0,0,0.0,0.0,0.00429799,0.0
FAMILY,IMPRESSAO,13,0,0,0.0,0.0,0.01862464,0.0
FAMILY,INSPECAO,13,1,0,0.0,0.0,0.01862464,0.0
FAMILY,INVERSOR,18,0,0,0.0,0.0,0.02578797,0.0
FAMILY,LATA,17,4,2,0.11764706,0.18181818,0.0243553,7.46524064
FAMILY,MAGAZINE,17,0,0,0.0,0.0,0.0243553,0.0
FAMILY,MANGUEIRA,6,0,0,0.0,0.0,0.00859599,0.0
FAMILY,MESA,3,0,0,0.0,0.0,0.00429799,0.0
FAMILY,MOTOR,14,0,0,0.0,0.0,0.02005731,0.0
FAMILY,OTHER_UNKNOWN,83,4,3,0.03614458,0.27272727,0.11891117,2.29353779
FAMILY,PACOTE,20,0,0,0.0,0.0,0.0286533,0.0
FAMILY,PALETE,5,1,0,0.0,0.0,0.00716332,0.0
FAMILY,PATINS,4,0,0,0.0,0.0,0.00573066,0.0
FAMILY,PEGADOR,4,0,0,0.0,0.0,0.00573066,0.0
FAMILY,PERSIANA,1,0,0,0.0,0.0,0.00143266,0.0
FAMILY,PINCA,11,0,1,0.09090909,0.09090909,0.01575931,5.76859504
FAMILY,PNEUMATICO,1,0,0,0.0,0.0,0.00143266,0.0
FAMILY,PRESSOSTATO,1,0,0,0.0,0.0,0.00143266,0.0
FAMILY,PROCESSO,4,0,0,0.0,0.0,0.00573066,0.0
FAMILY,RECRAVACAO,5,0,0,0.0,0.0,0.00716332,0.0
FAMILY,REDUTOR,2,0,0,0.0,0.0,0.00286533,0.0
FAMILY,REJEICAO,12,1,1,0.08333333,0.09090909,0.01719198,5.28787879
FAMILY,ROBO,7,0,0,0.0,0.0,0.01002865,0.0
FAMILY,ROLAMENTO,2,0,0,0.0,0.0,0.00286533,0.0
FAMILY,ROLETE,8,0,0,0.0,0.0,0.01146132,0.0
FAMILY,ROTULO,8,0,0,0.0,0.0,0.01146132,0.0
FAMILY,SEGMENTO,8,0,0,0.0,0.0,0.01146132,0.0
FAMILY,SEGURANCA,3,0,0,0.0,0.0,0.00429799,0.0
FAMILY,SENSOR,58,0,0,0.0,0.0,0.08309456,0.0
FAMILY,SERVO_MOTOR,4,0,0,0.0,0.0,0.00573066,0.0
FAMILY,SINCRONISMO,10,0,0,0.0,0.0,0.01432665,0.0
FAMILY,SUPORTE,1,0,0,0.0,0.0,0.00143266,0.0
FAMILY,TAMPA,19,1,1,0.05263158,0.09090909,0.02722063,3.33971292
FAMILY,TEMPERATURA,6,0,0,0.0,0.0,0.00859599,0.0
FAMILY,TRANSPORTE,23,0,0,0.0,0.0,0.03295129,0.0
FAMILY,TUBULACAO,1,0,0,0.0,0.0,0.00143266,0.0
FAMILY,VALVULA,44,0,0,0.0,0.0,0.06303725,0.0
FAMILY,VENTOSA,4,0,0,0.0,0.0,0.00573066,0.0
FAMILY,VIBRADOR,1,0,0,0.0,0.0,0.00143266,0.0
SUPPORT_BUCKET,1,57,3,2,0.03508772,0.18181818,0.08166189,2.22647528
SUPPORT_BUCKET,2-3,39,2,1,0.02564103,0.09090909,0.05587393,1.62703963
SUPPORT_BUCKET,4-5,21,0,0,0.0,0.0,0.03008596,0.0
SUPPORT_BUCKET,6-10,89,3,2,0.02247191,0.18181818,0.12750716,1.42594484
SUPPORT_BUCKET,11-20,106,5,4,0.03773585,0.36363636,0.15186246,2.39451115
SUPPORT_BUCKET,>20,386,5,2,0.00518135,0.18181818,0.5530086,0.32878003
