label_a,label_b,decision,reason,reviewed_by,reviewed_at,taxonomy_version
ALIMENTACAO TAMPAS FALHA,FALHA DE ALIMENTACAO DE TAMPAS,ALIAS_APPROVED,Migrated approved conservative v2 alias. Same mechanism and object; only word order and prepositions differ. TRAIN observation centroid cosine=0.1894,legacy_safe_mapping_v2,,canonical-taxonomy-v3-candidate
AMASSAMENTO DE LATAS,ENROSCO DE TAMPAS,PENDING,Analytical candidate: relation=NO_RECORDED_RELATION; recommended_action=REVIEW_FAMILY; confidence=MEDIUM. No human decision recorded.,,,canonical-taxonomy-v3-candidate
ATUACAO QUEIMA DE FUSIVEL,FALHA DE BARREIRA,PENDING,Analytical candidate: relation=NO_RECORDED_RELATION; recommended_action=REVIEW_FAMILY; confidence=MEDIUM. No human decision recorded.,,,canonical-taxonomy-v3-candidate
COLAPSO DE LATAS,AMASSAMENTO DE LATAS,PENDING,Analytical candidate: relation=NO_RECORDED_RELATION; recommended_action=KEEP_SEPARATE; confidence=MEDIUM. No human decision recorded.,,,canonical-taxonomy-v3-candidate
COLAPSO DE LATAS,ENROSCO DE GARRAFAS,PENDING,Analytical candidate: relation=PERSISTENT_CONFUSION; recommended_action=COLLECT_MORE_DATA; confidence=MEDIUM. No human decision recorded.,,,canonical-taxonomy-v3-candidate
CRASH DE GARRAFAS,FALHA DE REJEICAO,PENDING,Analytical candidate: relation=NO_RECORDED_RELATION; recommended_action=REVIEW_FAMILY; confidence=MEDIUM. No human decision recorded.,,,canonical-taxonomy-v3-candidate
CRASH DE LATAS,CRASH DE GARRAFAS,PENDING,Analytical candidate: relation=PERSISTENT_CONFUSION; recommended_action=COLLECT_MORE_DATA; confidence=MEDIUM. No human decision recorded.,,,canonical-taxonomy-v3-candidate
CRASH DE LATAS,FALHA DE ENCHIMENTO,PENDING,Analytical candidate: relation=PERSISTENT_CONFUSION; recommended_action=COLLECT_MORE_DATA; confidence=MEDIUM. No human decision recorded.,,,canonical-taxonomy-v3-candidate
CURTO CIRCUITO,FALHA DE SENSOR,PENDING,Analytical candidate: relation=NO_RECORDED_RELATION; recommended_action=REVIEW_FAMILY; confidence=MEDIUM. No human decision recorded.,,,canonical-taxonomy-v3-candidate
DEFORMACAO DESALINHAMENTO DE GUIA,DESALINHAMENTO DE GUIA,PENDING,Analytical candidate: relation=GENERIC_SPECIFIC; recommended_action=REVIEW_GENERIC_SPECIFIC; confidence=MEDIUM. No human decision recorded.,,,canonical-taxonomy-v3-candidate
DEFORMACAO DESALINHAMENTO DE GUIA,FALHA DE GUIA,PENDING,Analytical candidate: relation=PERSISTENT_CONFUSION; recommended_action=INSUFFICIENT_EVIDENCE; confidence=MEDIUM. No human decision recorded.,,,canonical-taxonomy-v3-candidate
DEFORMACAO DESALINHAMENTO DE GUIA,FALHA DE TAMPAMENTO,PENDING,Analytical candidate: relation=NO_RECORDED_RELATION; recommended_action=REVIEW_FAMILY; confidence=MEDIUM. No human decision recorded.,,,canonical-taxonomy-v3-candidate
DEFORMACAO DO CABECOTE,DEFORMACAO DE CABECOTE,ALIAS_APPROVED,Migrated approved conservative v2 alias. Only the article/preposition differs. TRAIN observation centroid cosine=0.0859,legacy_safe_mapping_v2,,canonical-taxonomy-v3-candidate
DESALINHAMENTO DE AGREGADO,ENROSCO DE ROTULOS,PENDING,Analytical candidate: relation=NO_RECORDED_RELATION; recommended_action=REVIEW_FAMILY; confidence=MEDIUM. No human decision recorded.,,,canonical-taxonomy-v3-candidate
DESALINHAMENTO DE EIXO,QUEBRA DE EIXO,PENDING,Analytical candidate: relation=NO_RECORDED_RELATION; recommended_action=KEEP_SEPARATE; confidence=MEDIUM. No human decision recorded.,,,canonical-taxonomy-v3-candidate
DESALINHAMENTO DO CENTRADOR,DESALINHAMENTO DE CENTRADOR,ALIAS_APPROVED,Migrated approved conservative v2 alias. Only the article/preposition differs. TRAIN observation centroid cosine=0.0888,legacy_safe_mapping_v2,,canonical-taxonomy-v3-candidate
DESALINHAMENTO MECANICO,FALHA DE ABA CONICA,PENDING,Analytical candidate: relation=NO_RECORDED_RELATION; recommended_action=INSUFFICIENT_EVIDENCE; confidence=MEDIUM. No human decision recorded.,,,canonical-taxonomy-v3-candidate
DESALINHAMENTO MECANICO,SEM MODO DE FALHA IDENTIFICADO,PENDING,Analytical candidate: relation=NO_RECORDED_RELATION; recommended_action=INSUFFICIENT_EVIDENCE; confidence=MEDIUM. No human decision recorded.,,,canonical-taxonomy-v3-candidate
DESARME DE DISJUNTOR,DESARME DE TRANSPORTE,PENDING,Analytical candidate: relation=NO_RECORDED_RELATION; recommended_action=REVIEW_FAMILY; confidence=MEDIUM. No human decision recorded.,,,canonical-taxonomy-v3-candidate
DESARME DE EQUIPAMENTO,DESARME DE TRANSPORTE,PENDING,Analytical candidate: relation=NO_RECORDED_RELATION; recommended_action=REVIEW_FAMILY; confidence=MEDIUM. No human decision recorded.,,,canonical-taxonomy-v3-candidate
DESARME DE ESTEIRA,QUEBRA DE ESTEIRA,PENDING,Analytical candidate: relation=NO_RECORDED_RELATION; recommended_action=KEEP_SEPARATE; confidence=MEDIUM. No human decision recorded.,,,canonical-taxonomy-v3-candidate
DESARME DE MOTOR,FALHA DE MOTOR,PENDING,Analytical candidate: relation=NO_RECORDED_RELATION; recommended_action=KEEP_SEPARATE; confidence=MEDIUM. No human decision recorded.,,,canonical-taxonomy-v3-candidate
DESARME TRANSPORTE,DESARME DE TRANSPORTE,ALIAS_APPROVED,Migrated approved conservative v2 alias. Only a preposition is omitted. TRAIN observation centroid cosine=0.1047,legacy_safe_mapping_v2,,canonical-taxonomy-v3-candidate
DESNIVELAMENTO DE ESTEIRA,ESCAPE DE ESTEIRA,PENDING,Analytical candidate: relation=PERSISTENT_CONFUSION; recommended_action=COLLECT_MORE_DATA; confidence=MEDIUM. No human decision recorded.,,,canonical-taxonomy-v3-candidate
DESNIVELAMENTO DE ESTEIRA,QUEBRA DE ESTEIRA,PENDING,Analytical candidate: relation=NO_RECORDED_RELATION; recommended_action=KEEP_SEPARATE; confidence=MEDIUM. No human decision recorded.,,,canonical-taxonomy-v3-candidate
ENROSCO DE GARRAFAS,QUEDA DE GARRAFAS,PENDING,Analytical candidate: relation=NO_RECORDED_RELATION; recommended_action=KEEP_SEPARATE; confidence=MEDIUM. No human decision recorded.,,,canonical-taxonomy-v3-candidate
ENROSCO DE GARRAFAS,TRAVAMENTO DE ELEVADOR,PENDING,Analytical candidate: relation=PERSISTENT_CONFUSION; recommended_action=COLLECT_MORE_DATA; confidence=MEDIUM. No human decision recorded.,,,canonical-taxonomy-v3-candidate
ENROSCO DE GARRAFAS,TRAVAMENTO DE GARRAFAS NA SAIDA DA LAVADORA,PENDING,Analytical candidate: relation=NO_RECORDED_RELATION; recommended_action=KEEP_SEPARATE; confidence=MEDIUM. No human decision recorded.,,,canonical-taxonomy-v3-candidate
ENROSCO DE LATAS,DESARME DE EQUIPAMENTO,PENDING,Analytical candidate: relation=NO_RECORDED_RELATION; recommended_action=REVIEW_FAMILY; confidence=HIGH. No human decision recorded.,,,canonical-taxonomy-v3-candidate
ENROSCO DE LATAS,ENROSCO DE PACOTES,PENDING,Analytical candidate: relation=RELATED_NOT_EQUIVALENT; recommended_action=REVIEW_FAMILY; confidence=MEDIUM. No human decision recorded.,,,canonical-taxonomy-v3-candidate
ENROSCO DE LATAS,FALHA DE REJEICAO,PENDING,Analytical candidate: relation=NO_RECORDED_RELATION; recommended_action=REVIEW_FAMILY; confidence=MEDIUM. No human decision recorded.,,,canonical-taxonomy-v3-candidate
ENROSCO DE ROTULOS,FALHA DE ROTULAGEM,PENDING,Analytical candidate: relation=NO_RECORDED_RELATION; recommended_action=INSUFFICIENT_EVIDENCE; confidence=HIGH. No human decision recorded.,,,canonical-taxonomy-v3-candidate
ENROSCO DE ROTULOS,FALHA NA TROCA DE BANDEJA,PENDING,Analytical candidate: relation=PERSISTENT_CONFUSION; recommended_action=INSUFFICIENT_EVIDENCE; confidence=HIGH. No human decision recorded.,,,canonical-taxonomy-v3-candidate
ENROSCO DE TAMPAS,ENROSCO DE PACOTES,PENDING,Analytical candidate: relation=NO_RECORDED_RELATION; recommended_action=REVIEW_FAMILY; confidence=MEDIUM. No human decision recorded.,,,canonical-taxonomy-v3-candidate
ENRROSCO DE GARRAFA,ENROSCO DE GARRAFAS,ALIAS_APPROVED,Migrated approved conservative v2 alias. Clear spelling error plus singular/plural variation of the same event. TRAIN observation centroid cosine=0.1708,legacy_safe_mapping_v2,,canonical-taxonomy-v3-candidate
ENTUPIMENTO,FALSO ALARME DE REJEITO OBSTRUIDO,PENDING,Analytical candidate: relation=PERSISTENT_CONFUSION; recommended_action=COLLECT_MORE_DATA; confidence=HIGH. No human decision recorded.,,,canonical-taxonomy-v3-candidate
ENTUPIMENTO,QUEBRA DE COMPONENTE,PENDING,Analytical candidate: relation=NO_RECORDED_RELATION; recommended_action=INSUFFICIENT_EVIDENCE; confidence=MEDIUM. No human decision recorded.,,,canonical-taxonomy-v3-candidate
ESCAPE DE ESTEIRA,FALHA DE ESTEIRA,PENDING,Analytical candidate: relation=NO_RECORDED_RELATION; recommended_action=KEEP_SEPARATE; confidence=MEDIUM. No human decision recorded.,,,canonical-taxonomy-v3-candidate
ESCAPE DE ESTEIRA,PATINAGEM DE ESTEIRA,PENDING,Analytical candidate: relation=NO_RECORDED_RELATION; recommended_action=KEEP_SEPARATE; confidence=MEDIUM. No human decision recorded.,,,canonical-taxonomy-v3-candidate
ESCAPE DE ESTEIRA,QUEDA DE GARRAFAS,PENDING,Analytical candidate: relation=NO_RECORDED_RELATION; recommended_action=REVIEW_FAMILY; confidence=MEDIUM. No human decision recorded.,,,canonical-taxonomy-v3-candidate
ESCAPE DE ESTEIRA,ROMPIMENTO DE ESTEIRA LONA,PENDING,Analytical candidate: relation=NO_RECORDED_RELATION; recommended_action=KEEP_SEPARATE; confidence=MEDIUM. No human decision recorded.,,,canonical-taxonomy-v3-candidate
ESPUMAMENTO DA BEBIDA,ESPUMAMENTO DE BEBIDA,ALIAS_APPROVED,Migrated approved conservative v2 alias. Only the article/preposition differs. TRAIN observation centroid cosine=0.3012,legacy_safe_mapping_v2,,canonical-taxonomy-v3-candidate
FALHA DA PINCA,FALHA DE PINCA,ALIAS_APPROVED,Migrated approved conservative v2 alias. Only the article/preposition differs. TRAIN observation centroid cosine=0.2270,legacy_safe_mapping_v2,,canonical-taxonomy-v3-candidate
FALHA DE ACUMULO NO TRANSPORTE,FALHA DE SINCRONISMO,PENDING,Analytical candidate: relation=NO_RECORDED_RELATION; recommended_action=REVIEW_FAMILY; confidence=HIGH. No human decision recorded.,,,canonical-taxonomy-v3-candidate
FALHA DE ALIMENTACAO DE GARRAFAS,FALHA DE SENSOR,PENDING,Analytical candidate: relation=NO_RECORDED_RELATION; recommended_action=REVIEW_FAMILY; confidence=MEDIUM. No human decision recorded.,,,canonical-taxonomy-v3-candidate
FALHA DE ALIMENTACAO DE TAMPAS,FALHA DE VIBRADOR,PENDING,Analytical candidate: relation=NO_RECORDED_RELATION; recommended_action=REVIEW_FAMILY; confidence=HIGH. No human decision recorded.,,,canonical-taxonomy-v3-candidate
FALHA DE ATUADOR,QUEBRA DE ATUADOR,PENDING,Analytical candidate: relation=NO_RECORDED_RELATION; recommended_action=KEEP_SEPARATE; confidence=MEDIUM. No human decision recorded.,,,canonical-taxonomy-v3-candidate
FALHA DE ATUADOR,TRAVAMENTO DE ATUADOR,PENDING,Analytical candidate: relation=PERSISTENT_CONFUSION; recommended_action=COLLECT_MORE_DATA; confidence=MEDIUM. No human decision recorded.,,,canonical-taxonomy-v3-candidate
FALHA DE AUTOMACAO,FALHA DE REJEICAO,PENDING,Analytical candidate: relation=NO_RECORDED_RELATION; recommended_action=REVIEW_FAMILY; confidence=MEDIUM. No human decision recorded.,,,canonical-taxonomy-v3-candidate
FALHA DE BOMBA,FALHA DE COMANDO DA ARVORE DE ESPUMA,PENDING,Analytical candidate: relation=PERSISTENT_CONFUSION; recommended_action=COLLECT_MORE_DATA; confidence=MEDIUM. No human decision recorded.,,,canonical-taxonomy-v3-candidate
FALHA DE BOTAO DE RESET,FALHA NO BOTAO RESET,ALIAS_APPROVED,Migrated approved conservative v2 alias. Same button and reset failure; only function words differ. TRAIN observation centroid cosine=0.1702,legacy_safe_mapping_v2,,canonical-taxonomy-v3-candidate
FALHA DE CALIBRACAO,SEM MODO DE FALHA IDENTIFICADO,PENDING,Analytical candidate: relation=NO_RECORDED_RELATION; recommended_action=INSUFFICIENT_EVIDENCE; confidence=MEDIUM. No human decision recorded.,,,canonical-taxonomy-v3-candidate
FALHA DE CAMERA,FALHA DE ROTULAGEM,PENDING,Analytical candidate: relation=NO_RECORDED_RELATION; recommended_action=REVIEW_FAMILY; confidence=MEDIUM. No human decision recorded.,,,canonical-taxonomy-v3-candidate
FALHA DE CARBONATACAO,FALHA DE BOMBA,PENDING,Analytical candidate: relation=NO_RECORDED_RELATION; recommended_action=REVIEW_FAMILY; confidence=MEDIUM. No human decision recorded.,,,canonical-taxonomy-v3-candidate
FALHA DE CARBONATACAO,FALHA DE CONTROLE DE PROCESSO,PENDING,Analytical candidate: relation=NO_RECORDED_RELATION; recommended_action=REVIEW_FAMILY; confidence=MEDIUM. No human decision recorded.,,,canonical-taxonomy-v3-candidate
FALHA DE CARBONATACAO,VAZAMENTO NO COLETOR COM GAS BAIXO,PENDING,Analytical candidate: relation=PERSISTENT_CONFUSION; recommended_action=COLLECT_MORE_DATA; confidence=HIGH. No human decision recorded.,,,canonical-taxonomy-v3-candidate
FALHA DE CODIFICACAO,DESPRENDIMENTO DO PISTAO DE TRAVAMENTO,PENDING,Analytical candidate: relation=PERSISTENT_CONFUSION; recommended_action=COLLECT_MORE_DATA; confidence=MEDIUM. No human decision recorded.,,,canonical-taxonomy-v3-candidate
FALHA DE CODIFICACAO,FALHA DE INVERSOR,PENDING,Analytical candidate: relation=NO_RECORDED_RELATION; recommended_action=REVIEW_FAMILY; confidence=MEDIUM. No human decision recorded.,,,canonical-taxonomy-v3-candidate
FALHA DE CODIFICACAO,FALHA DE PINCA,PENDING,Analytical candidate: relation=PERSISTENT_CONFUSION; recommended_action=INSUFFICIENT_EVIDENCE; confidence=MEDIUM. No human decision recorded.,,,canonical-taxonomy-v3-candidate
FALHA DE COMPACTACAO DE CAMADA,FALHA NO MANUSEIO DE CARTAO,PENDING,Analytical candidate: relation=NO_RECORDED_RELATION; recommended_action=REVIEW_FAMILY; confidence=MEDIUM. No human decision recorded.,,,canonical-taxonomy-v3-candidate
FALHA DE COMUNICACAO,QUEIMA DA PLACA DEVICENET,PENDING,Analytical candidate: relation=NO_RECORDED_RELATION; recommended_action=INSUFFICIENT_EVIDENCE; confidence=HIGH. No human decision recorded.,,,canonical-taxonomy-v3-candidate
FALHA DE CONTAGEM,FALHA NA PEGADA DE CAMADA,PENDING,Analytical candidate: relation=NO_RECORDED_RELATION; recommended_action=REVIEW_FAMILY; confidence=MEDIUM. No human decision recorded.,,,canonical-taxonomy-v3-candidate
FALHA DE CORREIA,FALHA DE ENVOLVIMENTO,PENDING,Analytical candidate: relation=NO_RECORDED_RELATION; recommended_action=REVIEW_FAMILY; confidence=MEDIUM. No human decision recorded.,,,canonical-taxonomy-v3-candidate
FALHA DE CORREIA,PATINAGEM DE ESTEIRA,PENDING,Analytical candidate: relation=PERSISTENT_CONFUSION; recommended_action=INSUFFICIENT_EVIDENCE; confidence=HIGH. No human decision recorded.,,,canonical-taxonomy-v3-candidate
FALHA DE CORRENTE,QUEDA DE GARRAFAS,PENDING,Analytical candidate: relation=NO_RECORDED_RELATION; recommended_action=REVIEW_FAMILY; confidence=MEDIUM. No human decision recorded.,,,canonical-taxonomy-v3-candidate
FALHA DE CORTE DE FILME,FALHA DE ALIMENTACAO ELETRICA DA EMBREAGEM,PENDING,Analytical candidate: relation=PERSISTENT_CONFUSION; recommended_action=COLLECT_MORE_DATA; confidence=MEDIUM. No human decision recorded.,,,canonical-taxonomy-v3-candidate
FALHA DE CORTE DE FILME,FALHA DE ENVOLVIMENTO,PENDING,Analytical candidate: relation=NO_RECORDED_RELATION; recommended_action=REVIEW_FAMILY; confidence=MEDIUM. No human decision recorded.,,,canonical-taxonomy-v3-candidate
FALHA DE ELO DE ESTEIRA,FALHA DE ESTEIRA,PENDING,Analytical candidate: relation=GENERIC_SPECIFIC; recommended_action=REVIEW_GENERIC_SPECIFIC; confidence=MEDIUM. No human decision recorded.,,,canonical-taxonomy-v3-candidate
FALHA DE ELO DE ESTEIRA,FALHA DE VELOCIDADE DO TRANSPORTE,PENDING,Analytical candidate: relation=PERSISTENT_CONFUSION; recommended_action=INSUFFICIENT_EVIDENCE; confidence=MEDIUM. No human decision recorded.,,,canonical-taxonomy-v3-candidate
FALHA DE ELO DE ESTEIRA,QUEBRA DE ESTEIRA,PENDING,Analytical candidate: relation=NO_RECORDED_RELATION; recommended_action=KEEP_SEPARATE; confidence=HIGH. No human decision recorded.,,,canonical-taxonomy-v3-candidate
FALHA DE ENCHIMENTO,ENROSCO DE GARRAFAS,PENDING,Analytical candidate: relation=NO_RECORDED_RELATION; recommended_action=REVIEW_FAMILY; confidence=MEDIUM. No human decision recorded.,,,canonical-taxonomy-v3-candidate
FALHA DE ENCHIMENTO,FALHA DE VALVULA DE ENCHIMENTO,PENDING,Analytical candidate: relation=GENERIC_SPECIFIC; recommended_action=REVIEW_GENERIC_SPECIFIC; confidence=MEDIUM. No human decision recorded.,,,canonical-taxonomy-v3-candidate
FALHA DE ENCHIMENTO,FALHA NO SENSOR EXPULSADOR,PENDING,Analytical candidate: relation=PERSISTENT_CONFUSION; recommended_action=COLLECT_MORE_DATA; confidence=MEDIUM. No human decision recorded.,,,canonical-taxonomy-v3-candidate
FALHA DE ENCHIMENTO,GARRAFAS TORTAS NA SAIDA DO RINSER,PENDING,Analytical candidate: relation=NO_RECORDED_RELATION; recommended_action=REVIEW_FAMILY; confidence=MEDIUM. No human decision recorded.,,,canonical-taxonomy-v3-candidate
FALHA DE ENCHIMENTO,SEM MODO DE FALHA IDENTIFICADO,PENDING,Analytical candidate: relation=NO_RECORDED_RELATION; recommended_action=REVIEW_FAMILY; confidence=MEDIUM. No human decision recorded.,,,canonical-taxonomy-v3-candidate
FALHA DE ENVOLVIMENTO,FALHA DE FORMACAO DE CAMADA,PENDING,Analytical candidate: relation=NO_RECORDED_RELATION; recommended_action=REVIEW_FAMILY; confidence=MEDIUM. No human decision recorded.,,,canonical-taxonomy-v3-candidate
FALHA DE ENVOLVIMENTO,FALHA DE FORMACAO DE PACOTE,PENDING,Analytical candidate: relation=PERSISTENT_CONFUSION; recommended_action=COLLECT_MORE_DATA; confidence=HIGH. No human decision recorded.,,,canonical-taxonomy-v3-candidate
FALHA DE ENVOLVIMENTO,FALHA DE REGUA DE ENVOLVIMENTO,PENDING,Analytical candidate: relation=GENERIC_SPECIFIC; recommended_action=REVIEW_GENERIC_SPECIFIC; confidence=MEDIUM. No human decision recorded.,,,canonical-taxonomy-v3-candidate
FALHA DE ENVOLVIMENTO,FALSO ALARME DE REJEITO OBSTRUIDO,PENDING,Analytical candidate: relation=NO_RECORDED_RELATION; recommended_action=REVIEW_FAMILY; confidence=MEDIUM. No human decision recorded.,,,canonical-taxonomy-v3-candidate
FALHA DE ESTEIRA,DESARME DE MOTOR,PENDING,Analytical candidate: relation=PERSISTENT_CONFUSION; recommended_action=INSUFFICIENT_EVIDENCE; confidence=HIGH. No human decision recorded.,,,canonical-taxonomy-v3-candidate
FALHA DE ESTEIRA,ESCAPE DE ESTEIRA,PENDING,Analytical candidate: relation=NO_RECORDED_RELATION; recommended_action=KEEP_SEPARATE; confidence=MEDIUM. No human decision recorded.,,,canonical-taxonomy-v3-candidate
FALHA DE ESTEIRA,PATINAGEM DE ESTEIRA,PENDING,Analytical candidate: relation=NO_RECORDED_RELATION; recommended_action=KEEP_SEPARATE; confidence=MEDIUM. No human decision recorded.,,,canonical-taxonomy-v3-candidate
FALHA DE ESTEIRA,QUEBRA DE ESTEIRA,PENDING,Analytical candidate: relation=NO_RECORDED_RELATION; recommended_action=KEEP_SEPARATE; confidence=MEDIUM. No human decision recorded.,,,canonical-taxonomy-v3-candidate
FALHA DE ESTEIRA,QUEDA DE GARRAFAS,PENDING,Analytical candidate: relation=NO_RECORDED_RELATION; recommended_action=REVIEW_FAMILY; confidence=MEDIUM. No human decision recorded.,,,canonical-taxonomy-v3-candidate
FALHA DE FACA,FALHA DE CORTE DE FILME,PENDING,Analytical candidate: relation=NO_RECORDED_RELATION; recommended_action=REVIEW_FAMILY; confidence=MEDIUM. No human decision recorded.,,,canonical-taxonomy-v3-candidate
FALHA DE FILTRO,FALHA DE VEDACAO DA VALVULA,PENDING,Analytical candidate: relation=PERSISTENT_CONFUSION; recommended_action=COLLECT_MORE_DATA; confidence=HIGH. No human decision recorded.,,,canonical-taxonomy-v3-candidate
FALHA DE FIXACAO,DESALINHAMENTO DE GUIA,PENDING,Analytical candidate: relation=NO_RECORDED_RELATION; recommended_action=REVIEW_FAMILY; confidence=MEDIUM. No human decision recorded.,,,canonical-taxonomy-v3-candidate
FALHA DE FIXACAO,FALHA DE FORMACAO DE CAMADA,PENDING,Analytical candidate: relation=PERSISTENT_CONFUSION; recommended_action=INSUFFICIENT_EVIDENCE; confidence=MEDIUM. No human decision recorded.,,,canonical-taxonomy-v3-candidate
FALHA DE FIXACAO,VAZAMENTO EM TUBULACAO,PENDING,Analytical candidate: relation=NO_RECORDED_RELATION; recommended_action=REVIEW_FAMILY; confidence=MEDIUM. No human decision recorded.,,,canonical-taxonomy-v3-candidate
FALHA DE FORMACAO DE CAIXA,FALHA NA PEGADA DE CAMADA,PENDING,Analytical candidate: relation=PERSISTENT_CONFUSION; recommended_action=COLLECT_MORE_DATA; confidence=HIGH. No human decision recorded.,,,canonical-taxonomy-v3-candidate
FALHA DE FORMACAO DE CAMADA,FALHA DE MANGUEIRA PNEUMATICA,PENDING,Analytical candidate: relation=NO_RECORDED_RELATION; recommended_action=REVIEW_FAMILY; confidence=MEDIUM. No human decision recorded.,,,canonical-taxonomy-v3-candidate
FALHA DE FORMACAO DE CAMADA,PERDA DE REFERENCIA,PENDING,Analytical candidate: relation=PERSISTENT_CONFUSION; recommended_action=KEEP_SEPARATE; confidence=HIGH. No human decision recorded.,,,canonical-taxonomy-v3-candidate
FALHA DE FORMACAO DE CAMADA,TRAVAMENTO DE PALETE,PENDING,Analytical candidate: relation=NO_RECORDED_RELATION; recommended_action=REVIEW_FAMILY; confidence=MEDIUM. No human decision recorded.,,,canonical-taxonomy-v3-candidate
FALHA DE GUIA,ENROSCO DE CAIXAS,PENDING,Analytical candidate: relation=PERSISTENT_CONFUSION; recommended_action=COLLECT_MORE_DATA; confidence=MEDIUM. No human decision recorded.,,,canonical-taxonomy-v3-candidate
FALHA DE GUIA,ENROSCO DE GARRAFAS,PENDING,Analytical candidate: relation=NO_RECORDED_RELATION; recommended_action=REVIEW_FAMILY; confidence=MEDIUM. No human decision recorded.,,,canonical-taxonomy-v3-candidate
FALHA DE GUIA,QUEBRA DE PARAFUSO,PENDING,Analytical candidate: relation=PERSISTENT_CONFUSION; recommended_action=INSUFFICIENT_EVIDENCE; confidence=MEDIUM. No human decision recorded.,,,canonical-taxonomy-v3-candidate
FALHA DE GUIA,TRAVAMENTO DE TRANSPORTE,PENDING,Analytical candidate: relation=NO_RECORDED_RELATION; recommended_action=REVIEW_FAMILY; confidence=MEDIUM. No human decision recorded.,,,canonical-taxonomy-v3-candidate
FALHA DE INSPECAO,DESARME DE EQUIPAMENTO,PENDING,Analytical candidate: relation=PERSISTENT_CONFUSION; recommended_action=COLLECT_MORE_DATA; confidence=MEDIUM. No human decision recorded.,,,canonical-taxonomy-v3-candidate
FALHA DE INSPECAO,ENROSCO DE GARRAFAS,PENDING,Analytical candidate: relation=PERSISTENT_CONFUSION; recommended_action=KEEP_SEPARATE; confidence=MEDIUM. No human decision recorded.,,,canonical-taxonomy-v3-candidate
FALHA DE INSPECAO,ENROSCO DE LATAS,PENDING,Analytical candidate: relation=PERSISTENT_CONFUSION; recommended_action=KEEP_SEPARATE; confidence=HIGH. No human decision recorded.,,,canonical-taxonomy-v3-candidate
FALHA DE INSPECAO,FALHA DE CONTROLE DE PROCESSO,PENDING,Analytical candidate: relation=NO_RECORDED_RELATION; recommended_action=REVIEW_FAMILY; confidence=MEDIUM. No human decision recorded.,,,canonical-taxonomy-v3-candidate
FALHA DE INSPECAO,FALHA DE SENSOR,PENDING,Analytical candidate: relation=PERSISTENT_CONFUSION; recommended_action=INSUFFICIENT_EVIDENCE; confidence=MEDIUM. No human decision recorded.,,,canonical-taxonomy-v3-candidate
FALHA DE INSPECAO,FALHA DE TWISTER,PENDING,Analytical candidate: relation=PERSISTENT_CONFUSION; recommended_action=COLLECT_MORE_DATA; confidence=MEDIUM. No human decision recorded.,,,canonical-taxonomy-v3-candidate
FALHA DE INSPECAO,FALHA NO MANUSEIO DE CARTAO,PENDING,Analytical candidate: relation=NO_RECORDED_RELATION; recommended_action=REVIEW_FAMILY; confidence=MEDIUM. No human decision recorded.,,,canonical-taxonomy-v3-candidate
FALHA DE INSPECAO,PERDA DE REFERENCIA DO PEGADOR DE CHAPATEX,PENDING,Analytical candidate: relation=PERSISTENT_CONFUSION; recommended_action=COLLECT_MORE_DATA; confidence=MEDIUM. No human decision recorded.,,,canonical-taxonomy-v3-candidate
FALHA DE INSPECAO,TRAVAMENTO DE TRANSPORTE,PENDING,Analytical candidate: relation=NO_RECORDED_RELATION; recommended_action=REVIEW_FAMILY; confidence=MEDIUM. No human decision recorded.,,,canonical-taxonomy-v3-candidate
FALHA DE INSPECAO,VAZAMENTO EM TUBULACAO,PENDING,Analytical candidate: relation=PERSISTENT_CONFUSION; recommended_action=COLLECT_MORE_DATA; confidence=MEDIUM. No human decision recorded.,,,canonical-taxonomy-v3-candidate
FALHA DE JATOS DE ENXAGUE,FALHA DE PRESSAO DOS JATOS,PENDING,Analytical candidate: relation=NO_RECORDED_RELATION; recommended_action=INSUFFICIENT_EVIDENCE; confidence=MEDIUM. No human decision recorded.,,,canonical-taxonomy-v3-candidate
FALHA DE LEITURA,FALHA DE PARAMETRIZACAO DE RECEITA,PENDING,Analytical candidate: relation=NO_RECORDED_RELATION; recommended_action=INSUFFICIENT_EVIDENCE; confidence=MEDIUM. No human decision recorded.,,,canonical-taxonomy-v3-candidate
FALHA DE LEITURA DA GARRAFA TESTE,SEM MODO DE FALHA IDENTIFICADO,PENDING,Analytical candidate: relation=NO_RECORDED_RELATION; recommended_action=REVIEW_FAMILY; confidence=MEDIUM. No human decision recorded.,,,canonical-taxonomy-v3-candidate
FALHA DE MAGAZINE,FALHA DE ELEVADOR,PENDING,Analytical candidate: relation=NO_RECORDED_RELATION; recommended_action=REVIEW_FAMILY; confidence=HIGH. No human decision recorded.,,,canonical-taxonomy-v3-candidate
FALHA DE MANGUEIRA,FALHA DE CONEXAO DE MANGUEIRA,PENDING,Analytical candidate: relation=GENERIC_SPECIFIC; recommended_action=REVIEW_GENERIC_SPECIFIC; confidence=MEDIUM. No human decision recorded.,,,canonical-taxonomy-v3-candidate
FALHA DE MANGUEIRA PNEUMATICA,FALHA DE CONEXAO DE MANGUEIRA,PENDING,Analytical candidate: relation=NO_RECORDED_RELATION; recommended_action=KEEP_SEPARATE; confidence=MEDIUM. No human decision recorded.,,,canonical-taxonomy-v3-candidate
FALHA DE MISTURA,FALHA DE MIXER,PENDING,Analytical candidate: relation=NO_RECORDED_RELATION; recommended_action=KEEP_SEPARATE; confidence=MEDIUM. No human decision recorded.,,,canonical-taxonomy-v3-candidate
FALHA DE NOBREAK,FALHA DE ALIMENTACAO ELETRICA,PENDING,Analytical candidate: relation=NO_RECORDED_RELATION; recommended_action=REVIEW_FAMILY; confidence=MEDIUM. No human decision recorded.,,,canonical-taxonomy-v3-candidate
FALHA DE PATINS,ENROSCO DE PACOTES,PENDING,Analytical candidate: relation=PERSISTENT_CONFUSION; recommended_action=INSUFFICIENT_EVIDENCE; confidence=MEDIUM. No human decision recorded.,,,canonical-taxonomy-v3-candidate
FALHA DE PEGADOR,FALHA NA PEGA DE GARRAFAS,PENDING,Analytical candidate: relation=NO_RECORDED_RELATION; recommended_action=REVIEW_FAMILY; confidence=MEDIUM. No human decision recorded.,,,canonical-taxonomy-v3-candidate
FALHA DE PINCA,FALHA NA INSERCAO DE LATAS FALSAS,PENDING,Analytical candidate: relation=NO_RECORDED_RELATION; recommended_action=REVIEW_FAMILY; confidence=MEDIUM. No human decision recorded.,,,canonical-taxonomy-v3-candidate
FALHA DE PINCA,FALHA NO SISTEMA DE INSERCAO DE FALSA GARRAFA,PENDING,Analytical candidate: relation=PERSISTENT_CONFUSION; recommended_action=COLLECT_MORE_DATA; confidence=HIGH. No human decision recorded.,,,canonical-taxonomy-v3-candidate
FALHA DE PINCA,QUEBRA DE ESTEIRA,PENDING,Analytical candidate: relation=PERSISTENT_CONFUSION; recommended_action=INSUFFICIENT_EVIDENCE; confidence=MEDIUM. No human decision recorded.,,,canonical-taxonomy-v3-candidate
FALHA DE PINCA,TRAVAMENTO DE PINCA,PENDING,Analytical candidate: relation=NO_RECORDED_RELATION; recommended_action=KEEP_SEPARATE; confidence=MEDIUM. No human decision recorded.,,,canonical-taxonomy-v3-candidate
FALHA DE PLACA ELETRONICA,FALHA ELETRICA DO TRANSPORTE,PENDING,Analytical candidate: relation=NO_RECORDED_RELATION; recommended_action=REVIEW_FAMILY; confidence=MEDIUM. No human decision recorded.,,,canonical-taxonomy-v3-candidate
FALHA DE PLACA ELETRONICA,QUEIMA DA PLACA DEVICENET,PENDING,Analytical candidate: relation=PERSISTENT_CONFUSION; recommended_action=COLLECT_MORE_DATA; confidence=HIGH. No human decision recorded.,,,canonical-taxonomy-v3-candidate
FALHA DE PRESSAO,CRASH DE LATAS,PENDING,Analytical candidate: relation=PERSISTENT_CONFUSION; recommended_action=COLLECT_MORE_DATA; confidence=MEDIUM. No human decision recorded.,,,canonical-taxonomy-v3-candidate
FALHA DE PRESSAO,FALHA DE ENCHIMENTO,PENDING,Analytical candidate: relation=PERSISTENT_CONFUSION; recommended_action=COLLECT_MORE_DATA; confidence=MEDIUM. No human decision recorded.,,,canonical-taxonomy-v3-candidate
FALHA DE PRESSAO,FALHA DE PRESSURIZACAO DA ENCHEDORA,PENDING,Analytical candidate: relation=NO_RECORDED_RELATION; recommended_action=REVIEW_FAMILY; confidence=MEDIUM. No human decision recorded.,,,canonical-taxonomy-v3-candidate
FALHA DE PRESSURIZACAO DA ENCHEDORA,FALHA DE CABECOTE,PENDING,Analytical candidate: relation=NO_RECORDED_RELATION; recommended_action=REVIEW_FAMILY; confidence=MEDIUM. No human decision recorded.,,,canonical-taxonomy-v3-candidate
FALHA DE REJEICAO,CRASH DE LATAS,PENDING,Analytical candidate: relation=NO_RECORDED_RELATION; recommended_action=REVIEW_FAMILY; confidence=MEDIUM. No human decision recorded.,,,canonical-taxonomy-v3-candidate
FALHA DE REJEICAO,DESARME DE EQUIPAMENTO,PENDING,Analytical candidate: relation=PERSISTENT_CONFUSION; recommended_action=COLLECT_MORE_DATA; confidence=HIGH. No human decision recorded.,,,canonical-taxonomy-v3-candidate
FALHA DE REJEICAO,FALHA DE ENCHIMENTO,PENDING,Analytical candidate: relation=NO_RECORDED_RELATION; recommended_action=REVIEW_FAMILY; confidence=MEDIUM. No human decision recorded.,,,canonical-taxonomy-v3-candidate
FALHA DE REJEICAO,FALHA DE INSPECAO,PENDING,Analytical candidate: relation=NO_RECORDED_RELATION; recommended_action=REVIEW_FAMILY; confidence=MEDIUM. No human decision recorded.,,,canonical-taxonomy-v3-candidate
FALHA DE ROLAMENTO,ROMPIMENTO DE FILME,PENDING,Analytical candidate: relation=NO_RECORDED_RELATION; recommended_action=REVIEW_FAMILY; confidence=MEDIUM. No human decision recorded.,,,canonical-taxonomy-v3-candidate
FALHA DE ROTULAGEM,ENROSCO DE ROTULOS,PENDING,Analytical candidate: relation=NO_RECORDED_RELATION; recommended_action=INSUFFICIENT_EVIDENCE; confidence=HIGH. No human decision recorded.,,,canonical-taxonomy-v3-candidate
FALHA DE SENSOR,FALHA DE COMUNICACAO,PENDING,Analytical candidate: relation=NO_RECORDED_RELATION; recommended_action=REVIEW_FAMILY; confidence=MEDIUM. No human decision recorded.,,,canonical-taxonomy-v3-candidate
FALHA DE SENSOR,FALHA DE ENCHIMENTO,PENDING,Analytical candidate: relation=NO_RECORDED_RELATION; recommended_action=REVIEW_FAMILY; confidence=MEDIUM. No human decision recorded.,,,canonical-taxonomy-v3-candidate
FALHA DE SENSOR,FALHA DE REJEICAO,PENDING,Analytical candidate: relation=NO_RECORDED_RELATION; recommended_action=REVIEW_FAMILY; confidence=MEDIUM. No human decision recorded.,,,canonical-taxonomy-v3-candidate
FALHA DE SENSOR,ROMPIMENTO DE FILME,PENDING,Analytical candidate: relation=PERSISTENT_CONFUSION; recommended_action=KEEP_SEPARATE; confidence=MEDIUM. No human decision recorded.,,,canonical-taxonomy-v3-candidate
FALHA DE SINCRONISMO,FALHA DE CORTE DE FILME,PENDING,Analytical candidate: relation=NO_RECORDED_RELATION; recommended_action=REVIEW_FAMILY; confidence=MEDIUM. No human decision recorded.,,,canonical-taxonomy-v3-candidate
FALHA DE SUPRIMENTO DE AR COMPRIMIDO,FALHA NO VIRADOR DE PACOTES,PENDING,Analytical candidate: relation=NO_RECORDED_RELATION; recommended_action=REVIEW_FAMILY; confidence=MEDIUM. No human decision recorded.,,,canonical-taxonomy-v3-candidate
FALHA DE TAMPAMENTO,QUEBRA DE ANEL O RING,PENDING,Analytical candidate: relation=NO_RECORDED_RELATION; recommended_action=REVIEW_FAMILY; confidence=MEDIUM. No human decision recorded.,,,canonical-taxonomy-v3-candidate
FALHA DE TRACAO GUIAMENTO DE FILME,FALHA DE CORTE DE FILME,PENDING,Analytical candidate: relation=NO_RECORDED_RELATION; recommended_action=KEEP_SEPARATE; confidence=HIGH. No human decision recorded.,,,canonical-taxonomy-v3-candidate
FALHA DE TRACAO GUIAMENTO DE FILME,ROMPIMENTO DE FILME,PENDING,Analytical candidate: relation=PERSISTENT_CONFUSION; recommended_action=INSUFFICIENT_EVIDENCE; confidence=MEDIUM. No human decision recorded.,,,canonical-taxonomy-v3-candidate
FALHA DE TRANSPORTE DE CAIXAS,AMASSAMENTO DE LATAS,PENDING,Analytical candidate: relation=NO_RECORDED_RELATION; recommended_action=REVIEW_FAMILY; confidence=MEDIUM. No human decision recorded.,,,canonical-taxonomy-v3-candidate
FALHA DE TRANSPORTE DE CAIXAS,ESCAPE DE ESTEIRA,PENDING,Analytical candidate: relation=PERSISTENT_CONFUSION; recommended_action=COLLECT_MORE_DATA; confidence=HIGH. No human decision recorded.,,,canonical-taxonomy-v3-candidate
FALHA DE TRANSPORTE DE PALETES,FALHA DE BARREIRA,PENDING,Analytical candidate: relation=NO_RECORDED_RELATION; recommended_action=REVIEW_FAMILY; confidence=MEDIUM. No human decision recorded.,,,canonical-taxonomy-v3-candidate
FALHA DE TRANSPORTE DE PALETES,FALHA DE TRANSPORTE DE LATAS,PENDING,Analytical candidate: relation=PERSISTENT_CONFUSION; recommended_action=COLLECT_MORE_DATA; confidence=MEDIUM. No human decision recorded.,,,canonical-taxonomy-v3-candidate
FALHA DE TRANSPORTE DE PALETES,FALHA DE TRANSPORTE DE PACOTES,PENDING,Analytical candidate: relation=PERSISTENT_CONFUSION; recommended_action=COLLECT_MORE_DATA; confidence=MEDIUM. No human decision recorded.,,,canonical-taxonomy-v3-candidate
FALHA DE TWISTER,QUEDA DE LATAS,PENDING,Analytical candidate: relation=NO_RECORDED_RELATION; recommended_action=REVIEW_FAMILY; confidence=MEDIUM. No human decision recorded.,,,canonical-taxonomy-v3-candidate
FALHA DE VALVULA,FALHA DE SINCRONISMO,PENDING,Analytical candidate: relation=NO_RECORDED_RELATION; recommended_action=REVIEW_FAMILY; confidence=MEDIUM. No human decision recorded.,,,canonical-taxonomy-v3-candidate
FALHA DE VALVULA,SEM MODO DE FALHA IDENTIFICADO,PENDING,Analytical candidate: relation=NO_RECORDED_RELATION; recommended_action=REVIEW_FAMILY; confidence=MEDIUM. No human decision recorded.,,,canonical-taxonomy-v3-candidate
FALHA DE VALVULA DE ENCHIMENTO,FALHA DE SOLDA DE FILME,PENDING,Analytical candidate: relation=PERSISTENT_CONFUSION; recommended_action=INSUFFICIENT_EVIDENCE; confidence=MEDIUM. No human decision recorded.,,,canonical-taxonomy-v3-candidate
FALHA DE VALVULA DE NITROGENIO,FALHA NO DOSADOR DE NITROGENIO,PENDING,Analytical candidate: relation=NO_RECORDED_RELATION; recommended_action=REVIEW_FAMILY; confidence=MEDIUM. No human decision recorded.,,,canonical-taxonomy-v3-candidate
FALHA DE VALVULA MODULADORA,FALHA DE IHM,PENDING,Analytical candidate: relation=PERSISTENT_CONFUSION; recommended_action=INSUFFICIENT_EVIDENCE; confidence=MEDIUM. No human decision recorded.,,,canonical-taxonomy-v3-candidate
FALHA DE VALVULA MODULADORA,FALHA DE VALVULA,PENDING,Analytical candidate: relation=PERSISTENT_CONFUSION; recommended_action=GENERIC_SPECIFIC_REVIEW; confidence=MEDIUM. No human decision recorded.,,,canonical-taxonomy-v3-candidate
FALHA DE VALVULA MODULADORA,FALHA DE VALVULA DE XAROPE,PENDING,Analytical candidate: relation=NO_RECORDED_RELATION; recommended_action=KEEP_SEPARATE; confidence=MEDIUM. No human decision recorded.,,,canonical-taxonomy-v3-candidate
FALHA DE VEDACAO DA VALVULA,FALHA DE VALVULA DE ENCHIMENTO,PENDING,Analytical candidate: relation=PERSISTENT_CONFUSION; recommended_action=COLLECT_MORE_DATA; confidence=MEDIUM. No human decision recorded.,,,canonical-taxonomy-v3-candidate
FALHA DE VELOCIDADE DO TRANSPORTE,VELOCIDADE REDUZIDA SEM CAUSA IDENTIFICADA,PENDING,Analytical candidate: relation=PERSISTENT_CONFUSION; recommended_action=COLLECT_MORE_DATA; confidence=HIGH. No human decision recorded.,,,canonical-taxonomy-v3-candidate
FALHA DO COLOCADOR DE CARTAO,FALHA DE BARREIRA,PENDING,Analytical candidate: relation=PERSISTENT_CONFUSION; recommended_action=COLLECT_MORE_DATA; confidence=MEDIUM. No human decision recorded.,,,canonical-taxonomy-v3-candidate
FALHA DO COLOCADOR DE CARTAO,FALHA DE ROBO,PENDING,Analytical candidate: relation=NO_RECORDED_RELATION; recommended_action=REVIEW_FAMILY; confidence=MEDIUM. No human decision recorded.,,,canonical-taxonomy-v3-candidate
FALHA DO COLOCADOR DE CHAPATEX,FALHA DO COLOCADOR DE CARTAO,PENDING,Analytical candidate: relation=RELATED_NOT_EQUIVALENT; recommended_action=KEEP_SEPARATE; confidence=MEDIUM. No human decision recorded.,,,canonical-taxonomy-v3-candidate
FALHA ELETRICA DO TRANSPORTE,FALHA DE TRANSPORTE,PENDING,Analytical candidate: relation=PERSISTENT_CONFUSION; recommended_action=GENERIC_SPECIFIC_REVIEW; confidence=MEDIUM. No human decision recorded.,,,canonical-taxonomy-v3-candidate
FALHA ELETRICA DO TRANSPORTE,FALHA ELETRICA SEM COMPONENTE IDENTIFICADO,PENDING,Analytical candidate: relation=NO_RECORDED_RELATION; recommended_action=INSUFFICIENT_EVIDENCE; confidence=MEDIUM. No human decision recorded.,,,canonical-taxonomy-v3-candidate
FALHA ELETRICA SEM COMPONENTE IDENTIFICADO,FALHA DE CABO DE SEGURANCA,PENDING,Analytical candidate: relation=NO_RECORDED_RELATION; recommended_action=REVIEW_FAMILY; confidence=MEDIUM. No human decision recorded.,,,canonical-taxonomy-v3-candidate
FALHA ELETRONICA DA VALVULA,FALHA DE VALVULA,PENDING,Analytical candidate: relation=PERSISTENT_CONFUSION; recommended_action=GENERIC_SPECIFIC_REVIEW; confidence=MEDIUM. No human decision recorded.,,,canonical-taxonomy-v3-candidate
FALHA INVERSOR,FALHA DE INVERSOR,ALIAS_APPROVED,Migrated approved conservative v2 alias. Only a preposition is omitted. TRAIN observation centroid cosine=0.3958,legacy_safe_mapping_v2,,canonical-taxonomy-v3-candidate
FALHA NA FORMACAO DE CAMADA,FALHA DE FORMACAO DE CAMADA,ALIAS_APPROVED,Migrated approved conservative v2 alias. Only the preposition differs. TRAIN observation centroid cosine=0.3413,legacy_safe_mapping_v2,,canonical-taxonomy-v3-candidate
FALHA NA INSERCAO DE LATAS FALSAS,FALHA DE REJEICAO,PENDING,Analytical candidate: relation=NO_RECORDED_RELATION; recommended_action=REVIEW_FAMILY; confidence=MEDIUM. No human decision recorded.,,,canonical-taxonomy-v3-candidate
FALHA NA INSERCAO DE LATAS FALSAS,FALHA NO SISTEMA DE INSERCAO DE FALSA GARRAFA,PENDING,Analytical candidate: relation=PERSISTENT_CONFUSION; recommended_action=COLLECT_MORE_DATA; confidence=HIGH. No human decision recorded.,,,canonical-taxonomy-v3-candidate
FALHA NA SAIDA DE PALETES,FALHA DE BARREIRA,PENDING,Analytical candidate: relation=NO_RECORDED_RELATION; recommended_action=REVIEW_FAMILY; confidence=MEDIUM. No human decision recorded.,,,canonical-taxonomy-v3-candidate
FALHA NA TROCA DE PALETE DE CARTAO,FALHA NA TROCA DE PALETE DE FOLHA SEPARADORA,PENDING,Analytical candidate: relation=PERSISTENT_CONFUSION; recommended_action=TAXONOMY_REVIEW; confidence=HIGH. No human decision recorded.,,,canonical-taxonomy-v3-candidate
FALHA NA VALVULA,FALHA DE VALVULA,ALIAS_APPROVED,Migrated approved conservative v2 alias. Same generic valve failure; only the preposition differs. TRAIN observation centroid cosine=0.2698,legacy_safe_mapping_v2,,canonical-taxonomy-v3-candidate
FALHA NO BOTAO RESET,FALHA DE PEGADOR,PENDING,Analytical candidate: relation=NO_RECORDED_RELATION; recommended_action=REVIEW_FAMILY; confidence=MEDIUM. No human decision recorded.,,,canonical-taxonomy-v3-candidate
FALHA NO CORTE DE TUBETES,FALHA DE CORTE DE FILME,PENDING,Analytical candidate: relation=NO_RECORDED_RELATION; recommended_action=REVIEW_FAMILY; confidence=MEDIUM. No human decision recorded.,,,canonical-taxonomy-v3-candidate
FALHA NO MANUSEIO DE CARTAO,FALHA DE ENCOSTO DE AGRUPAMENTO,PENDING,Analytical candidate: relation=PERSISTENT_CONFUSION; recommended_action=COLLECT_MORE_DATA; confidence=MEDIUM. No human decision recorded.,,,canonical-taxonomy-v3-candidate
FALHA NO MANUSEIO DE CARTAO,FALHA NA TROCA DE PALETE DE CARTAO,PENDING,Analytical candidate: relation=NO_RECORDED_RELATION; recommended_action=KEEP_SEPARATE; confidence=MEDIUM. No human decision recorded.,,,canonical-taxonomy-v3-candidate
FALHA NO SISTEMA DE CORTE,FALHA DE TRANSPORTE,PENDING,Analytical candidate: relation=NO_RECORDED_RELATION; recommended_action=REVIEW_FAMILY; confidence=MEDIUM. No human decision recorded.,,,canonical-taxonomy-v3-candidate
FALHA NO TROCADOR DE CALOR,FALHA TROCADOR DE CALOR,ALIAS_APPROVED,Migrated approved conservative v2 alias. Same heat-exchanger failure; only function words differ. TRAIN observation centroid cosine=0.5323,legacy_safe_mapping_v2,,canonical-taxonomy-v3-candidate
FALHA NO VIRADOR DE CAIXAS,ENROSCO DE CAIXAS,PENDING,Analytical candidate: relation=NO_RECORDED_RELATION; recommended_action=KEEP_SEPARATE; confidence=MEDIUM. No human decision recorded.,,,canonical-taxonomy-v3-candidate
FALHA NO VIRADOR DE PACOTES,ENROSCO DE PACOTES,PENDING,Analytical candidate: relation=PERSISTENT_CONFUSION; recommended_action=COLLECT_MORE_DATA; confidence=MEDIUM. No human decision recorded.,,,canonical-taxonomy-v3-candidate
FALHA NO VIRADOR DE PACOTES,FALHA DE FREIO,PENDING,Analytical candidate: relation=PERSISTENT_CONFUSION; recommended_action=COLLECT_MORE_DATA; confidence=MEDIUM. No human decision recorded.,,,canonical-taxonomy-v3-candidate
FALHA NO VIRADOR DE PACOTES,QUEDA DE PACOTES,PENDING,Analytical candidate: relation=NO_RECORDED_RELATION; recommended_action=KEEP_SEPARATE; confidence=MEDIUM. No human decision recorded.,,,canonical-taxonomy-v3-candidate
FALHA VALVULA DE ENCHIMENTO,FALHA DE VALVULA DE ENCHIMENTO,ALIAS_APPROVED,Migrated approved conservative v2 alias. Only a preposition is omitted. TRAIN observation centroid cosine=0.0524,legacy_safe_mapping_v2,,canonical-taxonomy-v3-candidate
FALSO REJEITO,FALHA DE DESCAPSULAMENTO,PENDING,Analytical candidate: relation=PERSISTENT_CONFUSION; recommended_action=COLLECT_MORE_DATA; confidence=MEDIUM. No human decision recorded.,,,canonical-taxonomy-v3-candidate
FALSO REJEITO,FALHA DE INSPECAO,PENDING,Analytical candidate: relation=NO_RECORDED_RELATION; recommended_action=REVIEW_FAMILY; confidence=MEDIUM. No human decision recorded.,,,canonical-taxonomy-v3-candidate
PATINS FORA DE POSICAO,QUEDA DE PACOTES,PENDING,Analytical candidate: relation=NO_RECORDED_RELATION; recommended_action=REVIEW_FAMILY; confidence=HIGH. No human decision recorded.,,,canonical-taxonomy-v3-candidate
PERDA DE REFERENCIA,ENROSCO DE TAMPAS,PENDING,Analytical candidate: relation=NO_RECORDED_RELATION; recommended_action=REVIEW_FAMILY; confidence=MEDIUM. No human decision recorded.,,,canonical-taxonomy-v3-candidate
QUEBRA DA ESTEIRA,QUEBRA DE ESTEIRA,ALIAS_APPROVED,Migrated approved conservative v2 alias. Same break mechanism and conveyor component. TRAIN observation centroid cosine=0.3595,legacy_safe_mapping_v2,,canonical-taxonomy-v3-candidate
QUEBRA DE ATUADOR,FALHA DE ROLO SEPARADOR,PENDING,Analytical candidate: relation=PERSISTENT_CONFUSION; recommended_action=COLLECT_MORE_DATA; confidence=MEDIUM. No human decision recorded.,,,canonical-taxonomy-v3-candidate
QUEBRA DE COMPONENTE,FALHA DE CABO DE SEGURANCA,PENDING,Analytical candidate: relation=PERSISTENT_CONFUSION; recommended_action=COLLECT_MORE_DATA; confidence=MEDIUM. No human decision recorded.,,,canonical-taxonomy-v3-candidate
QUEBRA DE COMPONENTE,FALHA DE PORTA DE SEGURANCA,PENDING,Analytical candidate: relation=NO_RECORDED_RELATION; recommended_action=REVIEW_FAMILY; confidence=MEDIUM. No human decision recorded.,,,canonical-taxonomy-v3-candidate
QUEBRA DE COMPONENTE,FALHA DE SENSOR,PENDING,Analytical candidate: relation=NO_RECORDED_RELATION; recommended_action=REVIEW_FAMILY; confidence=HIGH. No human decision recorded.,,,canonical-taxonomy-v3-candidate
QUEBRA DE COMPONENTE,FALHA DE VEDACAO DA VALVULA,PENDING,Analytical candidate: relation=PERSISTENT_CONFUSION; recommended_action=COLLECT_MORE_DATA; confidence=HIGH. No human decision recorded.,,,canonical-taxonomy-v3-candidate
QUEBRA DE COMPONENTE,VAZAMENTO,PENDING,Analytical candidate: relation=NO_RECORDED_RELATION; recommended_action=INSUFFICIENT_EVIDENCE; confidence=MEDIUM. No human decision recorded.,,,canonical-taxonomy-v3-candidate
QUEBRA DE CORREIA,FALHA DE SINCRONISMO,PENDING,Analytical candidate: relation=PERSISTENT_CONFUSION; recommended_action=INSUFFICIENT_EVIDENCE; confidence=HIGH. No human decision recorded.,,,canonical-taxonomy-v3-candidate
QUEBRA DE ENGRENAGEM,FALHA DE ENGRENAGEM,PENDING,Analytical candidate: relation=NO_RECORDED_RELATION; recommended_action=KEEP_SEPARATE; confidence=MEDIUM. No human decision recorded.,,,canonical-taxonomy-v3-candidate
QUEBRA DE PARAFUSO,FALHA DE FREIO,PENDING,Analytical candidate: relation=NO_RECORDED_RELATION; recommended_action=INSUFFICIENT_EVIDENCE; confidence=MEDIUM. No human decision recorded.,,,canonical-taxonomy-v3-candidate
QUEBRA DE TRANSPORTE,FALHA DE INSPECAO,PENDING,Analytical candidate: relation=NO_RECORDED_RELATION; recommended_action=REVIEW_FAMILY; confidence=MEDIUM. No human decision recorded.,,,canonical-taxonomy-v3-candidate
QUEBRA DE TRANSPORTE,QUEDA DE GARRAFAS,PENDING,Analytical candidate: relation=NO_RECORDED_RELATION; recommended_action=REVIEW_FAMILY; confidence=MEDIUM. No human decision recorded.,,,canonical-taxonomy-v3-candidate
QUEDA DE GARRAFAS,FALHA DE PINCA,PENDING,Analytical candidate: relation=NO_RECORDED_RELATION; recommended_action=REVIEW_FAMILY; confidence=MEDIUM. No human decision recorded.,,,canonical-taxonomy-v3-candidate
QUEDA DE GARRAFAS,FALHA DE SENSOR,PENDING,Analytical candidate: relation=PERSISTENT_CONFUSION; recommended_action=INSUFFICIENT_EVIDENCE; confidence=HIGH. No human decision recorded.,,,canonical-taxonomy-v3-candidate
QUEDA DE LATAS,DEFORMACAO DESALINHAMENTO DE GUIA,PENDING,Analytical candidate: relation=NO_RECORDED_RELATION; recommended_action=REVIEW_FAMILY; confidence=HIGH. No human decision recorded.,,,canonical-taxonomy-v3-candidate
QUEDA DE LATAS,FALHA DE ENVOLVIMENTO,PENDING,Analytical candidate: relation=PERSISTENT_CONFUSION; recommended_action=INSUFFICIENT_EVIDENCE; confidence=MEDIUM. No human decision recorded.,,,canonical-taxonomy-v3-candidate
QUEDA DE LATAS,FALHA DE GUIA,PENDING,Analytical candidate: relation=PERSISTENT_CONFUSION; recommended_action=INSUFFICIENT_EVIDENCE; confidence=MEDIUM. No human decision recorded.,,,canonical-taxonomy-v3-candidate
QUEDA DE LATAS,FALHA DE REGUA DE ENVOLVIMENTO,PENDING,Analytical candidate: relation=NO_RECORDED_RELATION; recommended_action=REVIEW_FAMILY; confidence=MEDIUM. No human decision recorded.,,,canonical-taxonomy-v3-candidate
QUEDA DE LATAS,ROMPIMENTO DE FILME,PENDING,Analytical candidate: relation=NO_RECORDED_RELATION; recommended_action=REVIEW_FAMILY; confidence=HIGH. No human decision recorded.,,,canonical-taxonomy-v3-candidate
QUEDA DE PACOTES,FALHA DE ROLETES,PENDING,Analytical candidate: relation=PERSISTENT_CONFUSION; recommended_action=COLLECT_MORE_DATA; confidence=MEDIUM. No human decision recorded.,,,canonical-taxonomy-v3-candidate
QUEDA DE PACOTES,FALHA NA DESCARGA DE PALETE,PENDING,Analytical candidate: relation=NO_RECORDED_RELATION; recommended_action=REVIEW_FAMILY; confidence=MEDIUM. No human decision recorded.,,,canonical-taxonomy-v3-candidate
ROBO COM FALHA,FALHA DE ROBO,ALIAS_APPROVED,Migrated approved conservative v2 alias. Same generic robot failure with inverted word order. TRAIN observation centroid cosine=0.1909,legacy_safe_mapping_v2,,canonical-taxonomy-v3-candidate
ROMPIMENTO DE FILME,FALHA NO MANUSEIO DE CARTAO,PENDING,Analytical candidate: relation=NO_RECORDED_RELATION; recommended_action=REVIEW_FAMILY; confidence=MEDIUM. No human decision recorded.,,,canonical-taxonomy-v3-candidate
ROMPIMENTO DE MANGUEIRA,ROMPIMENTO DE MANGUEIRA DE AGUA,PENDING,Analytical candidate: relation=GENERIC_SPECIFIC; recommended_action=REVIEW_GENERIC_SPECIFIC; confidence=MEDIUM. No human decision recorded.,,,canonical-taxonomy-v3-candidate
ROMPIMENTO DE MANGUEIRA,TRAVAMENTO DE ATUADOR,PENDING,Analytical candidate: relation=PERSISTENT_CONFUSION; recommended_action=COLLECT_MORE_DATA; confidence=HIGH. No human decision recorded.,,,canonical-taxonomy-v3-candidate
ROMPIMENTO DE MANGUEIRA DE AR,FALHA DE CODIFICACAO,PENDING,Analytical candidate: relation=PERSISTENT_CONFUSION; recommended_action=COLLECT_MORE_DATA; confidence=HIGH. No human decision recorded.,,,canonical-taxonomy-v3-candidate
ROMPIMENTO DE TUBEIRA DO FORNO,ENROSCO DE PACOTES,PENDING,Analytical candidate: relation=NO_RECORDED_RELATION; recommended_action=REVIEW_FAMILY; confidence=MEDIUM. No human decision recorded.,,,canonical-taxonomy-v3-candidate
SEM MODO DE FALHA IDENTIFICADO,FALHA DE CABECOTE,PENDING,Analytical candidate: relation=NO_RECORDED_RELATION; recommended_action=REVIEW_FAMILY; confidence=MEDIUM. No human decision recorded.,,,canonical-taxonomy-v3-candidate
SEM MODO DE FALHA IDENTIFICADO,FALHA DE ENCHIMENTO,PENDING,Analytical candidate: relation=NO_RECORDED_RELATION; recommended_action=REVIEW_FAMILY; confidence=HIGH. No human decision recorded.,,,canonical-taxonomy-v3-candidate
SEM MODO DE FALHA IDENTIFICADO,FALHA DE ENVOLVIMENTO,PENDING,Analytical candidate: relation=NO_RECORDED_RELATION; recommended_action=REVIEW_FAMILY; confidence=HIGH. No human decision recorded.,,,canonical-taxonomy-v3-candidate
SEM MODO DE FALHA IDENTIFICADO,FALHA DE SENSOR,PENDING,Analytical candidate: relation=PERSISTENT_CONFUSION; recommended_action=INSUFFICIENT_EVIDENCE; confidence=MEDIUM. No human decision recorded.,,,canonical-taxonomy-v3-candidate
SEM MODO DE FALHA IDENTIFICADO,FALHA DE VALVULA,PENDING,Analytical candidate: relation=PERSISTENT_CONFUSION; recommended_action=INSUFFICIENT_EVIDENCE; confidence=MEDIUM. No human decision recorded.,,,canonical-taxonomy-v3-candidate
SEM MODO DE FALHA IDENTIFICADO,FALHA DE VELOCIDADE DO TRANSPORTE,PENDING,Analytical candidate: relation=PERSISTENT_CONFUSION; recommended_action=KEEP_SEPARATE; confidence=MEDIUM. No human decision recorded.,,,canonical-taxonomy-v3-candidate
SEM MODO DE FALHA IDENTIFICADO,FALHA NO DOSADOR DE NITROGENIO,PENDING,Analytical candidate: relation=NO_RECORDED_RELATION; recommended_action=REVIEW_FAMILY; confidence=MEDIUM. No human decision recorded.,,,canonical-taxonomy-v3-candidate
SEM MODO DE FALHA IDENTIFICADO,FALHA NO SUPRIMENTO DE AGUA,PENDING,Analytical candidate: relation=PERSISTENT_CONFUSION; recommended_action=COLLECT_MORE_DATA; confidence=MEDIUM. No human decision recorded.,,,canonical-taxonomy-v3-candidate
SEM MODO DE FALHA IDENTIFICADO,QUEDA DE GARRAFAS,PENDING,Analytical candidate: relation=NO_RECORDED_RELATION; recommended_action=REVIEW_FAMILY; confidence=MEDIUM. No human decision recorded.,,,canonical-taxonomy-v3-candidate
SEM MODO DE FALHA IDENTIFICADO,TRAVAMENTO DE VALVULA,PENDING,Analytical candidate: relation=NO_RECORDED_RELATION; recommended_action=REVIEW_FAMILY; confidence=MEDIUM. No human decision recorded.,,,canonical-taxonomy-v3-candidate
SOBRECORRENTE,QUEBRA DE CORRENTE,PENDING,Analytical candidate: relation=NO_RECORDED_RELATION; recommended_action=KEEP_SEPARATE; confidence=MEDIUM. No human decision recorded.,,,canonical-taxonomy-v3-candidate
TOMBAMENTO DE RECIPIENTES,FALHA NA INSERCAO DE LATAS FALSAS,PENDING,Analytical candidate: relation=NO_RECORDED_RELATION; recommended_action=REVIEW_FAMILY; confidence=MEDIUM. No human decision recorded.,,,canonical-taxonomy-v3-candidate
TOMBAMENTO DE RECIPIENTES,QUEDA DE LATAS,PENDING,Analytical candidate: relation=PERSISTENT_CONFUSION; recommended_action=COLLECT_MORE_DATA; confidence=MEDIUM. No human decision recorded.,,,canonical-taxonomy-v3-candidate
TRAVAMENTO DE ATUADOR,QUEBRA DE ATUADOR,PENDING,Analytical candidate: relation=NO_RECORDED_RELATION; recommended_action=KEEP_SEPARATE; confidence=MEDIUM. No human decision recorded.,,,canonical-taxonomy-v3-candidate
TRAVAMENTO DE ESTEIRA,TRAVAMENTO DE ELEVADOR,PENDING,Analytical candidate: relation=PERSISTENT_CONFUSION; recommended_action=COLLECT_MORE_DATA; confidence=MEDIUM. No human decision recorded.,,,canonical-taxonomy-v3-candidate
TRAVAMENTO DE PERSIANA,FALHA DE PERSIANA,PENDING,Analytical candidate: relation=NO_RECORDED_RELATION; recommended_action=KEEP_SEPARATE; confidence=MEDIUM. No human decision recorded.,,,canonical-taxonomy-v3-candidate
TRAVAMENTO DE PINCA,FALHA DE MOLA,PENDING,Analytical candidate: relation=NO_RECORDED_RELATION; recommended_action=REVIEW_FAMILY; confidence=MEDIUM. No human decision recorded.,,,canonical-taxonomy-v3-candidate
TRAVAMENTO DE PINCA,SEM MODO DE FALHA IDENTIFICADO,PENDING,Analytical candidate: relation=PERSISTENT_CONFUSION; recommended_action=COLLECT_MORE_DATA; confidence=MEDIUM. No human decision recorded.,,,canonical-taxonomy-v3-candidate
TRAVAMENTO DE ROBO,FALHA DE ROBO,PENDING,Analytical candidate: relation=NO_RECORDED_RELATION; recommended_action=KEEP_SEPARATE; confidence=HIGH. No human decision recorded.,,,canonical-taxonomy-v3-candidate
TRAVAMENTO DE ROLETES,FALHA DE ROLETES,PENDING,Analytical candidate: relation=NO_RECORDED_RELATION; recommended_action=KEEP_SEPARATE; confidence=MEDIUM. No human decision recorded.,,,canonical-taxonomy-v3-candidate
TRAVAMENTO DE TRANSPORTE,DESARME DE TRANSPORTE,PENDING,Analytical candidate: relation=NO_RECORDED_RELATION; recommended_action=KEEP_SEPARATE; confidence=MEDIUM. No human decision recorded.,,,canonical-taxonomy-v3-candidate
TRAVAMENTO DE TRANSPORTE,SOBRECORRENTE,PENDING,Analytical candidate: relation=NO_RECORDED_RELATION; recommended_action=REVIEW_FAMILY; confidence=MEDIUM. No human decision recorded.,,,canonical-taxonomy-v3-candidate
TRAVAMENTO DE VALVULA,FALHA DE RESFRIAMENTO,PENDING,Analytical candidate: relation=PERSISTENT_CONFUSION; recommended_action=COLLECT_MORE_DATA; confidence=HIGH. No human decision recorded.,,,canonical-taxonomy-v3-candidate
TRAVAMENTO DO CAPSULADOR,FALHA DE TAMPAMENTO,PENDING,Analytical candidate: relation=PERSISTENT_CONFUSION; recommended_action=COLLECT_MORE_DATA; confidence=MEDIUM. No human decision recorded.,,,canonical-taxonomy-v3-candidate
TRAVAMENTO DO SISTEMA DE COMPACTACAO,FALHA DE COMPACTACAO DE CAMADA,PENDING,Analytical candidate: relation=NO_RECORDED_RELATION; recommended_action=REVIEW_FAMILY; confidence=MEDIUM. No human decision recorded.,,,canonical-taxonomy-v3-candidate
TRAVAMENTO ELEVADOR,TRAVAMENTO DE ELEVADOR,ALIAS_APPROVED,Migrated approved conservative v2 alias. Only a preposition is omitted. TRAIN observation centroid cosine=0.0816,legacy_safe_mapping_v2,,canonical-taxonomy-v3-candidate
VAZAMENTO,FALHA DE PRESSAO DOS JATOS,PENDING,Analytical candidate: relation=NO_RECORDED_RELATION; recommended_action=INSUFFICIENT_EVIDENCE; confidence=MEDIUM. No human decision recorded.,,,canonical-taxonomy-v3-candidate
VELOCIDADE REDUZIDA SEM CAUSA IDENTIFICADA,FALHA DE VELOCIDADE DO TRANSPORTE,PENDING,Analytical candidate: relation=NO_RECORDED_RELATION; recommended_action=REVIEW_FAMILY; confidence=MEDIUM. No human decision recorded.,,,canonical-taxonomy-v3-candidate
