priority_rank,active_learning_score,observation,current_label,family,train_support,rarity_bucket,top1,top1_score,top2,top2_score,top3,top3_score,margin_top1_top2,prototype_best_label,prototype_similarity,persistent_confusion,possible_label_noise,review_reason,review_type,human_decision,human_label,human_comment,reviewed_by,reviewed_at
1,64.9655,FALHA NO TRANSPORTE DE PALETES 8241859,FALHA DE TRANSPORTE DE PALETES,PALETE,1,VERY_RARE_2_3,FALHA DE TRANSPORTE DE PACOTES,1.0,FALHA DE BARREIRA,0.9877076551034799,TRAVAMENTO DE TRANSPORTE,0.8395735492255504,0.012292344896520091,FALHA DE TRANSPORTE DE LATAS,0.5282047986984253,,False,HIGH_UNCERTAINTY | RARE_CLASS | PERSISTENT_CONFUSION | MODEL_PROTOTYPE_FAMILY_DISAGREEMENT,,,,,,
2,63.9246,INSTALACAO DA VALVULA DE DOSADOR DE NITROGENIO,FALHA DE VALVULA DE NITROGENIO,VALVULA,1,VERY_RARE_2_3,FALHA NO DOSADOR DE NITROGENIO,1.0,FALHA DE VALVULA,0.7926826846490361,FALHA DE DOSAGEM,0.48670615581965354,0.20731731535096387,FALHA NO DOSADOR DE NITROGENIO,0.7220413088798523,FALHA DE VALVULA DE NITROGENIO -> FALHA NO DOSADOR DE NITROGENIO (3),True,RARE_CLASS | PERSISTENT_CONFUSION | MODEL_PROTOTYPE_FAMILY_DISAGREEMENT | POSSIBLE_LABEL_NOISE,,,,,,
3,63.0352,"ROBO SOLTOU CARTÃO NO MEIO DO TRAJETO, CAIU NA FRENTE DA BARREIRA, MAQUINA SE PERDEU NOS CICLOS AUTOMATICOS",FALHA DO COLOCADOR DE CARTAO,CARTAO,1,VERY_RARE_2_3,FALHA DE ROBO,1.0,FALHA DE BARREIRA,0.9912509262747607,FALHA DE FIXACAO,0.7190768038240263,0.008749073725239254,FALHA NA TROCA DE PALETE DE CARTAO,0.23103207349777222,FALHA DO COLOCADOR DE CARTAO -> FALHA DE ROBO (2),False,HIGH_UNCERTAINTY | RARE_CLASS | PERSISTENT_CONFUSION | MODEL_PROTOTYPE_FAMILY_DISAGREEMENT,,,,,,
4,61.4574,TROCA DA ROLDANA DO PISTÃO Nº 01,FALHA DE ATUADOR,ATUADOR,1,VERY_RARE_2_3,TRAVAMENTO DE ATUADOR,1.0,QUEBRA DE ATUADOR,0.9962918090800624,FALHA DE ATUADOR,0.39822291104480706,0.0037081909199375707,TRAVAMENTO DE ATUADOR,0.350394606590271,FALHA DE ATUADOR -> QUEBRA DE ATUADOR (2),False,HIGH_UNCERTAINTY | RARE_CLASS | PERSISTENT_CONFUSION | MODEL_PROTOTYPE_FAMILY_DISAGREEMENT,,,,,,
5,61.1132,"MAGAZINE DE PALETE QUEBRADO ,TIRANDO OS PALETE EM MANUAL, GERANDO FALHA NO ELEVADOR..ORDEM (30008425473)",FALHA DE MAGAZINE,MAGAZINE,53,HEALTHY_GT20,FALHA DE MAGAZINE,1.0,FALHA DE ELEVADOR,0.9587201919141561,FALHA DE ROLETES,0.20610724340659065,0.04127980808584386,FALHA DE ELEVADOR,0.4895119071006775,FALHA DE MAGAZINE -> FALHA DE ELEVADOR (22),False,PERSISTENT_CONFUSION | MODEL_PROTOTYPE_FAMILY_DISAGREEMENT,,,,,,
6,60.8087,PERSIANA DA GAIOLA TRAVADA.,TRAVAMENTO DE PERSIANA,PERSIANA,1,RARE_4_5,TRAVAMENTO DE PERSIANA,1.0,FALHA DE PERSIANA,0.9086692264808626,FALHA DE COLISAO DA GAIOLA,0.3431297353067936,0.09133077351913743,FALHA DE PERSIANA,0.4414045810699463,TRAVAMENTO DE PERSIANA -> FALHA DE PERSIANA (3),False,RARE_CLASS | PERSISTENT_CONFUSION | MODEL_PROTOTYPE_FAMILY_DISAGREEMENT,,,,,,
7,60.6918,FALHA ELETRICA NOTRASPORTE DE SAIDA DA LAVADORA,FALHA ELETRICA DO TRANSPORTE,ELETRICO,1,VERY_RARE_2_3,FALHA ELETRICA SEM COMPONENTE IDENTIFICADO,1.0,FALHA DE TRANSPORTE,0.9541444449828707,FALHA ELETRICA DO TRANSPORTE,0.9012073413193002,0.045855555017129346,TRAVAMENTO DE GARRAFAS NA SAIDA DA LAVADORA,0.41067248582839966,FALHA ELETRICA DO TRANSPORTE -> FALHA ELETRICA SEM COMPONENTE IDENTIFICADO (2),False,RARE_CLASS | PERSISTENT_CONFUSION | MODEL_PROTOTYPE_FAMILY_DISAGREEMENT,,,,,,
8,60.5491,"PALETIZAÇÃO FICANDO COM LATERAL ABERTA, CAINDO PACOTE DO PALLET ACABADO",QUEDA DE PACOTES,PACOTE,2,RARE_4_5,FALHA DE ROLETES,1.0,FALHA NA DESCARGA DE PALETE,0.9437421340724683,FALHA DE PORTA DE SEGURANCA,0.7938658330709757,0.05625786592753168,FALHA NA DESCARGA DE PALETE,0.3262481093406677,QUEDA DE PACOTES -> FALHA NA DESCARGA DE PALETE (2),False,RARE_CLASS | PERSISTENT_CONFUSION | MODEL_PROTOTYPE_FAMILY_DISAGREEMENT,,,,,,
9,60.4744,"DESARME DOS DISJUNTORES TAG 9Q0 E8Q1, ORDEM : 30008797007",DESARME DE DISJUNTOR,OTHER_UNKNOWN,1,VERY_RARE_2_3,DESARME DE TRANSPORTE,1.0,DESARME DE MOTOR,0.9451169162851868,DESARME DE DISJUNTOR,0.6543067220587425,0.05488308371481321,DESARME DE EQUIPAMENTO,0.2981671392917633,DESARME DE DISJUNTOR -> DESARME DE TRANSPORTE (3),False,RARE_CLASS | PERSISTENT_CONFUSION | MODEL_PROTOTYPE_FAMILY_DISAGREEMENT,,,,,,
10,59.096,QUEIMA DO FUSÌVEL DA BARREIRA,ATUACAO QUEIMA DE FUSIVEL,ELETRICO,1,VERY_RARE_2_3,FALHA DE BARREIRA,1.0,ATUACAO QUEIMA DE FUSIVEL,0.8943033583098865,QUEIMA DE FILAMENTO,0.41579447693054145,0.1056966416901135,ATUACAO QUEIMA DE FUSIVEL,0.39521142840385437,ATUACAO QUEIMA DE FUSIVEL -> FALHA DE BARREIRA (2),False,RARE_CLASS | PERSISTENT_CONFUSION | MODEL_PROTOTYPE_FAMILY_DISAGREEMENT,,,,,,
11,58.9295,"FALHA NOBREAK, FALTOU ENERGIA EQTO",FALHA DE NOBREAK,OTHER_UNKNOWN,1,VERY_RARE_2_3,FALHA DE NOBREAK,1.0,FALHA DE ALIMENTACAO ELETRICA,0.9171401885804512,FALHA DE INSPECAO,0.3876538900161081,0.08285981141954879,FALHA DE NOBREAK,0.419721394777298,FALHA DE NOBREAK -> FALHA DE ALIMENTACAO ELETRICA (2),False,RARE_CLASS | PERSISTENT_CONFUSION | MODEL_PROTOTYPE_FAMILY_DISAGREEMENT,,,,,,
12,58.893,ESTEIRA DESNIVELADA (30008795344),DESNIVELAMENTO DE ESTEIRA,ESTEIRA,2,RARE_4_5,ESCAPE DE ESTEIRA,1.0,QUEBRA DE ESTEIRA,0.9671852379798853,FALHA DE ESTEIRA,0.8031127085333962,0.032814762020114685,QUEBRA DE ESTEIRA,0.3461358845233917,DESNIVELAMENTO DE ESTEIRA -> QUEBRA DE ESTEIRA (2),False,RARE_CLASS | PERSISTENT_CONFUSION | MODEL_PROTOTYPE_FAMILY_DISAGREEMENT,,,,,,
13,58.7721,TROCA DO REPARO DO FILTRO (REALIZADO SANITIZAÇÃO A FRIO),FALHA DE FILTRO,FILTRO,1,RARE_4_5,FALHA DE VEDACAO DA VALVULA,1.0,FALHA DE FILTRO,0.8865012848343655,SEM MODO DE FALHA IDENTIFICADO,0.3683038465078082,0.11349871516563448,FALHA DE VEDACAO DA VALVULA,0.4480544328689575,FALHA DE FILTRO -> FALHA DE VEDACAO DA VALVULA (4),False,RARE_CLASS | PERSISTENT_CONFUSION,,,,,,
14,58.7517,TROCA DE MANGUEIRA DE AR,FALHA DE MANGUEIRA PNEUMATICA,MANGUEIRA,2,RARE_4_5,FALHA DE CONEXAO DE MANGUEIRA,1.0,ROMPIMENTO DE MANGUEIRA DE AR,0.8487884091854796,FALHA DE MANGUEIRA PNEUMATICA,0.4387774309754999,0.1512115908145204,FALHA DE CONEXAO DE MANGUEIRA,0.5996590852737427,FALHA DE MANGUEIRA PNEUMATICA -> FALHA DE CONEXAO DE MANGUEIRA (3),False,RARE_CLASS | PERSISTENT_CONFUSION,,,,,,
15,57.3043,ALTERAÇÃO DE PARÂMETROS DE VELOCIDADE DA ESTEIRA E PINO DE SEPARAÇÃO,FALHA DE ELO DE ESTEIRA,ESTEIRA,6,MEDIUM_11_20,FALHA DE ESTEIRA,1.0,QUEBRA DE ESTEIRA,0.9952347616057963,ALTERACAO DA VELOCIDADE DO DEVICER,0.8546714019322658,0.00476523839420373,FALHA DE PINO,0.3555806279182434,FALHA DE ELO DE ESTEIRA -> FALHA DE ESTEIRA (2),False,HIGH_UNCERTAINTY | PERSISTENT_CONFUSION | MODEL_PROTOTYPE_FAMILY_DISAGREEMENT,,,,,,
16,57.2476,PATIM FORA DA GUIA OCASIONANDO FALHA NO DIRECIONAMENTO DOS PACOTES. (13085183),PATINS FORA DE POSICAO,PATINS,6,LOW_SUPPORT_6_10,QUEDA DE PACOTES,1.0,ENROSCO DE PACOTES,0.9710152810151822,FALHA DE GUIA,0.6584894048291925,0.028984718984817803,QUEDA DE PACOTES,0.2042044997215271,PATINS FORA DE POSICAO -> QUEDA DE PACOTES (6),False,PERSISTENT_CONFUSION | MODEL_PROTOTYPE_FAMILY_DISAGREEMENT,,,,,,
17,56.9694,FALHA NA CALIBRAÇÃO,FALHA DE CALIBRACAO,OTHER_UNKNOWN,1,VERY_RARE_2_3,FALHA DE CALIBRACAO,1.0,SEM MODO DE FALHA IDENTIFICADO,0.9599479032025195,FALHA DE CONTROLE DE PROCESSO,0.5528348426847742,0.04005209679748045,FALHA DE CALIBRACAO,0.4750024080276489,FALHA DE CALIBRACAO -> SEM MODO DE FALHA IDENTIFICADO (2),False,RARE_CLASS | PERSISTENT_CONFUSION,,,,,,
18,56.9291,INSERÇÃO DE LATAS FALSAS DE FORMA MANUAL,FALHA NA INSERCAO DE LATAS FALSAS,LATA,1,VERY_RARE_2_3,FALHA NO SISTEMA DE INSERCAO DE FALSA GARRAFA,1.0,FALHA DE INSPECAO,0.7800966930097719,FALHA DE REJEICAO,0.6877434967955403,0.2199033069902281,FALHA NO SISTEMA DE INSERCAO DE FALSA GARRAFA,0.40125104784965515,FALHA NA INSERCAO DE LATAS FALSAS -> FALHA NO SISTEMA DE INSERCAO DE FALSA GARRAFA (2),False,RARE_CLASS | PERSISTENT_CONFUSION | MODEL_PROTOTYPE_FAMILY_DISAGREEMENT,,,,,,
19,56.4591,TROCA DA FACA,FALHA DE FACA,OTHER_UNKNOWN,1,VERY_RARE_2_3,FALHA DE CORTE DE FILME,1.0,DEFORMACAO DE FACA,0.7336502848074098,FALHA DE FACA,0.7325248309765054,0.2663497151925902,DEFORMACAO DE FACA,0.42223843932151794,FALHA DE FACA -> FALHA DE CORTE DE FILME (3),False,RARE_CLASS | PERSISTENT_CONFUSION | MODEL_PROTOTYPE_FAMILY_DISAGREEMENT,,,,,,
20,56.4162,FALHA PRESSÃO NO CABEÇOTE DA ENCHEDORA ORDEM 30008291471,FALHA DE PRESSURIZACAO DA ENCHEDORA,ENCHIMENTO,1,VERY_RARE_2_3,FALHA DE CABECOTE,1.0,DEFORMACAO DE CABECOTE,0.5664096602810305,FALHA DE SENSOR,0.47042985956392647,0.43359033971896954,FALHA DE CABECOTE,0.4820236265659332,FALHA DE PRESSURIZACAO DA ENCHEDORA -> FALHA DE CABECOTE (3),False,RARE_CLASS | PERSISTENT_CONFUSION | MODEL_PROTOTYPE_FAMILY_DISAGREEMENT,,,,,,
21,56.3503,CAPSULADOR NUMERO 5 TRAVO,TRAVAMENTO DO CAPSULADOR,OTHER_UNKNOWN,1,VERY_RARE_2_3,TRAVAMENTO DO CAPSULADOR,1.0,FALHA DE TAMPAMENTO,0.9529639788298373,FALHA DE MOLA,0.27639672580635144,0.0470360211701627,TRAVAMENTO DE PINCA,0.35564395785331726,,False,RARE_CLASS | PERSISTENT_CONFUSION | MODEL_PROTOTYPE_FAMILY_DISAGREEMENT,,,,,,
22,56.3151,TROCA DA ELETRONICA DA VALVULA 91 30008305817,FALHA ELETRONICA DA VALVULA,VALVULA,1,RARE_4_5,FALHA DE VALVULA,1.0,FALHA ELETRONICA DA VALVULA,0.9390486261276797,FALHA DE VALVULA DE ENCHIMENTO,0.8234064956359075,0.0609513738723203,FALHA ELETRONICA DA VALVULA,0.5048987865447998,,False,RARE_CLASS | PERSISTENT_CONFUSION,,,,,,
23,56.1696,ENCHEDORA DESARMOU,DESARME DE EQUIPAMENTO,OTHER_UNKNOWN,2,RARE_4_5,DESARME DE TRANSPORTE,1.0,DESARME DE MOTOR,0.8029602472138623,SEM MODO DE FALHA IDENTIFICADO,0.23701574342467707,0.19703975278613772,DESARME DE TRANSPORTE,0.3982331156730652,DESARME DE EQUIPAMENTO -> DESARME DE TRANSPORTE (3),False,RARE_CLASS | PERSISTENT_CONFUSION | MODEL_PROTOTYPE_FAMILY_DISAGREEMENT,,,,,,
24,55.9826,COMPACTADOR DE CAMADAS TRAVADO,TRAVAMENTO DO SISTEMA DE COMPACTACAO,OTHER_UNKNOWN,3,RARE_4_5,TRAVAMENTO DO SISTEMA DE COMPACTACAO,1.0,FALHA DE COMPACTACAO DE CAMADA,0.9969133592514609,TRAVAMENTO DE ATUADOR,0.898003054196399,0.003086640748539149,FALHA DE COMPACTACAO DE CAMADA,0.4588697850704193,,False,HIGH_UNCERTAINTY | RARE_CLASS | PERSISTENT_CONFUSION | MODEL_PROTOTYPE_FAMILY_DISAGREEMENT,,,,,,
25,55.9651,CORRENTE DE ARRASTE COM FOLGA CAUSANDO QUEDA DE GARRAFA,FALHA DE CORRENTE,CORRENTE,1,VERY_RARE_2_3,QUEDA DE GARRAFAS,1.0,FALHA DE CORREIA,0.6661971522099347,FALHA DE RECRAVACAO,0.38266386465636154,0.3338028477900653,QUEDA DE GARRAFAS,0.393435001373291,FALHA DE CORRENTE -> QUEDA DE GARRAFAS (3),False,RARE_CLASS | PERSISTENT_CONFUSION | MODEL_PROTOTYPE_FAMILY_DISAGREEMENT,,,,,,
26,55.6547,INSPETOR DE LÍQUIDO SAÍDA DESCAPSULADOR TIRANDO GARRAFAS BOAS,FALSO REJEITO,REJEICAO,3,RARE_4_5,FALHA DE INSPECAO,1.0,FALHA DE DESCAPSULAMENTO,0.8910399097476688,FALHA DE REJEICAO,0.36557296615325185,0.10896009025233122,FALHA DE DESCAPSULAMENTO,0.30994829535484314,FALSO REJEITO -> FALHA DE INSPECAO (2),False,RARE_CLASS | PERSISTENT_CONFUSION | MODEL_PROTOTYPE_FAMILY_DISAGREEMENT,,,,,,
27,55.501,ENROSCO DE PACOTE NO GUIA DO TRANSPOTE POR PACOTE ABERTO VINDO DO FORNO TUBEIRA RASGADA.,ROMPIMENTO DE TUBEIRA DO FORNO,TUBULACAO,1,LOW_SUPPORT_6_10,ENROSCO DE PACOTES,1.0,ROMPIMENTO DE TUBEIRA DO FORNO,0.8292136371306795,FALHA DE ENVOLVIMENTO,0.8033912647788936,0.17078636286932047,ROMPIMENTO DE TUBEIRA DO FORNO,0.45275989174842834,ROMPIMENTO DE TUBEIRA DO FORNO -> ENROSCO DE PACOTES (2),False,RARE_CLASS | PERSISTENT_CONFUSION | MODEL_PROTOTYPE_FAMILY_DISAGREEMENT,,,,,,
28,55.3813,FALHA ELETRICA - QUEIMA PLACA,FALHA DE PLACA ELETRONICA,OTHER_UNKNOWN,1,VERY_RARE_2_3,QUEIMA DA PLACA DEVICENET,1.0,FALHA DE PLACA ELETRONICA,0.786919301342178,QUEIMA DE FILAMENTO,0.6681973652316695,0.21308069865782198,QUEIMA DA PLACA DEVICENET,0.3989560902118683,FALHA DE PLACA ELETRONICA -> QUEIMA DA PLACA DEVICENET (2),False,RARE_CLASS | PERSISTENT_CONFUSION | MODEL_PROTOTYPE_FAMILY_DISAGREEMENT,,,,,,
29,54.946,VARIAÇÃO DE ENCHIMENTO DURANTE PARTIDA DE PRODUÇÃO (UTILIZAÇÃO DE RECEITAS FORA DO PADRÃO),FALHA DE ENCHIMENTO,ENCHIMENTO,95,HEALTHY_GT20,FALHA DE VALVULA DE ENCHIMENTO,1.0,FALHA DE ENCHIMENTO,0.98465754615276,SEM MODO DE FALHA IDENTIFICADO,0.8455027865609497,0.015342453847239979,COLAPSO DE LATAS,0.2260650247335434,FALHA DE ENCHIMENTO -> FALHA DE VALVULA DE ENCHIMENTO (16),False,PERSISTENT_CONFUSION | MODEL_PROTOTYPE_FAMILY_DISAGREEMENT,,,,,,
30,54.897,FALHA NO ENVIO,FALHA DE ALIMENTACAO,OTHER_UNKNOWN,1,VERY_RARE_2_3,FALHA DE VIBRADOR,1.0,FALHA DE COMUNICACAO,0.9844287585162805,FALHA DE INSPECAO,0.8535434542268238,0.015571241483719467,DESARME DE BOMBA,0.2909223437309265,,False,RARE_CLASS | MODEL_PROTOTYPE_FAMILY_DISAGREEMENT,,,,,,
31,54.7328,DESARME DA ESTEIRA DE SAIDA DA ENCAIXOTADORA.,DESARME DE ESTEIRA,ESTEIRA,1,VERY_RARE_2_3,QUEBRA DE ESTEIRA,1.0,FALHA DE ESTEIRA,0.8732825569391304,DESARME DE MOTOR,0.3861028482630738,0.12671744306086963,QUEBRA DE ESTEIRA,0.342358261346817,DESARME DE ESTEIRA -> QUEBRA DE ESTEIRA (3),False,RARE_CLASS | PERSISTENT_CONFUSION,,,,,,
32,54.4942,"ROMPIMENTO DA MANGUEIRA PNEUMATICA, OCASIONANDO TRAVAMENTO DO COMPACTADOR DE CAMADAS. ORDEM- 30008170585",ROMPIMENTO DE MANGUEIRA,MANGUEIRA,1,VERY_RARE_2_3,TRAVAMENTO DE ATUADOR,1.0,ROMPIMENTO DE MANGUEIRA DE AGUA,0.8401692919161405,ROMPIMENTO DE MANGUEIRA DE AR,0.6545837722092377,0.15983070808385946,ROMPIMENTO DE MANGUEIRA DE AGUA,0.44512128829956055,ROMPIMENTO DE MANGUEIRA -> TRAVAMENTO DE ATUADOR (2),False,RARE_CLASS | PERSISTENT_CONFUSION,,,,,,
33,54.2277,SENSORES DE ACUMULO DO TRANSPORTE FORA DE SINCRONISMO COM ENCHEDORA NÃO PARANDO NO MOMENTO CORRETO 30008299301,FALHA DE ACUMULO NO TRANSPORTE,TRANSPORTE,8,MEDIUM_11_20,FALHA DE SINCRONISMO,1.0,FALHA DE ACUMULO NO TRANSPORTE,0.8197359084006486,FALHA DE SENSOR,0.7295998603907444,0.18026409159935142,FALHA DE SINCRONISMO,0.39443129301071167,FALHA DE ACUMULO NO TRANSPORTE -> FALHA DE SINCRONISMO (9),False,PERSISTENT_CONFUSION | MODEL_PROTOTYPE_FAMILY_DISAGREEMENT,,,,,,
34,53.5524,VAZAMENTO DE AR NO PISTÃO ORDEM 30008462801,VAZAMENTO PNEUMATICO,PNEUMATICO,1,VERY_RARE_2_3,VAZAMENTO EM VALVULA,1.0,TRAVAMENTO DE ATUADOR,0.9796431922867429,QUEBRA DE ATUADOR,0.5124836803125435,0.020356807713257097,VAZAMENTO EM VALVULA,0.30458834767341614,,False,RARE_CLASS | MODEL_PROTOTYPE_FAMILY_DISAGREEMENT,,,,,,
35,53.4845,FALHA NO BOTÃO DE RESET 30008520288,FALHA NO BOTAO RESET,OTHER_UNKNOWN,3,RARE_4_5,FALHA NO BOTAO RESET,1.0,FALHA DE PEGADOR,0.9452001077357722,FALHA DE REJEICAO,0.25601410759110105,0.05479989226422777,FALHA NO BOTAO RESET,0.4328552782535553,FALHA NO BOTAO RESET -> FALHA DE PEGADOR (2),False,RARE_CLASS | PERSISTENT_CONFUSION,,,,,,
36,53.4638,"GUIA SUPERIOR E ESTRELA DO CAPSULADOR DESAJUSTADA, OCASIONANDO AS TAMPAS AMASSADAS ORDEM: 30008374149",DEFORMACAO DESALINHAMENTO DE GUIA,GUIA,8,MEDIUM_11_20,FALHA DE GUIA,1.0,FALHA DE TAMPAMENTO,0.9736768250061082,DEFORMACAO DESALINHAMENTO DE GUIA,0.497740032922144,0.026323174993891807,FALHA DE TAMPAMENTO,0.28869009017944336,DEFORMACAO DESALINHAMENTO DE GUIA -> FALHA DE TAMPAMENTO (2),False,PERSISTENT_CONFUSION | MODEL_PROTOTYPE_FAMILY_DISAGREEMENT,,,,,,
37,53.3256,TROCA DA PARTE ELETRÔNICA DA VÁLVULA N°9,FALHA ELETRONICA DA VALVULA,VALVULA,1,RARE_4_5,FALHA DE VALVULA,1.0,FALHA DE VALVULA DE ENCHIMENTO,0.9299991782732531,FALHA ELETRONICA DA VALVULA,0.8115403315836899,0.07000082172674693,FALHA ELETRONICA DA VALVULA,0.44623881578445435,,False,RARE_CLASS | PERSISTENT_CONFUSION,,,,,,
38,53.1699,CRASH DE LATAS NA ESTRELA DE ENTRADA PARA O SISTEMA DE ENCHIMENTO,CRASH DE LATAS,LATA,2,RARE_4_5,FALHA DE ENCHIMENTO,1.0,CRASH DE LATAS,0.9763904078647944,QUEDA DE LATAS,0.8437857061153773,0.023609592135205637,CRASH DE LATAS,0.41316601634025574,,False,RARE_CLASS | PERSISTENT_CONFUSION,,,,,,
39,53.1453,FALHA ELETRICA NO COLOCADOR DE CHAPATEX,FALHA DO COLOCADOR DE CHAPATEX,CARTAO,1,VERY_RARE_2_3,FALHA DO COLOCADOR DE CARTAO,1.0,FALHA DO COLOCADOR DE CHAPATEX,0.7173781456310907,FALHA ELETRICA DO TRANSPORTE,0.5719997925094121,0.2826218543689093,FALHA DO COLOCADOR DE CARTAO,0.40213099122047424,FALHA DO COLOCADOR DE CHAPATEX -> FALHA DO COLOCADOR DE CARTAO (3),False,RARE_CLASS | PERSISTENT_CONFUSION,,,,,,
40,52.9759,QUEBRA DA ENGRENAGEM DO TRANSPORTE DA HEUFT,QUEBRA DE ENGRENAGEM,ENGRENAGEM,1,VERY_RARE_2_3,FALHA DE ENGRENAGEM,1.0,QUEBRA DE ENGRENAGEM,0.5872080142024686,TRAVAMENTO DE ENGRENAGEM,0.5392184044483304,0.4127919857975314,FALHA DE ENGRENAGEM,0.45347467064857483,QUEBRA DE ENGRENAGEM -> FALHA DE ENGRENAGEM (3),False,RARE_CLASS | PERSISTENT_CONFUSION,,,,,,
41,52.7771,TOMBADOR DE PACOTES NAO ATUANDO,FALHA NO VIRADOR DE PACOTES,PACOTE,1,RARE_4_5,ENROSCO DE PACOTES,1.0,QUEDA DE PACOTES,0.947823726601898,SEM MODO DE FALHA IDENTIFICADO,0.79568099219082,0.05217627339810205,FALHA DE FREIO,0.20573757588863373,,False,RARE_CLASS | PERSISTENT_CONFUSION | MODEL_PROTOTYPE_FAMILY_DISAGREEMENT,,,,,,
42,52.7106,FALHA NA BOMBA DE ENVIO DE CARBONATO PARA ESTAÇÃO,FALHA DE CARBONATACAO,CARBONATACAO,6,LOW_SUPPORT_6_10,FALHA DE BOMBA,1.0,DESARME DE BOMBA,0.7390055751064777,FALHA DE CARBONATACAO,0.41247804304823915,0.2609944248935223,DESARME DE BOMBA,0.5338870882987976,FALHA DE CARBONATACAO -> FALHA DE BOMBA (3),False,PERSISTENT_CONFUSION | MODEL_PROTOTYPE_FAMILY_DISAGREEMENT,,,,,,
43,52.6534,PALETIZADORA TROCA DE MANGUEIRA DE AR DA GAIOLA,FALHA DE MANGUEIRA PNEUMATICA,MANGUEIRA,2,RARE_4_5,ROMPIMENTO DE MANGUEIRA DE AR,1.0,FALHA DE CONEXAO DE MANGUEIRA,0.6734839546723906,FALHA DE MANGUEIRA DE AGUA,0.3073842320655649,0.32651604532760936,ROMPIMENTO DE MANGUEIRA DE AR,0.630510687828064,FALHA DE MANGUEIRA PNEUMATICA -> FALHA DE CONEXAO DE MANGUEIRA (3),False,RARE_CLASS | PERSISTENT_CONFUSION,,,,,,
44,52.6219,FALHA NA SAIDA DE PALETES VAZIOS (30008308978),FALHA NA SAIDA DE PALETES,PALETE,1,VERY_RARE_2_3,FALHA DE BARREIRA,1.0,FALHA DE SENSOR,0.5088002567600914,FALHA DE CODIFICACAO,0.4698106007552789,0.49119974323990856,FALHA DE BARREIRA,0.3891357183456421,FALHA NA SAIDA DE PALETES -> FALHA DE BARREIRA (3),False,RARE_CLASS | PERSISTENT_CONFUSION | MODEL_PROTOTYPE_FAMILY_DISAGREEMENT,,,,,,
45,52.6136,PALETIZADORA COM PAINEL DESARMADO ORDEM 30008626800,DESARME DE PAINEL,OTHER_UNKNOWN,1,VERY_RARE_2_3,DESARME DE TRANSPORTE,1.0,DESARME PALETIZADORA,0.9138006472456588,FALHA DE COMUNICACAO,0.8790496338011315,0.08619935275434121,DESARME DE PAINEL DE COMANDO,0.23832887411117554,,False,RARE_CLASS | MODEL_PROTOTYPE_FAMILY_DISAGREEMENT,,,,,,
46,52.5583,"FALHA CHECKMATE NA SAIDA DA ROTULADORA, FOI REALIZADO O AJUSTE DA POSIÇÃO DE DISPARO DA CAMERA",FALHA DE CAMERA,CAMERA,2,RARE_4_5,FALHA DE ROTULAGEM,1.0,SEM MODO DE FALHA IDENTIFICADO,0.6609672240147777,FALHA DE CAMERA,0.5014277057094075,0.3390327759852223,FALHA DE ROTULAGEM,0.23682068288326263,FALHA DE CAMERA -> FALHA DE ROTULAGEM (3),False,RARE_CLASS | PERSISTENT_CONFUSION | MODEL_PROTOTYPE_FAMILY_DISAGREEMENT,,,,,,
47,52.4572,TRAVAMENTO DO CAME,FALHA DE CAME,OTHER_UNKNOWN,1,VERY_RARE_2_3,FALHA DE CAME,1.0,TRAVAMENTO DE SEGMENTOS,0.9633309184158796,TRAVAMENTO DE TRANSPORTE,0.8103993516205157,0.03666908158412041,TRAVAMENTO DE SEGMENTOS,0.3718242049217224,,False,RARE_CLASS | MODEL_PROTOTYPE_FAMILY_DISAGREEMENT,,,,,,
48,52.4082,QUEIMA DE PLACA,FALHA DE PLACA ELETRONICA,OTHER_UNKNOWN,1,VERY_RARE_2_3,QUEIMA DA PLACA DEVICENET,1.0,FALHA DE AUTOMACAO,0.6839260412515444,QUEIMA DE FILAMENTO,0.6352109523098853,0.31607395874845556,QUEIMA DA PLACA DEVICENET,0.4586712121963501,FALHA DE PLACA ELETRONICA -> QUEIMA DA PLACA DEVICENET (2),False,RARE_CLASS | PERSISTENT_CONFUSION | MODEL_PROTOTYPE_FAMILY_DISAGREEMENT,,,,,,
49,52.274,VIRADOR DE CAIXA COM FALHA,FALHA NO VIRADOR DE CAIXAS,CAIXA,1,VERY_RARE_2_3,ENROSCO DE CAIXAS,1.0,FALHA NO VIRADOR DE CAIXAS,0.5614751337718684,FALHA DE FORMACAO DE CAIXA,0.4642093332994461,0.4385248662281316,ENROSCO DE CAIXAS,0.43481963872909546,FALHA NO VIRADOR DE CAIXAS -> ENROSCO DE CAIXAS (3),False,RARE_CLASS | PERSISTENT_CONFUSION,,,,,,
50,52.2324,FALHA DE ENCHIMENTO,FALHA DE ENCHIMENTO,ENCHIMENTO,95,HEALTHY_GT20,FALHA DE ENCHIMENTO,1.0,FALHA DE VALVULA DE ENCHIMENTO,0.8157098315994398,FALHA DE BARREIRA,0.1937136649303131,0.18429016840056023,FALHA DE VALVULA DE ENCHIMENTO,0.649467408657074,FALHA DE ENCHIMENTO -> FALHA DE VALVULA DE ENCHIMENTO (16),False,PERSISTENT_CONFUSION | MODEL_PROTOTYPE_FAMILY_DISAGREEMENT,,,,,,
51,52.1445,TUBULAÇÃO DE XAROPE COM VAZAMENTO,VAZAMENTO,OTHER_UNKNOWN,1,VERY_RARE_2_3,VAZAMENTO EM TUBULACAO,1.0,FALHA DE VALVULA DE XAROPE,0.7697773969689463,VAZAMENTO EM COLETOR,0.5209784100555597,0.23022260303105369,VAZAMENTO EM TUBULACAO,0.47708219289779663,,False,RARE_CLASS | MODEL_PROTOTYPE_FAMILY_DISAGREEMENT,,,,,,
52,51.8939,"EXCESSO DE FALÇO REJEITO,EXPULSANDO GARRAFAS BOAS,CAUSANDO CRASH DE GARRAFAS",CRASH DE GARRAFAS,GARRAFA,6,LOW_SUPPORT_6_10,FALHA DE REJEICAO,1.0,CRASH DE GARRAFAS,0.8637068330053145,ENROSCO DE GARRAFAS,0.5614892863891369,0.13629316699468552,CRASH DE GARRAFAS,0.42968231439590454,CRASH DE GARRAFAS -> FALHA DE REJEICAO (2),False,PERSISTENT_CONFUSION | MODEL_PROTOTYPE_FAMILY_DISAGREEMENT,,,,,,
53,51.8918,"ENROSCO DE ROTULO, ( FOI FEITO TANGENCIAMENTO)",DESALINHAMENTO DE AGREGADO,OTHER_UNKNOWN,5,LOW_SUPPORT_6_10,ENROSCO DE ROTULOS,1.0,FALHA DE TANGENCIAMENTO,0.6778795418311508,DESALINHAMENTO DE AGREGADO,0.446602853014261,0.32212045816884916,ENROSCO DE ROTULOS,0.4967450499534607,DESALINHAMENTO DE AGREGADO -> ENROSCO DE ROTULOS (3),False,PERSISTENT_CONFUSION | MODEL_PROTOTYPE_FAMILY_DISAGREEMENT,,,,,,
54,51.6819,DESARME NO PAINEL ELÉTRICO,FALHA ELETRICA SEM COMPONENTE IDENTIFICADO,ELETRICO,5,LOW_SUPPORT_6_10,DESARME DE PAINEL,1.0,DESARME DE PAINEL DE COMANDO,0.8970451670014028,SEM MODO DE FALHA IDENTIFICADO,0.7330562571047146,0.1029548329985972,DESARME DE PAINEL DE COMANDO,0.5033906102180481,,False,MODEL_PROTOTYPE_FAMILY_DISAGREEMENT,,,,,,
55,51.3413,EIXO DA BANDEIROLA DANIFICADO E TORTO : NOTA :13271473,DESALINHAMENTO DE EIXO,EIXO,2,RARE_4_5,QUEBRA DE EIXO,1.0,DESALINHAMENTO DE EIXO,0.5925469107347577,DEFORMACAO DE EIXO,0.5757501661623434,0.40745308926524226,DEFORMACAO DE EIXO,0.4715041220188141,DESALINHAMENTO DE EIXO -> QUEBRA DE EIXO (3),False,RARE_CLASS | PERSISTENT_CONFUSION,,,,,,
56,51.327,TRAVAMENTO DA PERSIANA,TRAVAMENTO DE PERSIANA,PERSIANA,1,RARE_4_5,FALHA DE PERSIANA,1.0,TRAVAMENTO DE PERSIANA,0.5611372382322887,TRAVAMENTO DE ENGRENAGEM,0.30585316858590533,0.43886276176771133,FALHA DE PERSIANA,0.6709969639778137,TRAVAMENTO DE PERSIANA -> FALHA DE PERSIANA (3),False,RARE_CLASS | PERSISTENT_CONFUSION,,,,,,
57,51.3096,"SISTEMA DE INSERÇÃO DE LATAS FALSAS NAO ESTÁ ATUANDO CORRETAMENTE, PRECISANDO INSERIR MANUALMENTE, NOTA : 13304467",FALHA NA INSERCAO DE LATAS FALSAS,LATA,1,VERY_RARE_2_3,FALHA NO SISTEMA DE INSERCAO DE FALSA GARRAFA,1.0,FALHA DE INSPECAO,0.6357061465512119,FALHA DE SENSOR,0.5967499593013385,0.36429385344878806,FALHA NO SISTEMA DE INSERCAO DE FALSA GARRAFA,0.4265255630016327,FALHA NA INSERCAO DE LATAS FALSAS -> FALHA NO SISTEMA DE INSERCAO DE FALSA GARRAFA (2),False,RARE_CLASS | PERSISTENT_CONFUSION | MODEL_PROTOTYPE_FAMILY_DISAGREEMENT,,,,,,
58,51.2272,TROCA DE MANGUEIRA,FALHA DE MANGUEIRA,MANGUEIRA,1,VERY_RARE_2_3,FALHA DE CONEXAO DE MANGUEIRA,1.0,ROMPIMENTO DE MANGUEIRA DE AR,0.5828520684957769,FALHA DE MANGUEIRA PNEUMATICA,0.46582899635815217,0.41714793150422314,FALHA DE CONEXAO DE MANGUEIRA,0.506513237953186,FALHA DE MANGUEIRA -> FALHA DE CONEXAO DE MANGUEIRA (3),False,RARE_CLASS | PERSISTENT_CONFUSION,,,,,,
59,51.1753,"FILME NÃO ESTAVA SENDO PUXADO PARA O ROLO EMBORRACHADO , NOTA 30008478927",FALHA DE TRACAO GUIAMENTO DE FILME,FILME,10,MEDIUM_11_20,ROMPIMENTO DE FILME,1.0,FALHA DE CORTE DE FILME,0.9747017626888523,FALHA DE TRACAO GUIAMENTO DE FILME,0.5596984727462809,0.025298237311147664,FALHA DE RETORNO DO BRACO DE SOLDA,0.21358449757099152,FALHA DE TRACAO GUIAMENTO DE FILME -> FALHA DE CORTE DE FILME (4),False,PERSISTENT_CONFUSION | MODEL_PROTOTYPE_FAMILY_DISAGREEMENT,,,,,,
60,51.0403,PINSA NÚMERO 5 TRAVADA,TRAVAMENTO DE PINCA,PINCA,1,VERY_RARE_2_3,SEM MODO DE FALHA IDENTIFICADO,1.0,TRAVAMENTO DE ESTEIRA,0.5774270079613857,TRAVAMENTO DO SISTEMA DE COMPACTACAO,0.5725428048448118,0.4225729920386143,TRAVAMENTO DE PINCA,0.4143478274345398,,False,RARE_CLASS | PERSISTENT_CONFUSION | MODEL_PROTOTYPE_FAMILY_DISAGREEMENT,,,,,,
61,51.0366,VELOCIDADE BAIXA,VELOCIDADE REDUZIDA SEM CAUSA IDENTIFICADA,OTHER_UNKNOWN,6,LOW_SUPPORT_6_10,FALHA DE VELOCIDADE DO TRANSPORTE,1.0,AMASSAMENTO DE LATAS,0.7039090149583295,FALHA DE SINCRONISMO,0.34508574975231326,0.29609098504167053,FALHA DE VELOCIDADE DO TRANSPORTE,0.46105343103408813,VELOCIDADE REDUZIDA SEM CAUSA IDENTIFICADA -> FALHA DE VELOCIDADE DO TRANSPORTE (3),False,PERSISTENT_CONFUSION | MODEL_PROTOTYPE_FAMILY_DISAGREEMENT,,,,,,
62,50.9933,LATA TOMBANDO NO TRANSPOTE,TOMBAMENTO DE RECIPIENTES,OTHER_UNKNOWN,2,RARE_4_5,QUEDA DE LATAS,1.0,FALHA DE ENCHIMENTO,0.7744789862941883,FALHA DE VELOCIDADE DO TRANSPORTE,0.6490055331265926,0.22552101370581168,FALHA DE TRANSPORTE DE LATAS,0.17658743262290955,,False,RARE_CLASS | PERSISTENT_CONFUSION | MODEL_PROTOTYPE_FAMILY_DISAGREEMENT,,,,,,
63,50.917,ROBO COM TREPIDAÇÃO/TRAVANDO CAPACIDADE DE PRODUÇÃO REDUZIDA DO ROBO.DEVIDO A QUEDA DE PACOTES,TRAVAMENTO DE ROBO,ROBO,7,MEDIUM_11_20,FALHA DE ROBO,1.0,TRAVAMENTO DE ROBO,0.8850743297303342,VIBRACAO DE ROBO,0.5802373202344516,0.11492567026966582,FALHA DE ROBO,0.39776116609573364,TRAVAMENTO DE ROBO -> FALHA DE ROBO (6),False,PERSISTENT_CONFUSION,,,,,,
64,50.624,"(30008489553) FORNO EM ALARME, DESARMOU O DIJUNTOR",DESARME DE DISJUNTOR,OTHER_UNKNOWN,1,VERY_RARE_2_3,DESARME DE TRANSPORTE,1.0,DESARME DE MOTOR,0.667163250528702,FALHA DE ROBO,0.3648131222198968,0.33283674947129804,BAIXA VELOCIDADE DE ESTEIRA,0.26215675473213196,DESARME DE DISJUNTOR -> DESARME DE TRANSPORTE (3),False,RARE_CLASS | PERSISTENT_CONFUSION | MODEL_PROTOTYPE_FAMILY_DISAGREEMENT,,,,,,
65,50.5624,NAS RETOMADAS ENCHEDORA ESTÁ PERDENDO PRESSÃO E GERANDO FALHA DE (FMC),FALHA DE PRESSAO,OTHER_UNKNOWN,1,VERY_RARE_2_3,FALHA DE ENCHIMENTO,1.0,FALHA DE MAGAZINE,0.5988440005231588,CRASH DE LATAS,0.5923562399702278,0.4011559994768412,FALHA DE PRESSURIZACAO DA ENCHEDORA,0.2536136507987976,,False,RARE_CLASS | PERSISTENT_CONFUSION | MODEL_PROTOTYPE_FAMILY_DISAGREEMENT,,,,,,
66,50.4264,"VAZAMENTO DE AGUA NA MANGUEIRA DA ROTULADORA, ROMPIIMENTO DA CONEXÃO PNEUMATICA ORDEM: 3000848802",ROMPIMENTO DE MANGUEIRA DE AGUA,MANGUEIRA,1,VERY_RARE_2_3,FALHA DE CONEXAO PNEUMATICA,1.0,VAZAMENTO PNEUMATICO,0.7587332119691411,FALHA DE CONEXAO DE MANGUEIRA,0.7526561084273325,0.24126678803085888,FALHA DE CONEXAO DE MANGUEIRA,0.36157238483428955,,False,RARE_CLASS | MODEL_PROTOTYPE_FAMILY_DISAGREEMENT,,,,,,
67,50.3189,"LONA DE SAIDA DO FORNO RASGANDO, FEITO AJUSTE",ROMPIMENTO DE ESTEIRA LONA,ESTEIRA,1,VERY_RARE_2_3,FALHA DE ESTEIRA,1.0,PATINAGEM DE ESTEIRA,0.9086170139791911,ROMPIMENTO DE ESTEIRA LONA,0.866014535206611,0.09138298602080885,BAIXA VELOCIDADE DE ESTEIRA,0.29289793968200684,,False,RARE_CLASS | MODEL_PROTOTYPE_FAMILY_DISAGREEMENT,,,,,,
68,50.2945,"PALETIZADORA PEGANDO CAIXA A MENOS, PERDEU A CONTAGEM",FALHA DE CONTAGEM,OTHER_UNKNOWN,8,MEDIUM_11_20,FALHA NA PEGADA DE CAMADA,1.0,FALHA DE CONTAGEM,0.8401730975555405,FALHA DE ENCHIMENTO,0.19523940965017383,0.15982690244445952,FALHA NA PEGADA DE CAMADA,0.4913208484649658,FALHA DE CONTAGEM -> FALHA NA PEGADA DE CAMADA (3),False,PERSISTENT_CONFUSION | MODEL_PROTOTYPE_FAMILY_DISAGREEMENT,,,,,,
69,50.2558,ENCHEDORA VELOCIDADE REDUZIDA DEVIDO FALTA DE BEBIDA,FALHA NO ENVIO DE BEBIDA,OTHER_UNKNOWN,2,RARE_4_5,VELOCIDADE REDUZIDA SEM CAUSA IDENTIFICADA,1.0,ESPUMAMENTO DE BEBIDA,0.9716206802100642,FALHA NO ENVIO DE BEBIDA,0.7013066284234589,0.028379319789935797,VELOCIDADE REDUZIDA SEM CAUSA IDENTIFICADA,0.5774045586585999,,False,RARE_CLASS,,,,,,
70,50.2108,FALTA DE AR NO VIRADOR DE PACOTES,FALHA DE SUPRIMENTO DE AR COMPRIMIDO,OTHER_UNKNOWN,7,LOW_SUPPORT_6_10,FALHA DE SUPRIMENTO DE AR COMPRIMIDO,1.0,FALHA NO VIRADOR DE PACOTES,0.8820739916108186,ENROSCO DE PACOTES,0.7770860983981943,0.11792600838918144,FALHA NO VIRADOR DE PACOTES,0.5179486274719238,,False,PERSISTENT_CONFUSION | MODEL_PROTOTYPE_FAMILY_DISAGREEMENT,,,,,,
71,50.1981,FALHA NO SENSOR DA PORTA DE SEGURANÇA 30008857448,FALHA SENSOR DA PORTA,SENSOR,1,SINGLETON,FALHA SENSOR DA PORTA,1.0,FALHA DE SENSOR,0.5936036091472197,FALHA DE PORTA DE SEGURANCA,0.25220083845337254,0.40639639085278034,FALHA SENSOR DA PORTA,1.0,,False,RARE_CLASS,,,,,,
72,50.1736,MAQUINA SE PERDEU APÓS TROCA DE FILME,PERDA DE REFERENCIA HOME,OTHER_UNKNOWN,1,VERY_RARE_2_3,ROMPIMENTO DE FILME,1.0,PERDA DE REFERENCIA,0.7167508661592121,FALHA DE CORTE DE FILME,0.6912764045173244,0.28324913384078787,PERDA DE REFERENCIA DO PEGADOR DE CHAPATEX,0.3575148582458496,,False,RARE_CLASS | MODEL_PROTOTYPE_FAMILY_DISAGREEMENT,,,,,,
73,50.0014,QUEBRA DA ENGRENAGEM PLANETÁRIA ORDEM (30008775073),QUEBRA DE ENGRENAGEM,ENGRENAGEM,1,VERY_RARE_2_3,QUEBRA DE ENGRENAGEM,1.0,FALHA DE ENGRENAGEM,0.3279402512696323,TRAVAMENTO DE ENGRENAGEM,0.2638490897818289,0.6720597487303677,QUEBRA DE ENGRENAGEM,1.000000238418579,QUEBRA DE ENGRENAGEM -> FALHA DE ENGRENAGEM (3),False,RARE_CLASS | PERSISTENT_CONFUSION,,,,,,
74,49.9913,"SEGUIMENTO ERRANDO A GARRAFA DURANTE A REJEIÇÃO, OCASIONANDO FALHA NO EQUIPAMENTO NOTA: 30008791655",FALHA DE SEGMENTOS,SEGMENTO,1,VERY_RARE_2_3,FALHA DE REJEICAO,1.0,QUEDA DE GARRAFAS,0.6850657416781265,ENROSCO DE GARRAFAS,0.6153124246711753,0.3149342583218735,DEFORMACAO DE HASTE,0.26186567544937134,,False,RARE_CLASS | MODEL_PROTOTYPE_FAMILY_DISAGREEMENT,,,,,,
75,49.9442,BASE DO ROLO DE CARPETE ENTORTOU / ARREBENTANDO FILME,DEFORMACAO DE SUPORTE,SUPORTE,1,VERY_RARE_2_3,DEFORMACAO DE SUPORTE,1.0,ROMPIMENTO DE FILME,0.9111397658497136,FALHA DE CORTE DE FILME,0.47019982738548377,0.08886023415028643,DEFORMACAO DE SUPORTE,0.6656135320663452,,False,RARE_CLASS,,,,,,
76,49.9372,QUEBRA DA RÉGUA DE ENVOLVIMENTO,QUEBRA DE REGUA,GUIA,1,VERY_RARE_2_3,FALHA DE REGUA DE ENVOLVIMENTO,1.0,FALHA DE ENVOLVIMENTO,0.5584044977330073,QUEBRA DE ESTEIRA,0.46713337634176944,0.44159550226699273,FALHA DE REGUA DE ENVOLVIMENTO,0.720816969871521,,False,RARE_CLASS | MODEL_PROTOTYPE_FAMILY_DISAGREEMENT,,,,,,
77,49.9329,"BOIA DA ENCHEDORA TRAVADA , CAUSANDO NIVEIS BAIXOS NAS GARRAFAS , FOI FEITO A LIMPEZA E VOLTOU AO NORMAL",TRAVAMENTO DE BOIA,OTHER_UNKNOWN,1,VERY_RARE_2_3,TRAVAMENTO DE BOIA,1.0,ENROSCO DE GARRAFAS,0.9029756438939665,FALHA DE ENCHIMENTO,0.6248126390460514,0.09702435610603355,FALHA DE POSICIONAMENTO DO CABECOTE,0.2985219955444336,,False,RARE_CLASS | MODEL_PROTOTYPE_FAMILY_DISAGREEMENT,,,,,,
78,49.9199,FALHA CAIXA A MENOS E QUEDA DE CAIXAS CAMADA SUPERIOR,FALHA DE FORMACAO DE CAIXA,CAIXA,1,VERY_RARE_2_3,FALHA NA PEGADA DE CAMADA,1.0,ENROSCO DE CAIXAS,0.733279486865973,QUEDA DE GARRAFAS,0.7317864288149427,0.266720513134027,FALHA DE FORMACAO DE CAIXA,0.44846397638320923,FALHA DE FORMACAO DE CAIXA -> FALHA NA PEGADA DE CAMADA (2),False,RARE_CLASS | PERSISTENT_CONFUSION,,,,,,
79,49.7751,"ENCHEDORA NÃO RECINHECENDO O PULSO DA RECEITA DE 200ML, PULSO FICOU EM 2000ML",FALHA DE LEITURA,OTHER_UNKNOWN,1,VERY_RARE_2_3,FALHA DE PARAMETRIZACAO DE RECEITA,1.0,SEM MODO DE FALHA IDENTIFICADO,0.5774440301705255,FALHA DE ENCHIMENTO,0.5056540287562294,0.4225559698294745,FALHA DE PARAMETRIZACAO DE RECEITA,0.38185811042785645,FALHA DE LEITURA -> FALHA DE PARAMETRIZACAO DE RECEITA (3),False,RARE_CLASS | PERSISTENT_CONFUSION,,,,,,
80,49.7632,JATOS FINAIS BAIXOS . ORDEM ;30008465755,FALHA DE JATOS DE ENXAGUE,OTHER_UNKNOWN,1,VERY_RARE_2_3,FALHA DE JATOS DE ENXAGUE,1.0,FALHA DE PRESSAO DOS JATOS,0.2875167747455508,FALHA DE PARAMETRIZACAO,0.169879738328116,0.7124832252544492,FALHA DE JATOS DE ENXAGUE,0.9999997615814209,FALHA DE JATOS DE ENXAGUE -> FALHA DE PRESSAO DOS JATOS (3),False,RARE_CLASS | PERSISTENT_CONFUSION,,,,,,
81,49.618,"FALHA NA VALVULA 75, FALHA DE ENCHIMENTO NECESSARIO TROCA DA VALVULA",FALHA DE ENCHIMENTO,ENCHIMENTO,95,HEALTHY_GT20,FALHA DE VALVULA DE ENCHIMENTO,1.0,FALHA DE ENCHIMENTO,0.9690032153554357,FALHA DE VALVULA,0.9115745396427872,0.030996784644564346,FALHA DE VALVULA DE ENCHIMENTO,0.5259843468666077,FALHA DE ENCHIMENTO -> FALHA DE VALVULA DE ENCHIMENTO (16),False,PERSISTENT_CONFUSION,,,,,,
82,49.5916,"CONECTOR DE AR TANQUE 2, DANIFICADO",FALHA DE CONEXAO PNEUMATICA,PNEUMATICO,3,RARE_4_5,FALHA DE SUPRIMENTO DE AR COMPRIMIDO,1.0,FALHA DE CONEXAO PNEUMATICA,0.8424254358789097,FALHA DE CONEXAO ELETRICA,0.8143661536623806,0.15757456412109028,FALHA DE CONEXAO ELETRICA,0.26506316661834717,,False,RARE_CLASS | MODEL_PROTOTYPE_FAMILY_DISAGREEMENT,,,,,,
83,49.4774,QUEDA DA REGUA DE ARRASTE,FALHA DE REGUA DE ARRASTE,GUIA,2,RARE_4_5,FALHA DE REGUA DE ARRASTE,1.0,FALHA DE REGUA DE ENVOLVIMENTO,0.8248659385395124,QUEDA DE GARRAFAS,0.44187327455556846,0.1751340614604876,FALHA DE REGUA DE ARRASTE,0.697945773601532,,False,RARE_CLASS,,,,,,
84,49.4139,CRASH POR EXCESSO DE FALSO REJEITO,FALSO REJEITO,REJEICAO,3,RARE_4_5,FALHA DE REJEICAO,1.0,CRASH DE GARRAFAS,0.8291329896416991,FALSO REJEITO,0.686159583789749,0.17086701035830087,FALHA DE REJEICAO,0.6159343719482422,,True,RARE_CLASS | MODEL_PROTOTYPE_FAMILY_DISAGREEMENT | POSSIBLE_LABEL_NOISE,,,,,,
85,49.3402,FALHA NO CORTE DA EMBALAGEM DO TUBETE OCASIONANDO ENROSCO DE TAMPAS NA RECRAVADORA,FALHA DE CORTE DA EMBALAGEM DO TUBETE,OTHER_UNKNOWN,1,SINGLETON,FALHA DE CORTE DA EMBALAGEM DO TUBETE,1.0,ENROSCO DE TAMPAS,0.4834059968658696,FALHA DE RECRAVACAO,0.3205252964744254,0.5165940031341304,FALHA DE CORTE DA EMBALAGEM DO TUBETE,0.9999997019767761,,False,RARE_CLASS,,,,,,
86,49.1251,DESARMANDO SISTEMA ELETRICO DA MAQUINA,DESARME DE EQUIPAMENTO,OTHER_UNKNOWN,2,RARE_4_5,DESARME DE TRANSPORTE,1.0,SEM MODO DE FALHA IDENTIFICADO,0.8156785959409586,FALHA NO SISTEMA DE AR COMPRIMIDO,0.5618910377430769,0.1843214040590414,DESARME PALETIZADORA,0.23970839381217957,DESARME DE EQUIPAMENTO -> DESARME DE TRANSPORTE (3),False,RARE_CLASS | PERSISTENT_CONFUSION,,,,,,
87,49.0867,"FILME ESTOURANDO DURANTE O ENVOLVIMENTO, DEVIDO ATRITO ENTRE ROLOS POR FOLGA DO ROLAMENTO (NOTA: 13299493)",FALHA DE ROLAMENTO,ROLAMENTO,9,MEDIUM_11_20,ROMPIMENTO DE FILME,1.0,FALHA DE ROLAMENTO,0.8738255159604711,FALHA DE ENVOLVIMENTO,0.842697190514033,0.1261744840395289,ROMPIMENTO DE FILME,0.29990991950035095,FALHA DE ROLAMENTO -> ROMPIMENTO DE FILME (3),False,PERSISTENT_CONFUSION | MODEL_PROTOTYPE_FAMILY_DISAGREEMENT,,,,,,
88,49.0251,FALHA DE ENCHIMENTO DE VALVULAS ALEATÓRIAS,FALHA DE ENCHIMENTO,ENCHIMENTO,95,HEALTHY_GT20,FALHA DE VALVULA DE ENCHIMENTO,1.0,FALHA DE ENCHIMENTO,0.9731851324789996,FALHA DA MESA GIRATORIA,0.09144533196825284,0.026814867521000374,FALHA DE VALVULA DE ENCHIMENTO,0.5196531414985657,FALHA DE ENCHIMENTO -> FALHA DE VALVULA DE ENCHIMENTO (16),True,PERSISTENT_CONFUSION | POSSIBLE_LABEL_NOISE,,,,,,
89,48.9031,FALHA BLOQUEIO NO VIRADOR DE CAIXAS ORDEM:30008618633,FALHA NO VIRADOR DE CAIXAS,CAIXA,1,VERY_RARE_2_3,FALHA NO VIRADOR DE CAIXAS,1.0,ENROSCO DE CAIXAS,0.29159123575361506,FALHA DE SENSOR,0.22483458368938453,0.708408764246385,FALHA NO VIRADOR DE CAIXAS,1.0000001192092896,FALHA NO VIRADOR DE CAIXAS -> ENROSCO DE CAIXAS (3),False,RARE_CLASS | PERSISTENT_CONFUSION,,,,,,
90,48.7411,COLOCADOR DE CHAPATEX PAROU DE ATUAR,FALHA DO COLOCADOR DE CHAPATEX,CARTAO,1,VERY_RARE_2_3,FALHA DO COLOCADOR DE CARTAO,1.0,FALHA DO COLOCADOR DE CHAPATEX,0.7993503449558097,FALHA DE PEGADOR,0.47307309404313774,0.2006496550441903,FALHA DO COLOCADOR DE CHAPATEX,0.34311991930007935,FALHA DO COLOCADOR DE CHAPATEX -> FALHA DO COLOCADOR DE CARTAO (3),False,RARE_CLASS | PERSISTENT_CONFUSION,,,,,,
91,48.706,ESTEIRA DA MESA QUE PEGA GARRAFAS DESARMOU.ORDEM..30008445667,DESARME DE ESTEIRA,ESTEIRA,1,VERY_RARE_2_3,DESARME DE ESTEIRA,1.0,QUEBRA DE ESTEIRA,0.34385074202668076,FALHA DE ESTEIRA,0.3152832837371005,0.6561492579733192,DESARME DE ESTEIRA,1.0000004768371582,DESARME DE ESTEIRA -> QUEBRA DE ESTEIRA (3),False,RARE_CLASS | PERSISTENT_CONFUSION,,,,,,
92,48.6491,"FALHA DE ENCHIMENTO VALVULA N°51,52 E 81 - TROCA DO MEDIDOR DE VAZAO",FALHA DE MEDIDOR DE VAZAO,OTHER_UNKNOWN,1,SINGLETON,FALHA DE MEDIDOR DE VAZAO,1.0,FALHA DE VALVULA DE ENCHIMENTO,0.4501250370858077,VAZAMENTO EM VALVULA,0.37655257295021705,0.5498749629141924,FALHA DE MEDIDOR DE VAZAO,1.0000005960464478,,False,RARE_CLASS,,,,,,
93,48.637,AJUSTE DE VELOCIDADE DA ESTEIRA DO TAPETE DE SAÍDA ORDEM 30008479760,FALHA DE ELO DE ESTEIRA,ESTEIRA,6,MEDIUM_11_20,QUEBRA DE ESTEIRA,1.0,FALHA DE ESTEIRA,0.9081940865879771,FALHA DE ELO DE ESTEIRA,0.6385481492799134,0.09180591341202293,SEM MODO DE FALHA IDENTIFICADO,0.2904953062534332,FALHA DE ELO DE ESTEIRA -> QUEBRA DE ESTEIRA (6),False,PERSISTENT_CONFUSION,,,,,,
94,48.4259,BASE SENSOR DE QUEDA DE GARRAFAS ALINHADOR PARA DESCAPSULADOR SOLTO,FALHA DE FIXACAO DA BASE DO SENSOR,SENSOR,1,SINGLETON,FALHA DE FIXACAO DA BASE DO SENSOR,1.0,FALHA DE SENSOR,0.5553658307896483,QUEDA DE GARRAFAS,0.3391262343652191,0.4446341692103517,FALHA DE FIXACAO DA BASE DO SENSOR,0.9999996423721313,,False,RARE_CLASS,,,,,,
95,48.3992,"ENROSCO DE ROTULO,FALHA NA APLICAÇÃO DO ROTULO",ENROSCO DE ROTULOS,ROTULO,10,MEDIUM_11_20,FALHA DE ROTULAGEM,1.0,ENROSCO DE ROTULOS,0.8333299501331003,FALHA DE COMUNICACAO,0.22601696015831668,0.1666700498668997,ENROSCO DE ROTULOS,0.5759491920471191,ENROSCO DE ROTULOS -> FALHA DE ROTULAGEM (9),False,PERSISTENT_CONFUSION,,,,,,
96,48.3265,TWISTER DE SAIDA DA FILTEC DERRUBANDO LATAS PARA A ENTRADA DA EMPACOTADORA,FALHA DE TWISTER,OTHER_UNKNOWN,4,LOW_SUPPORT_6_10,QUEDA DE LATAS,1.0,FALHA DE TWISTER,0.5646028417498755,AMASSAMENTO DE LATAS,0.46148836285791894,0.4353971582501245,FALHA DE TWISTER,0.5639914274215698,FALHA DE TWISTER -> QUEDA DE LATAS (3),False,RARE_CLASS | PERSISTENT_CONFUSION,,,,,,
97,48.2707,PISTÃO DE ABERTURA DAS BORBOLETAS SOLTO 30008265260,FALHA DE ATUADOR DA VALVULA,VALVULA,2,RARE_4_5,TRAVAMENTO DE ATUADOR,1.0,FALHA DE ATUADOR DA VALVULA,0.8314633137310427,FALHA DE SINCRONISMO,0.5457917670279373,0.16853668626895735,FALHA DE ATUADOR DA VALVULA,0.38755473494529724,,False,RARE_CLASS | MODEL_PROTOTYPE_FAMILY_DISAGREEMENT,,,,,,
98,48.1815,ROBO COM TREPIDAÇÃO/TRAVANDO CAPACIDADE DE PRODUÇÃO REDUZIDA DO ROBO.DEVIDO A QUEDA DE PACOTES (4 VEZES SEGUIDA),TRAVAMENTO DE ROBO,ROBO,7,MEDIUM_11_20,FALHA DE ROBO,1.0,TRAVAMENTO DE ROBO,0.8974840136483804,VIBRACAO DE ROBO,0.6108313321098834,0.10251598635161963,FALHA DE ROBO,0.3651973605155945,TRAVAMENTO DE ROBO -> FALHA DE ROBO (6),False,PERSISTENT_CONFUSION,,,,,,
99,48.1656,FALHA NO JATO FINAIS.,FALHA DE JATOS DE ENXAGUE,OTHER_UNKNOWN,1,VERY_RARE_2_3,FALHA DE PRESSAO DOS JATOS,1.0,SEM MODO DE FALHA IDENTIFICADO,0.4783315335715144,FALHA DE JATOS DE ENXAGUE,0.3575637407507424,0.5216684664284856,FALHA DE PRESSAO DOS JATOS,0.5049647688865662,FALHA DE JATOS DE ENXAGUE -> FALHA DE PRESSAO DOS JATOS (3),False,RARE_CLASS | PERSISTENT_CONFUSION,,,,,,
100,48.1449,"FALHA NO MOPDULO, CAUSANDO PERDA DO CICLO AUTOMATICO NOTA 30008347294",FALHA DE MODULO,OTHER_UNKNOWN,3,LOW_SUPPORT_6_10,FALHA DE AUTOMACAO,1.0,FALHA NA TROCA DE PALETE DE CARTAO,0.8753152413823739,FALHA DE MAGAZINE,0.8553116781024639,0.12468475861762607,FALHA NA TROCA DE PALETE DE CARTAO,0.2667974531650543,,False,RARE_CLASS | MODEL_PROTOTYPE_FAMILY_DISAGREEMENT,,,,,,
101,47.898,"DESGASTES, SUJIDADES GERADAS POR REPAROS DE VALVULAS",FALHA DE VEDACAO DA VALVULA,VALVULA,4,LOW_SUPPORT_6_10,FALHA DE VALVULA DE ENCHIMENTO,1.0,FALHA DE VALVULA,0.9148026339023357,FALHA DE VEDACAO DA VALVULA,0.8347297111096442,0.08519736609766426,FALHA DE VALVULA DE ENCHIMENTO,0.17307832837104797,,False,PERSISTENT_CONFUSION | MODEL_PROTOTYPE_FAMILY_DISAGREEMENT,,,,,,
102,47.8524,FALHA NA GARRAFA TESTE NUMERO 13 ( 30008862120 NOTA 13375889 ),FALHA DE LEITURA DA GARRAFA TESTE,GARRAFA,1,VERY_RARE_2_3,SEM MODO DE FALHA IDENTIFICADO,1.0,FALHA DE LEITURA DA GARRAFA TESTE,0.48037278956235746,FALHA DE CODIFICACAO,0.393098032833012,0.5196272104376425,FALHA DE LEITURA DA GARRAFA TESTE,0.33362874388694763,FALHA DE LEITURA DA GARRAFA TESTE -> SEM MODO DE FALHA IDENTIFICADO (3),False,RARE_CLASS | PERSISTENT_CONFUSION,,,,,,
103,47.7691,CENTRAL DO FECHA CAMADA TRAVOU NOTA - 30008257113,TRAVAMENTO DO SISTEMA DE COMPACTACAO,OTHER_UNKNOWN,3,RARE_4_5,TRAVAMENTO DE TRANSPORTE,1.0,FALHA DE ATUADOR DO DEVAISER,0.877954363741702,FALHA NA PEGADA DE CAMADA,0.8599008567488422,0.12204563625829801,FALHA DE ATUADOR DO DEVAISER,0.2627062201499939,,False,RARE_CLASS | MODEL_PROTOTYPE_FAMILY_DISAGREEMENT,,,,,,
104,47.7559,SOBRE CORRENTE NO TRANSPORTE DE PALETE - OREDEM: 30008258302,SOBRECORRENTE,CORRENTE,3,RARE_4_5,QUEBRA DE CORRENTE,1.0,TRAVAMENTO DE PALETE,0.6417872549381168,FALHA DE ELEVADOR,0.6241034869851303,0.35821274506188316,QUEBRA DE CORRENTE,0.30515241622924805,SOBRECORRENTE -> QUEBRA DE CORRENTE (3),False,RARE_CLASS | PERSISTENT_CONFUSION,,,,,,
105,47.7154,TROCA DA FACA DE CORTE,FALHA DE FACA,OTHER_UNKNOWN,1,VERY_RARE_2_3,FALHA DE CORTE DE FILME,1.0,QUEBRA DE SUPORTE,0.36062218583919076,DEFORMACAO DE FACA,0.2615917872127347,0.6393778141608093,QUEBRA DE SUPORTE,0.5038942694664001,FALHA DE FACA -> FALHA DE CORTE DE FILME (3),False,RARE_CLASS | PERSISTENT_CONFUSION | MODEL_PROTOTYPE_FAMILY_DISAGREEMENT,,,,,,
106,47.5303,PALETE FORA DE POSIÇÃO,DESALINHAMENTO DE PALETE,PALETE,1,SINGLETON,DESALINHAMENTO DE PALETE,1.0,TRAVAMENTO DE PALETE,0.5348507516709352,PATINS FORA DE POSICAO,0.19623438247566316,0.4651492483290648,DESALINHAMENTO DE PALETE,1.000000238418579,,False,RARE_CLASS,,,,,,
107,47.4741,"FALSA RECRAVAÇÃO, ATUAÇÃO NO MANDRIL 5",FALSA RECRAVACAO,RECRAVACAO,1,SINGLETON,FALSA RECRAVACAO,1.0,FALHA DE RECRAVACAO,0.4615371667917255,FALHA DE MANDRIL,0.24588351088178367,0.5384628332082745,FALSA RECRAVACAO,1.0000004768371582,,False,RARE_CLASS,,,,,,
108,47.4033,FALHA NA VÁLVULA DE XAROPE - ORDEM - 30008799753,FALHA DE VALVULA DE XAROPE,VALVULA,1,VERY_RARE_2_3,FALHA DE VALVULA DE XAROPE,1.0,FALHA DE VALVULA,0.8384611075755593,FALHA DE VALVULA MODULADORA,0.6182503688423965,0.16153889242444075,FALHA DE VALVULA DE XAROPE,0.6350878477096558,,False,RARE_CLASS,,,,,,
109,47.3519,ESTEIRA DA MESA QUE PEGA GARRAFAS DESARMOU.ORDEM..,DESARME DE ESTEIRA,ESTEIRA,1,VERY_RARE_2_3,DESARME DE ESTEIRA,1.0,QUEBRA DE ESTEIRA,0.43104337852938335,ESCAPE DE ESTEIRA,0.42477503306876574,0.5689566214706167,DESARME DE ESTEIRA,0.8276522755622864,DESARME DE ESTEIRA -> QUEBRA DE ESTEIRA (3),False,RARE_CLASS | PERSISTENT_CONFUSION,,,,,,
110,47.3184,FALHA NO PARAMIX,FALHA DE MIXER,OTHER_UNKNOWN,1,VERY_RARE_2_3,FALHA DE INSPECAO,1.0,FALHA DE ENVOLVIMENTO,0.8010240565967877,FALHA DE CABECOTE,0.6495178733557814,0.19897594340321234,FALHA DE CABECOTE,0.2710294723510742,,False,RARE_CLASS | MODEL_PROTOTYPE_FAMILY_DISAGREEMENT,,,,,,
111,47.2993,BICO DO GÁS 1 OBSTRUIDO,ENTUPIMENTO,OTHER_UNKNOWN,1,VERY_RARE_2_3,FALSO ALARME DE REJEITO OBSTRUIDO,1.0,QUEBRA DE COMPONENTE,0.5870273966909116,FALHA DE CONTROLE DE PROCESSO,0.47678774493818676,0.41297260330908836,FALSO ALARME DE REJEITO OBSTRUIDO,0.31844714283943176,ENTUPIMENTO -> FALSO ALARME DE REJEITO OBSTRUIDO (2),False,RARE_CLASS | PERSISTENT_CONFUSION,,,,,,
112,47.2829,FALHA NO SISTEMA DE INSPEÇAO DE NIVEL ORDEM 30008856408,ERRO DE COMUNICACAO,COMUNICACAO,1,SINGLETON,ERRO DE COMUNICACAO,1.0,FALHA DE INSPECAO,0.45276158190044674,FALHA DE ENCHIMENTO,0.2605281253006724,0.5472384180995533,ERRO DE COMUNICACAO,1.0000003576278687,,False,RARE_CLASS,,,,,,
113,47.2766,FALHA DE ELAU OCASIONADO A PERDA DE SINCRONISMO,FALHA DE ELAU,OTHER_UNKNOWN,5,LOW_SUPPORT_6_10,FALHA DE ELAU,1.0,FALHA DE SINCRONISMO,0.9008381526643121,FALHA DE CONTAGEM,0.34386823216577467,0.09916184733568789,FALHA DE SINCRONISMO,0.45241037011146545,,False,MODEL_PROTOTYPE_FAMILY_DISAGREEMENT,,,,,,
114,47.1773,EIXO TORTO,DESALINHAMENTO DE EIXO,EIXO,2,RARE_4_5,DESALINHAMENTO DE EIXO,1.0,QUEBRA DE EIXO,0.3773200488435824,DEFORMACAO DE EIXO,0.2579211425504724,0.6226799511564176,DESALINHAMENTO DE EIXO,0.8781052827835083,DESALINHAMENTO DE EIXO -> QUEBRA DE EIXO (3),False,RARE_CLASS | PERSISTENT_CONFUSION,,,,,,
115,47.0759,FALHA NO SENSOR DO EXPULSADOR LINEAR ( ORDEM : 30008857358 ),FALHA NO SENSOR EXPULSADOR,SENSOR,1,SINGLETON,FALHA NO SENSOR EXPULSADOR,1.0,FALHA DE SENSOR,0.5071184812167212,FALHA DE REJEICAO,0.2554271764982104,0.4928815187832788,FALHA NO SENSOR EXPULSADOR,1.0,,False,RARE_CLASS,,,,,,
116,47.0562,TROCA DE PENTE DE TRANSFERENCIA / QUEDA DE GFS / ORDEM Nº30008219076,FALHA DE PENTE DE TRANSFERENCIA,OTHER_UNKNOWN,4,LOW_SUPPORT_6_10,FALHA DE PENTE DE TRANSFERENCIA,1.0,QUEDA DE GARRAFAS,0.9502743731298794,QUEDA DE LATAS,0.4392865891222688,0.04972562687012061,FALHA DE PENTE DE TRANSFERENCIA,0.5319713950157166,,False,RARE_CLASS,,,,,,
117,47.0085,QUEDA DE GFS NOS PINO DE SEPARAÇÃO/ FORA DE SINCRONISMO,FALHA DE PINO DE SEPARACAO,OTHER_UNKNOWN,1,VERY_RARE_2_3,FALHA DE PINO DE SEPARACAO,1.0,QUEDA DE GARRAFAS,0.42028794610324993,FALHA DE SINCRONISMO,0.40710174901266244,0.5797120538967501,FALHA DE PINO DE SEPARACAO,0.9999994039535522,,False,RARE_CLASS,,,,,,
118,46.963,TRANSPORTE COM VELOCIDADE REDUZIDA,FALHA DE VELOCIDADE DO TRANSPORTE,TRANSPORTE,10,MEDIUM_11_20,VELOCIDADE REDUZIDA SEM CAUSA IDENTIFICADA,1.0,FALHA DE VELOCIDADE DO TRANSPORTE,0.7604882878718767,FALHA DE TRANSPORTE,0.7028357516092669,0.23951171212812328,VELOCIDADE REDUZIDA SEM CAUSA IDENTIFICADA,0.7867822647094727,FALHA DE VELOCIDADE DO TRANSPORTE -> VELOCIDADE REDUZIDA SEM CAUSA IDENTIFICADA (2),True,PERSISTENT_CONFUSION | POSSIBLE_LABEL_NOISE,,,,,,
119,46.9367,FALHA NO RECUO DO PISTAÕ DO TRANSPORTE DE TAMPA DA CSW,FALHA NO SISTEMA DE CORTE,OTHER_UNKNOWN,2,RARE_4_5,FALHA DE TRANSPORTE,1.0,TRAVAMENTO DE TRANSPORTE,0.3929643202852205,FALHA NO CORTE DE TUBETES,0.11600967386412446,0.6070356797147796,FALHA DE TRANSPORTE,0.36986789107322693,FALHA NO SISTEMA DE CORTE -> FALHA DE TRANSPORTE (3),False,RARE_CLASS | PERSISTENT_CONFUSION | MODEL_PROTOTYPE_FAMILY_DISAGREEMENT,,,,,,
120,46.8523,ATRASO FALHA DURANTE CIP MANGUEIRA ENTRADA DO POLIDOR DESCONECTADA,FALHA DE MANGUEIRA,MANGUEIRA,1,VERY_RARE_2_3,FALHA DE MANGUEIRA,1.0,FALHA DE CONEXAO DE MANGUEIRA,0.2562582345191158,FALHA DE MANGUEIRA PNEUMATICA,0.2084661857029333,0.7437417654808842,FALHA DE MANGUEIRA,1.0000008344650269,FALHA DE MANGUEIRA -> FALHA DE CONEXAO DE MANGUEIRA (3),False,RARE_CLASS | PERSISTENT_CONFUSION,,,,,,
121,46.7862,FALHA NO MIXER,FALHA DE MISTURA,OTHER_UNKNOWN,1,RARE_4_5,FALHA DE MIXER,1.0,FALHA DE CARBONATACAO,0.45407536889770406,FALHA DE COMUNICACAO,0.34683714254726034,0.5459246311022959,FALHA DE MIXER,0.5605126023292542,FALHA DE MISTURA -> FALHA DE MIXER (3),False,RARE_CLASS | PERSISTENT_CONFUSION,,,,,,
122,46.7139,PINO DE SEPARAÇÃO TRAVADO - 30008420573,PINO DE SEPARACAO TRAVADO,OTHER_UNKNOWN,1,VERY_RARE_2_3,FALHA DE PINO,1.0,PINO DE SEPARACAO TRAVADO,0.7710110489292334,TRAVAMENTO DE PINO DE SEPARACAO,0.7652045262362003,0.22898895107076656,FALHA DE PINO,0.49079224467277527,,False,RARE_CLASS,,,,,,
123,46.7061,"COMPACTADOR DE CARTÃO PARANDO FORA DE POSIÇÃO, VOLTANDO PARA POSIÇÃO MANUALMENTE",FALHA DE COMPACTACAO DE CAMADA,CAMADA,7,LOW_SUPPORT_6_10,FALHA NO MANUSEIO DE CARTAO,1.0,FALHA NA TROCA DE PALETE DE CARTAO,0.45622347987084183,FALHA DE MANDRIL,0.27922518545013447,0.5437765201291582,DESALINHAMENTO DE PALETE,0.3796888589859009,FALHA DE COMPACTACAO DE CAMADA -> FALHA NO MANUSEIO DE CARTAO (2),False,PERSISTENT_CONFUSION | MODEL_PROTOTYPE_FAMILY_DISAGREEMENT,,,,,,
124,46.6381,TRAVAMENTO DE GARRAFAS NA SAIDA DA LAVADORA,ENROSCO DE GARRAFAS,GARRAFA,29,HEALTHY_GT20,ENROSCO DE GARRAFAS,1.0,TRAVAMENTO DE GARRAFAS NA SAIDA DA LAVADORA,0.9385596119038411,FALHA DE ALIMENTACAO DE GARRAFAS,0.35555848941814533,0.06144038809615893,TRAVAMENTO DE GARRAFAS NA SAIDA DA LAVADORA,0.8352677226066589,ENROSCO DE GARRAFAS -> TRAVAMENTO DE GARRAFAS NA SAIDA DA LAVADORA (3),False,PERSISTENT_CONFUSION,,,,,,
125,46.6052,"VARIAÇÃO NO ENVOLVIMENTO DO FILME, GERANDO PACOTES COM A JANELA ABERTA IMPACTANDO NA FORMAÇÃO DE CAMADA NA PALETIZADORA, NOTA : 13078451",FALHA DE ENVOLVIMENTO,ENVOLVIMENTO,50,HEALTHY_GT20,FALHA DE FORMACAO DE PACOTE,1.0,FALHA DE FORMACAO DE CAMADA,0.9743977045451002,FALHA DE CORTE DE FILME,0.6452698121535035,0.02560229545489978,FALHA DE FORMACAO DE PACOTE,0.4647020101547241,FALHA DE ENVOLVIMENTO -> FALHA DE FORMACAO DE PACOTE (2),False,PERSISTENT_CONFUSION | MODEL_PROTOTYPE_FAMILY_DISAGREEMENT,,,,,,
126,46.5529,PEGADOR DE CHAPATEX SE PERDEU,PERDA DE REFERENCIA DO PEGADOR DE CHAPATEX,PEGADOR,1,SINGLETON,PERDA DE REFERENCIA DO PEGADOR DE CHAPATEX,1.0,FALHA DE PEGADOR,0.42355583875730635,PERDA DE REFERENCIA,0.1405938006019063,0.5764441612426936,PERDA DE REFERENCIA DO PEGADOR DE CHAPATEX,0.9999999403953552,,False,RARE_CLASS,,,,,,
127,46.5192,GARAAFAS SAINDO VAZIA ENROSCO NO EXPULSADOR,FALHA DE REJEICAO,REJEICAO,69,HEALTHY_GT20,FALHA DE ENCHIMENTO,1.0,ENROSCO DE TAMPAS,0.9971104993809524,FALHA DE REJEICAO,0.7929736592149266,0.0028895006190475803,FALHA NO SENSOR EXPULSADOR,0.2984088063240051,FALHA DE REJEICAO -> FALHA DE ENCHIMENTO (3),False,HIGH_UNCERTAINTY | PERSISTENT_CONFUSION | MODEL_PROTOTYPE_FAMILY_DISAGREEMENT,,,,,,
128,46.4966,FALHA DE ENCHIMENTO EM VALVULAS JAMPEADAS OCASIONANDO EXCESSO DE REJEITOS,FALHA DE ENCHIMENTO,ENCHIMENTO,95,HEALTHY_GT20,FALHA DE VALVULA DE ENCHIMENTO,1.0,FALHA DE ENCHIMENTO,0.7451018761243323,FALHA DE REJEICAO,0.5076297784804426,0.2548981238756677,FALHA DE VALVULA DE ENCHIMENTO,0.4544588625431061,FALHA DE ENCHIMENTO -> FALHA DE VALVULA DE ENCHIMENTO (16),False,PERSISTENT_CONFUSION | MODEL_PROTOTYPE_FAMILY_DISAGREEMENT,,,,,,
129,46.472,QUEBRA DA HASTE DE SEPARAÇÃO DO TRP DE ENTRADA DA EMPACOTADORA CAUSANDO QUEDA DE GARRAFAS,QUEBRA DE TRANSPORTE,TRANSPORTE,6,LOW_SUPPORT_6_10,QUEDA DE GARRAFAS,1.0,ENROSCO DE GARRAFAS,0.5986001835694057,QUEBRA DE ESTEIRA,0.4652170523351967,0.4013998164305943,QUEDA DE GARRAFAS,0.4130585789680481,QUEBRA DE TRANSPORTE -> QUEDA DE GARRAFAS (3),False,PERSISTENT_CONFUSION | MODEL_PROTOTYPE_FAMILY_DISAGREEMENT,,,,,,
130,46.3917,PALETIZADORA DESARMANDO NA FORMAÇÃO DE CAMADA,DESARME PALETIZADORA,OTHER_UNKNOWN,1,SINGLETON,DESARME PALETIZADORA,1.0,FALHA DE FORMACAO DE CAMADA,0.35006870521827,FALHA NA PEGADA DE CAMADA,0.1720763575419162,0.64993129478173,DESARME PALETIZADORA,1.000000238418579,,False,RARE_CLASS,,,,,,
131,46.2664,FALHA DE ENCHIMENTO NA VALVULA 11 SAINDIO NIVEL BAIXO ORDEM 30008685629,FALHA DE ENCHIMENTO,ENCHIMENTO,95,HEALTHY_GT20,FALHA DE ENCHIMENTO,1.0,FALHA DE VALVULA DE ENCHIMENTO,0.8405855398386465,VAZAMENTO EM VALVULA,0.4036116168809908,0.15941446016135352,FALHA DE VALVULA DE ENCHIMENTO,0.5250120759010315,FALHA DE ENCHIMENTO -> FALHA DE VALVULA DE ENCHIMENTO (16),False,PERSISTENT_CONFUSION,,,,,,
132,46.2334,"COLISÃO DO ROBO COM PALETE MONTADO , FALHA NA GARRA DO ROBO AO DEPOSITAR PALETE NO TRANSPORTE",FALHA NA GARRA DO ROBO,ROBO,1,SINGLETON,FALHA NA GARRA DO ROBO,1.0,FALHA DE ROBO,0.4711817369736192,COLISAO DO ROBO COM PALETE,0.29079740864586723,0.5288182630263808,FALHA NA GARRA DO ROBO,0.9999998211860657,,False,RARE_CLASS,,,,,,
133,46.1922,CABO DE SEGURANÇA DANIFICADO,FALHA ELETRICA SEM COMPONENTE IDENTIFICADO,ELETRICO,5,LOW_SUPPORT_6_10,FALHA DE CABO DE SEGURANCA,1.0,FALHA DE PORTA DE SEGURANCA,0.3985467883858667,TAB DANIFICADO,0.21401827184640643,0.6014532116141333,FALHA DE CABO DE SEGURANCA,0.5769305229187012,FALHA ELETRICA SEM COMPONENTE IDENTIFICADO -> FALHA DE CABO DE SEGURANCA (3),False,PERSISTENT_CONFUSION | MODEL_PROTOTYPE_FAMILY_DISAGREEMENT,,,,,,
134,46.1409,"FALHA ,FALTANDO GARRAFAS PARA A ENTRADA DA ENCHEDORA.",FALHA DE ALIMENTACAO DE GARRAFAS,GARRAFA,6,LOW_SUPPORT_6_10,ENROSCO DE GARRAFAS,1.0,FALHA DE SENSOR,0.7359953519774465,FALHA DE INSPECAO,0.5241389550143546,0.2640046480225535,ENROSCO DE GARRAFAS,0.29474493861198425,FALHA DE ALIMENTACAO DE GARRAFAS -> FALHA DE SENSOR (3),False,PERSISTENT_CONFUSION,,,,,,
135,46.0816,DESARME DA MESA CENTRAL,DESARME DE MESA,MESA,1,VERY_RARE_2_3,DESARME DE MESA,1.0,DESARME DE TRANSPORTE,0.8358906889808795,DESARME DE MOTOR,0.6537353914060823,0.16410931101912052,DESARME DE MESA,0.5302335619926453,,False,RARE_CLASS,,,,,,
136,45.9242,GÁS BAIXO NA PARTIDA,FALHA DE CARBONATACAO,CARBONATACAO,6,LOW_SUPPORT_6_10,VAZAMENTO NO COLETOR COM GAS BAIXO,1.0,FALHA DE CONTROLE DE PROCESSO,0.5217007989276493,FALHA DE CARBONATACAO,0.4052011239909981,0.4782992010723507,VAZAMENTO NO COLETOR COM GAS BAIXO,0.6715788841247559,FALHA DE CARBONATACAO -> VAZAMENTO NO COLETOR COM GAS BAIXO (2),False,PERSISTENT_CONFUSION | MODEL_PROTOTYPE_FAMILY_DISAGREEMENT,,,,,,
137,45.8068,DESARMOU A BOMBA DO ENVIO DO CARBONATO,DESARME DE BOMBA,BOMBA,1,SINGLETON,DESARME DE BOMBA,1.0,FALHA DE BOMBA,0.3855242788055982,DESARME DE MOTOR,0.12568234178079066,0.6144757211944019,DESARME DE BOMBA,1.0000003576278687,,False,RARE_CLASS,,,,,,
138,45.8062,FALHA PISTÃO LIBERAÇÃO DE TAMPAS,FALHA DE ATUADOR,ATUADOR,1,VERY_RARE_2_3,FALHA DE ATUADOR,1.0,TRAVAMENTO DE ATUADOR,0.33848215525619824,FALHA DE ALIMENTACAO DE TAMPAS,0.2612464894964551,0.6615178447438017,FALHA DE ATUADOR,0.9999998211860657,,False,RARE_CLASS | PERSISTENT_CONFUSION,,,,,,
139,45.6767,PERSIANA TRAVADA - ORDEM: 30008498639,TRAVAMENTO DE PERSIANA,PERSIANA,1,RARE_4_5,TRAVAMENTO DE PERSIANA,1.0,FALHA DE PERSIANA,0.2567491822424495,FALHA DE SENSOR,0.17539859929781337,0.7432508177575505,TRAVAMENTO DE PERSIANA,1.000000238418579,TRAVAMENTO DE PERSIANA -> FALHA DE PERSIANA (3),False,RARE_CLASS | PERSISTENT_CONFUSION,,,,,,
140,45.6587,"GUIA TORTO, CAINDO GARRAFA ENTRADA DA LAVADORA.ORDEM 30008437731",DEFORMACAO DESALINHAMENTO DE GUIA,GUIA,8,MEDIUM_11_20,DESALINHAMENTO DE GUIA,1.0,FALHA DE GUIA,0.9781420484834673,DEFORMACAO DESALINHAMENTO DE GUIA,0.8108538844415996,0.021857951516532692,TRAVAMENTO DE GARRAFAS NA SAIDA DA LAVADORA,0.2788916826248169,DEFORMACAO DESALINHAMENTO DE GUIA -> DESALINHAMENTO DE GUIA (3),False,PERSISTENT_CONFUSION,,,,,,
141,45.6243,FALHA DE CABECOTE,FALHA DE CABECOTE,CABECOTE,1,VERY_RARE_2_3,FALHA DE CABECOTE,1.0,DEFORMACAO DE CABECOTE,0.7273734334733462,FALHA DE CODIFICACAO,0.3578300634062494,0.27262656652665385,FALHA DE CABECOTE,0.6495887041091919,,False,RARE_CLASS,,,,,,
142,45.6148,TROCA DA MANGUEIRA DO SISTEMA PNEUMATICO DO ATUADOR CANAL C DO DEVAISER (30008240197),FALHA DE MANGUEIRA,MANGUEIRA,1,VERY_RARE_2_3,QUEBRA DE ATUADOR,1.0,VAZAMENTO PNEUMATICO,0.854280142673036,FALHA DE CONEXAO PNEUMATICA,0.820659088084506,0.14571985732696402,FALHA DE CONEXAO PNEUMATICA,0.2637152075767517,,False,RARE_CLASS | MODEL_PROTOTYPE_FAMILY_DISAGREEMENT,,,,,,
143,45.5787,ENTUPIMENTO NO RETORNO DE TAMPAS ORDEM: 30008653914,ENTUPIMENTO NO TRANSPORTE DE TAMPAS,TAMPA,1,SINGLETON,ENTUPIMENTO NO TRANSPORTE DE TAMPAS,1.0,ENROSCO DE TAMPAS,0.3697226606256424,FALHA DE ALIMENTACAO DE TAMPAS,0.24236086028763662,0.6302773393743576,ENTUPIMENTO NO TRANSPORTE DE TAMPAS,0.9999998211860657,,False,RARE_CLASS,,,,,,
144,45.5762,FALHA NA ALTO CALIBRAÇÃO GAZ RODOX BAIXO,FALHA DE CALIBRACAO,OTHER_UNKNOWN,1,VERY_RARE_2_3,FALHA DE CALIBRACAO,1.0,SEM MODO DE FALHA IDENTIFICADO,0.29609427733101407,FALHA DE CONTROLE DE PROCESSO,0.26537543844351297,0.703905722668986,FALHA DE CALIBRACAO,1.0000001192092896,FALHA DE CALIBRACAO -> SEM MODO DE FALHA IDENTIFICADO (2),False,RARE_CLASS | PERSISTENT_CONFUSION,,,,,,
145,45.44,ESTEIRA DA LONA DE ENVOLVIMENTO COM DEGRAU,DESNIVELAMENTO DE ESTEIRA,ESTEIRA,2,RARE_4_5,FALHA DE ESTEIRA,1.0,DESNIVELAMENTO DE ESTEIRA,0.7930029322369598,FALHA DE ENVOLVIMENTO,0.6617064324415104,0.20699706776304017,DESNIVELAMENTO DE ESTEIRA,0.5999593734741211,,False,RARE_CLASS,,,,,,
146,45.3113,FALHA NO MEDIDOR DE PRESSÃO DOS JATOS FINAIS,FALHA DE MEDIDOR,OTHER_UNKNOWN,1,VERY_RARE_2_3,FALHA DE MEDIDOR,1.0,FALHA DE PRESSAO DOS JATOS,0.6412621894337868,FALHA DE MEDIDOR DE VAZAO,0.26935244372389217,0.35873781056621323,FALHA DE MEDIDOR,0.8678205013275146,,False,RARE_CLASS,,,,,,
147,45.2676,FALHA NO SENSOR DA GAIOLA E NAS VIA DE ENTRADA DE PACOTE,FALHA DE ALIMENTACAO DE PACOTES,PACOTE,6,LOW_SUPPORT_6_10,FALHA DE ALIMENTACAO DE PACOTES,1.0,FALHA DE SENSOR,0.9556745542605004,ENROSCO DE PACOTES,0.43191080958333883,0.04432544573949959,FALHA DE ALIMENTACAO DE PACOTES,0.7235440015792847,,False,DIVERSITY_COVERAGE,,,,,,
148,45.2364,TROCA DA PRTE ELETRONICA DA VALVULA NUMURO 9 (30008374835),FALHA ELETRONICA DA VALVULA,VALVULA,1,RARE_4_5,FALHA ELETRONICA DA VALVULA,1.0,FALHA DE VALVULA,0.3405606411897514,FALHA DE VALVULA DE ENCHIMENTO,0.33116494713094347,0.6594393588102486,FALHA ELETRONICA DA VALVULA,0.9999991655349731,,False,RARE_CLASS | PERSISTENT_CONFUSION,,,,,,
149,45.2334,CARTÃO DE ALIMENTAÇÃO DO PLC QUEIMADO,FALHA DE PLC,AUTOMACAO,7,MEDIUM_11_20,FALHA NO MANUSEIO DE CARTAO,1.0,FALHA DE PLC,0.900767593757119,FALHA NA TROCA DE PALETE DE CARTAO,0.5218107485334229,0.09923240624288099,FALHA DE TENSIONAMENTO DE ESTEIRA,0.31035006046295166,,False,MODEL_PROTOTYPE_FAMILY_DISAGREEMENT,,,,,,
150,45.2123,FALHA NA COLOCAÇÃO DO CHAPATEX,FALHA DO COLOCADOR DE CHAPATEX,CARTAO,1,VERY_RARE_2_3,FALHA DO COLOCADOR DE CHAPATEX,1.0,FALHA DO COLOCADOR DE CARTAO,0.19351193354178942,FALHA DE CODIFICACAO,0.1445724240980993,0.8064880664582106,FALHA DO COLOCADOR DE CHAPATEX,0.9999998807907104,FALHA DO COLOCADOR DE CHAPATEX -> FALHA DO COLOCADOR DE CARTAO (3),False,RARE_CLASS | PERSISTENT_CONFUSION,,,,,,
151,45.1328,"CODIFICAÇÃO ILEGIVEL, MANGUEIRA DE AR FURADA.30008838215",ROMPIMENTO DE MANGUEIRA DE AR,MANGUEIRA,4,LOW_SUPPORT_6_10,FALHA DE CODIFICACAO,1.0,ROMPIMENTO DE MANGUEIRA DE AR,0.7597272285259561,FALHA DE CONEXAO DE MANGUEIRA,0.7137502340698731,0.2402727714740439,ROMPIMENTO DE MANGUEIRA DE AR,0.4082704782485962,ROMPIMENTO DE MANGUEIRA DE AR -> FALHA DE CODIFICACAO (2),False,RARE_CLASS | PERSISTENT_CONFUSION,,,,,,
152,45.0297,CRASH DE GARRAFAS E EXCESSO DE FALSO REJEITO ( CORREIA INVERTIDA),MONTAGEM INCORRETA DE CORREIA,CORREIA,1,SINGLETON,MONTAGEM INCORRETA DE CORREIA,1.0,QUEBRA DE CORREIA,0.3438866938557053,FALHA DE CORREIA,0.3403002710939637,0.6561133061442948,MONTAGEM INCORRETA DE CORREIA,1.0,,False,RARE_CLASS,,,,,,
153,45.0288,ROLETE PATINANDO NA VIA DE ENTRADA DE PACOTE VI A2,PATINAMENTO DE ROLETE,ROLETE,1,SINGLETON,PATINAMENTO DE ROLETE,1.0,FALHA DE ROLETES,0.3482666232239468,TRAVAMENTO DE ROLETES,0.2386572398597686,0.6517333767760531,PATINAMENTO DE ROLETE,1.0,,False,RARE_CLASS,,,,,,
154,44.9577,VALIDAÇÃO NA ESTRELA DE TRANSFERENCIA DE GARRAFA,SEM MODO DE FALHA IDENTIFICADO,OTHER_UNKNOWN,69,HEALTHY_GT20,QUEDA DE GARRAFAS,1.0,FALHA DE GUIA,0.997125788827475,FALHA DE SINCRONISMO,0.5837411134503921,0.002874211172524954,TRAVAMENTO DE ROLO DE COLA,0.3560364842414856,SEM MODO DE FALHA IDENTIFICADO -> QUEDA DE GARRAFAS (2),False,HIGH_UNCERTAINTY | PERSISTENT_CONFUSION | MODEL_PROTOTYPE_FAMILY_DISAGREEMENT,,,,,,
155,44.9448,SEM PARAFUSO NO SUPORTE DA TULIPA NUMERO 44E60,AUSENCIA DE PARAFUSO DE FIXACAO,OTHER_UNKNOWN,1,VERY_RARE_2_3,AUSENCIA DE PARAFUSO DE FIXACAO,1.0,FALHA DE TULIPA,0.6929647136424602,FALHA DE FIXACAO DA TULIPA,0.5298462787319785,0.30703528635753985,AUSENCIA DE PARAFUSO DE FIXACAO,0.694136917591095,,False,RARE_CLASS,,,,,,
156,44.9271,MANIVELA DAS ESCOVAS DO TRANSPORTE DA PRESSCO FECHANDO COM A VIBRAÇÃO E SEGURANDO LATA,FALHA DE INSPECAO,INSPECAO,71,HEALTHY_GT20,FALHA DE SENSOR,1.0,TRAVAMENTO DE TRANSPORTE,0.9790394710522685,FALHA DE INSPECAO,0.9451706687741835,0.020960528947731483,FALHA DE TWISTER,0.22553011775016785,,False,HIGH_UNCERTAINTY | PERSISTENT_CONFUSION | MODEL_PROTOTYPE_FAMILY_DISAGREEMENT,,,,,,
157,44.8939,PACOTE ENTROU VIRADO NA MESA DE COMPACTAÇÃO CAUSANDO ESTOURO DE LATAS,PACOTE FORA DE POSICAO,PACOTE,1,VERY_RARE_2_3,PACOTE FORA DE POSICAO,1.0,QUEDA DE LATAS,0.8686258007815302,ENROSCO DE LATAS,0.7581781466832359,0.13137419921846982,PACOTE FORA DE POSICAO,0.4854107201099396,,False,RARE_CLASS,,,,,,
158,44.8817,"QUEBRA DO GUIA DE SEPARAÇÃO DE GARRAFAS DE ENTRADA DA EMPACOTADORA , NOTA 30008583428",FALHA DE GUIA,GUIA,13,MEDIUM_11_20,ENROSCO DE GARRAFAS,1.0,QUEDA DE GARRAFAS,0.9172375369045273,QUEBRA DE PARAFUSO,0.5565904959614432,0.08276246309547275,QUEBRA DE PINO,0.3722195327281952,FALHA DE GUIA -> ENROSCO DE GARRAFAS (2),False,PERSISTENT_CONFUSION | MODEL_PROTOTYPE_FAMILY_DISAGREEMENT,,,,,,
159,44.8465,"FALHA TANGENCIONAMENTO DO ROLO, OCASIONANDO ENROSCO DE ROTULOS DO AGREGADO 2",DESALINHAMENTO DE AGREGADO,OTHER_UNKNOWN,5,LOW_SUPPORT_6_10,DESALINHAMENTO DE AGREGADO,1.0,ENROSCO DE ROTULOS,0.5281253741560672,FALHA DO TENSOR DE ROTULOS,0.21061475326358334,0.4718746258439328,DESALINHAMENTO DE AGREGADO,0.554108738899231,DESALINHAMENTO DE AGREGADO -> ENROSCO DE ROTULOS (3),False,PERSISTENT_CONFUSION,,,,,,
160,44.7859,DESLOCAMENTO INCORRETO DE PACOTES,FALHA DE POSICIONAMENTO DE PACOTES,PACOTE,1,SINGLETON,FALHA DE POSICIONAMENTO DE PACOTES,1.0,ENROSCO DE PACOTES,0.41112035845158823,QUEDA DE PACOTES,0.30479210021428593,0.5888796415484118,FALHA DE POSICIONAMENTO DE PACOTES,1.000000238418579,,False,RARE_CLASS,,,,,,
161,44.7731,FALHA NA LEITURA DA GARRAFA TESTE,FALHA DE LEITURA DA GARRAFA TESTE,GARRAFA,1,VERY_RARE_2_3,FALHA DE LEITURA DA GARRAFA TESTE,1.0,FALHA DE INSPECAO,0.3714457157308703,FALHA DE SENSOR,0.25062486061446276,0.6285542842691296,FALHA DE LEITURA DA GARRAFA TESTE,1.0,,False,RARE_CLASS,,,,,,
162,44.7196,ESTEIRA DE SAIDA DO FORNO EM BAIXA ROTAÇÃO,BAIXA VELOCIDADE DE ESTEIRA,ESTEIRA,1,SINGLETON,BAIXA VELOCIDADE DE ESTEIRA,1.0,QUEBRA DE ESTEIRA,0.41394769894787625,ESCAPE DE ESTEIRA,0.4029163845451528,0.5860523010521237,BAIXA VELOCIDADE DE ESTEIRA,0.9999997615814209,,False,RARE_CLASS,,,,,,
163,44.6888,TRP CX ENTRADA ESCAPANDO,FALHA DE TRANSPORTE DE CAIXAS,CAIXA,2,VERY_RARE_2_3,ESCAPE DE ESTEIRA,1.0,AMASSAMENTO DE LATAS,0.3983861456651211,FALHA DE MOTOR,0.2944957953946263,0.6016138543348789,ESCAPE DE ESTEIRA,0.2386140078306198,FALHA DE TRANSPORTE DE CAIXAS -> ESCAPE DE ESTEIRA (2),False,RARE_CLASS | PERSISTENT_CONFUSION | MODEL_PROTOTYPE_FAMILY_DISAGREEMENT,,,,,,
164,44.6587,COMPIMENTO DO ELO DA ESTEIRA,QUEBRA DE ELO DE ESTEIRA,ESTEIRA,1,SINGLETON,QUEBRA DE ELO DE ESTEIRA,1.0,ESCAPE DE ESTEIRA,0.4092246321265974,QUEBRA DE ESTEIRA,0.3993703540413268,0.5907753678734027,QUEBRA DE ELO DE ESTEIRA,1.000000238418579,,False,RARE_CLASS,,,,,,
165,44.6338,"TRAVA DE SEGURANÇA DO PORTÃO DA PALETIZADORA,ACIONADA",FALHA DE SEGURANCA,SEGURANCA,1,SINGLETON,FALHA DE SEGURANCA,1.0,FALHA DE PORTA DE SEGURANCA,0.32758937692348133,FALHA DE SENSOR,0.23096358518456378,0.6724106230765187,FALHA DE SEGURANCA,1.0000005960464478,,False,RARE_CLASS,,,,,,
166,44.5704,TRANSPORTE GERANDO CRASH DE LATAS E DERRUBANDO PARA A ENTRADA DA ENCHEDORA,CRASH DE LATAS,LATA,2,RARE_4_5,QUEDA DE LATAS,1.0,CRASH DE LATAS,0.8540941953076239,CRASH DE GARRAFAS,0.47560260257005976,0.14590580469237613,CRASH DE LATAS,0.44932541251182556,,False,RARE_CLASS,,,,,,
167,44.5178,ALINHAMENTO DA MESA COM DEGRAU TOMBANDO GARRAFAS,FALHA DE TRANSPORTE DE GARRAFAS,GARRAFA,1,VERY_RARE_2_3,ENROSCO DE GARRAFAS,1.0,DESALINHAMENTO DE CHAPA,0.5308641415543015,DESNIVELAMENTO DE ESTEIRA,0.47278310227598674,0.4691358584456985,DESNIVELAMENTO DE ESTEIRA,0.4513024687767029,,False,RARE_CLASS | MODEL_PROTOTYPE_FAMILY_DISAGREEMENT,,,,,,
168,44.4445,EQUIPAMENTO SE DESLIGANDO SEM APRESENTAR FALHA OU ALARME SONORO,DESLIGAMENTO INDEVIDO DO EQUIPAMENTO,OTHER_UNKNOWN,4,LOW_SUPPORT_6_10,DESLIGAMENTO INDEVIDO DO EQUIPAMENTO,1.0,SEM MODO DE FALHA IDENTIFICADO,0.9114760862322111,FALHA DE INVERSOR,0.5883068966317472,0.0885239137677889,DESLIGAMENTO INDEVIDO DO EQUIPAMENTO,0.6301523447036743,,False,RARE_CLASS,,,,,,
169,44.3802,ESTEIRA PATINANDO ORDEM 30008863292,PATINAMENTO DE ESTEIRA,ESTEIRA,1,SINGLETON,PATINAMENTO DE ESTEIRA,1.0,PATINAGEM DE ESTEIRA,0.4056985598596391,QUEBRA DE ESTEIRA,0.3700658677793729,0.5943014401403609,PATINAMENTO DE ESTEIRA,1.0,,False,RARE_CLASS,,,,,,
170,44.376,EQUIPAMENTO DELIGANDO SEM APRESENTAR FALHA OU ALERTA SONORO / FALHA ENCODER REMOVEDORDE CARTÃO BLOQUEADO,FALHA DE ENCODER,ENCODER,6,LOW_SUPPORT_6_10,DESLIGAMENTO INDEVIDO DO EQUIPAMENTO,1.0,FALHA NO MANUSEIO DE CARTAO,0.6869523822931113,FALHA DE ENCODER,0.673388088036083,0.3130476177068887,DESLIGAMENTO INDEVIDO DO EQUIPAMENTO,0.624506413936615,,False,MODEL_PROTOTYPE_FAMILY_DISAGREEMENT,,,,,,
171,44.3574,GANCHOS DO ROBO NÃO ABREM QUANDO DEPOSITA PALETE NOVO NO TRANSPORTE,FALHA NA ABERTURA DOS GANCHOS DO ROBO,ROBO,1,SINGLETON,FALHA NA ABERTURA DOS GANCHOS DO ROBO,1.0,FALHA DE ROBO,0.38795082706645656,FALHA DE SENSOR,0.2308792395084507,0.6120491729335434,FALHA NA ABERTURA DOS GANCHOS DO ROBO,0.999999463558197,,False,RARE_CLASS,,,,,,
172,44.3118,"FALHA NA DESCIDA DE TAMPAS, BAIXA PRESSÃO DO AR",FALHA NA DESCIDA DE TAMPAS,TAMPA,1,VERY_RARE_2_3,FALHA NA DESCIDA DE TAMPAS,1.0,ENROSCO DE TAMPAS,0.571517632066767,FALHA DE ALIMENTACAO DE TAMPAS,0.4734864194291072,0.428482367933233,FALHA NA DESCIDA DE TAMPAS,0.7656125426292419,,False,RARE_CLASS,,,,,,
173,44.3076,FALHA NO SISTEMA DE INSERIMENTO DE FALSA GARRAFA,FALHA NO SISTEMA DE INSERCAO DE FALSA GARRAFA,GARRAFA,1,VERY_RARE_2_3,FALHA NO SISTEMA DE INSERCAO DE FALSA GARRAFA,1.0,FALHA NA INSERCAO DE GARRAFAS FALSAS,0.6757137344008228,FALHA DE VALVULA,0.600994123666366,0.32428626559917717,FALHA NO SISTEMA DE INSERCAO DE FALSA GARRAFA,0.6802150011062622,,False,RARE_CLASS,,,,,,
174,44.2977,"PATINS ENTREGANDO PACOTES FORA DE POSIÇÃO PARA A FORMAÇÃO DE CAMADA, GERANDO FALHA NA FORMAÇÃO .",PATINS FORA DE POSICAO,PATINS,6,LOW_SUPPORT_6_10,FALHA DE FORMACAO DE CAMADA,1.0,PATINS FORA DE POSICAO,0.9125841538609227,FALHA DE PATINS,0.5042932886823404,0.08741584613907727,PATINS FORA DE POSICAO,0.6456157565116882,,False,DIVERSITY_COVERAGE,,,,,,
175,44.2602,TROCA DE UM TUBO DE AR TORTO E DUAS ABAS CONICAS DE OUTROS DOIS,DESALINHAMENTO MECANICO,OTHER_UNKNOWN,7,MEDIUM_11_20,FALHA DE ABA CONICA,1.0,QUEBRA DE COMPONENTE,0.8631076911233077,FALHA DE TULIPA,0.8251153919879215,0.13689230887669235,FALHA DE TULIPA,0.2095995992422104,DESALINHAMENTO MECANICO -> FALHA DE ABA CONICA (3),False,PERSISTENT_CONFUSION,,,,,,
176,44.2419,"EXCESSO DE FALHA DE ENCHIMENTO, GERANDO FALHA POR ACUMULO NO REJEITO",FALHA DE ENCHIMENTO,ENCHIMENTO,95,HEALTHY_GT20,FALHA DE REJEICAO,1.0,FALHA DE VALVULA DE ENCHIMENTO,0.6622500716355817,FALHA DE ENCHIMENTO,0.6193167798856769,0.3377499283644183,FALHA DE REJEICAO,0.4217279851436615,FALHA DE ENCHIMENTO -> FALHA DE VALVULA DE ENCHIMENTO (16),False,PERSISTENT_CONFUSION | MODEL_PROTOTYPE_FAMILY_DISAGREEMENT,,,,,,
177,44.2375,"FALHA TRANSPORTE NA SAIDA DA ENCAIXATADORA, ESTEIRA TREPIDANDO",TREPIDACAO DE ESTEIRA,ESTEIRA,1,SINGLETON,TREPIDACAO DE ESTEIRA,1.0,ESCAPE DE ESTEIRA,0.38935377639600904,FALHA DE ESTEIRA,0.367394504135336,0.6106462236039909,TREPIDACAO DE ESTEIRA,0.9999997019767761,,False,RARE_CLASS,,,,,,
178,44.2367,AJUSTES NOS PARAMETROS DO REJEITO ( ORDEM - 30008270511 ),FALHA DE PARAMETRIZACAO DO REJEITO,REJEICAO,1,SINGLETON,FALHA DE PARAMETRIZACAO DO REJEITO,1.0,FALHA DE REJEICAO,0.37957227508073443,SEM MODO DE FALHA IDENTIFICADO,0.16398852040672285,0.6204277249192656,FALHA DE PARAMETRIZACAO DO REJEITO,0.9999998211860657,,False,RARE_CLASS,,,,,,
179,44.1048,FALHA DE TERMICO DESARME DO MOTOR MAGAZINE DE PALETE ORDEM 30008563309,DESARME TERMICO,TEMPERATURA,2,LOW_SUPPORT_6_10,FALHA DE MAGAZINE,1.0,DESARME DE MOTOR,0.7970889791663976,FALHA DE MOTOR,0.6604264419356894,0.20291102083360235,DESARME TERMICO,0.4161328673362732,,False,RARE_CLASS,,,,,,
180,44.0995,"TWISTER COM DESGASTE, DERRUBANDO MUITAS LATAS PARA ENTRADA DA EMPACOTADORA",FALHA DE TWISTER,OTHER_UNKNOWN,4,LOW_SUPPORT_6_10,QUEDA DE LATAS,1.0,AMASSAMENTO DE LATAS,0.45571130960958584,FALHA DE TWISTER,0.27871045683401907,0.5442886903904142,QUEDA DE LATAS,0.3194638192653656,FALHA DE TWISTER -> QUEDA DE LATAS (3),False,RARE_CLASS | PERSISTENT_CONFUSION | MODEL_PROTOTYPE_FAMILY_DISAGREEMENT,,,,,,
181,44.0568,"FALHA NA PEGA DE GARRAFAS ,",FALHA DE PEGADOR,PEGADOR,19,HEALTHY_GT20,FALHA NA PEGA DE GARRAFAS,1.0,FALHA NA PEGADA DE CAMADA,0.7140866456724267,QUEDA DE GARRAFAS,0.7042342053252513,0.28591335432757325,FALHA NA PEGA DE GARRAFAS,0.7212336659431458,FALHA DE PEGADOR -> FALHA NA PEGA DE GARRAFAS (3),False,PERSISTENT_CONFUSION | MODEL_PROTOTYPE_FAMILY_DISAGREEMENT,,,,,,
182,44.0017,VÁLVULA 27 COM PARAFUSO SOLTO APÓS REVISÃO EM PCM OCASIONANDO FALHA NA INSERÇÃO DE CAPA CIP,FALHA DE FIXACAO DA VALVULA,VALVULA,1,SINGLETON,FALHA DE FIXACAO DA VALVULA,1.0,FALHA DE VALVULA,0.3786591475156413,FALHA DE INSPECAO,0.16662317192160317,0.6213408524843587,FALHA DE FIXACAO DA VALVULA,0.9999994039535522,,False,RARE_CLASS,,,,,,
183,43.9712,FALHA NO ACÚMULO DE TAMPAS DO BUFFER,ACUMULO TAMPAS BUFFER FALHA,TAMPA,1,SINGLETON,ACUMULO TAMPAS BUFFER FALHA,1.0,ENROSCO DE TAMPAS,0.3591944576919016,FALHA DE ALIMENTACAO DE TAMPAS,0.275957652451668,0.6408055423080984,ACUMULO TAMPAS BUFFER FALHA,0.9999996423721313,,False,RARE_CLASS,,,,,,
184,43.9106,"COLISÃO DO ROBO COM PALETE MONTADO , APÓS ISSO FALHAS NO PEGADOR DE CARTÃO",COLISAO DO ROBO COM PALETE,ROBO,1,SINGLETON,COLISAO DO ROBO COM PALETE,1.0,FALHA DE ROBO,0.3721469651764937,FALHA DE PEGADOR,0.25054889705752664,0.6278530348235063,COLISAO DO ROBO COM PALETE,0.9999997019767761,,False,RARE_CLASS,,,,,,
185,43.9072,ALTERAÇÃO DA ALTURA DO CABEÇOTE,FALHA DE POSICIONAMENTO DO CABECOTE,CABECOTE,1,VERY_RARE_2_3,ALTERACAO DA VELOCIDADE DO DEVICER,1.0,FALHA DE SENSOR,0.514787906682134,SEM MODO DE FALHA IDENTIFICADO,0.5092891780167531,0.48521209331786597,ALTERACAO DA VELOCIDADE DO DEVICER,0.3794519603252411,,False,RARE_CLASS | MODEL_PROTOTYPE_FAMILY_DISAGREEMENT,,,,,,
186,43.8754,CORREIA DA MESA DE ENVOLVIMENTO PATINANDO,FALHA DE CORREIA,CORREIA,10,MEDIUM_11_20,PATINAGEM DE ESTEIRA,1.0,FALHA DE CORREIA,0.7767297383149622,QUEBRA DE CORREIA,0.632262995462999,0.22327026168503783,PATINAGEM DE ESTEIRA,0.566535472869873,FALHA DE CORREIA -> PATINAGEM DE ESTEIRA (2),False,PERSISTENT_CONFUSION,,,,,,
187,43.8701,TRAVAMENTO DA PINÇA NUMERO 12,TRAVAMENTO DE PINCA,PINCA,1,VERY_RARE_2_3,TRAVAMENTO DE PINCA,1.0,FALHA DE PINCA,0.4624671222512702,TRAVAMENTO DE SEGMENTOS,0.13351134801711953,0.5375328777487298,TRAVAMENTO DE PINCA,0.9999998807907104,,False,RARE_CLASS,,,,,,
188,43.853,"EIXO DA BANDEIROLA , TORTO , OCASIONANDO ENROSCOS NA SAIDA DA LAVADORA",DEFORMACAO DE EIXO,EIXO,1,SINGLETON,DEFORMACAO DE EIXO,1.0,QUEBRA DE EIXO,0.35245385697532183,DESALINHAMENTO DE EIXO,0.2669704665713574,0.6475461430246782,DEFORMACAO DE EIXO,1.0000003576278687,,False,RARE_CLASS,,,,,,
189,43.8475,QUEBRA PARAFUSO DO FREIO NA ENCAIXATADORA ORDEM: 13126307,QUEBRA DE PARAFUSO,OTHER_UNKNOWN,8,MEDIUM_11_20,FALHA DE FREIO,1.0,QUEBRA DE PARAFUSO,0.9769160213368782,QUEBRA DE COMPONENTE,0.4997979442818993,0.02308397866312184,QUEBRA DE PARAFUSO,0.38807055354118347,QUEBRA DE PARAFUSO -> FALHA DE FREIO (3),False,PERSISTENT_CONFUSION,,,,,,
190,43.8177,"PILHA DE PALLET VAZIOS MONTOU TORTA, NA SAIDA A MAGAZINE TROMBOU NA BARREIRA DERRUBANDO OS PALLETS DA MAGAZINE",DESALINHAMENTO DE PILHA DE PALETES,PALETE,1,SINGLETON,DESALINHAMENTO DE PILHA DE PALETES,1.0,FALHA DE MAGAZINE,0.3638795352660313,FALHA DE BARREIRA,0.22542107158048824,0.6361204647339687,DESALINHAMENTO DE PILHA DE PALETES,1.000000238418579,,False,RARE_CLASS,,,,,,
191,43.7997,"PATINS SAINDO DO TRILHO, VIRANDO PACOTE PARA A FORMAÇÃO DE CAMADA",FALHA DE PATINS,PATINS,9,MEDIUM_11_20,PATINS FORA DE POSICAO,1.0,FALHA DE PATINS,0.9568057260333537,FALHA DE FORMACAO DE CAMADA,0.7231166876164977,0.043194273966646324,PATINS FORA DE POSICAO,0.7328999042510986,,False,DIVERSITY_COVERAGE,,,,,,
192,43.7825,ACIONANDO ALARME DE REJEITO OBSTRUIDO ALEATORIAMENTE,FALSO ALARME DE REJEITO OBSTRUIDO,REJEICAO,1,SINGLETON,FALSO ALARME DE REJEITO OBSTRUIDO,1.0,FALHA DE REJEICAO,0.362794025190367,FALHA DE ENCHIMENTO,0.1692607616576153,0.637205974809633,FALSO ALARME DE REJEITO OBSTRUIDO,0.9999994039535522,,False,RARE_CLASS,,,,,,
193,43.7774,FALHA NYLON DO TENSOR DE ROTULOS DO AGREGADO 2 ORDEM: 30008219040,FALHA DO TENSOR DE ROTULOS,ROTULO,1,SINGLETON,FALHA DO TENSOR DE ROTULOS,1.0,ENROSCO DE ROTULOS,0.33178425317321586,FALHA DE ROTULAGEM,0.28572393393541984,0.6682157468267842,FALHA DO TENSOR DE ROTULOS,0.9999999403953552,,False,RARE_CLASS,,,,,,
194,43.7264,QUEBRA DO ELO DA CORRENTE DO MAGAZINE DE PALETE .,QUEBRA DE CORRENTE,CORRENTE,4,LOW_SUPPORT_6_10,QUEBRA DE CORRENTE,1.0,FALHA DE MAGAZINE,0.8686199612875075,FALHA DE FIXACAO DA CORRENTE DE ELEVACAO,0.34207504539795813,0.1313800387124925,QUEBRA DE CORRENTE,0.6106908321380615,,False,RARE_CLASS,,,,,,
195,43.6153,FALHA TRANSPORTE ÁREA EXTERNA EM FRENTE A LAVADORA PARADOS,PARADA DE TRANSPORTE,TRANSPORTE,1,SINGLETON,PARADA DE TRANSPORTE,1.0,FALHA DE TRANSPORTE,0.34792854900100206,FALHA DE INVERSOR,0.16481422338274979,0.652071450998998,PARADA DE TRANSPORTE,1.000000238418579,,False,RARE_CLASS,,,,,,
196,43.6122,ESTOURO DO TUBETE E FALHA NO SINCRONISMO DE CORTE,ROMPIMENTO DE TUBETE,OTHER_UNKNOWN,1,SINGLETON,ROMPIMENTO DE TUBETE,1.0,FALHA NO CORTE DE TUBETES,0.3726601026459152,FALHA DE SINCRONISMO,0.33572854116656076,0.6273398973540848,ROMPIMENTO DE TUBETE,0.9999998211860657,,False,RARE_CLASS,,,,,,
197,43.6063,FALHA NO SECADOR DE GARRAFAS,FALHA DO SECADOR DE GARRAFAS,GARRAFA,1,VERY_RARE_2_3,FALHA DO SECADOR DE GARRAFAS,1.0,QUEDA DE GARRAFAS,0.6882438430878273,CRASH DE GARRAFAS,0.43032363010594543,0.31175615691217273,FALHA DO SECADOR DE GARRAFAS,0.62583988904953,,False,RARE_CLASS,,,,,,
198,43.6047,TRAVAMENTO DO DEVISER( PATINS) 30008241862,TRAVAMENTO DE PATINS,PATINS,1,SINGLETON,TRAVAMENTO DE PATINS,1.0,FALHA DE PATINS,0.3496752916114556,TRAVAMENTO DE SEGMENTOS,0.1914622083401726,0.6503247083885444,TRAVAMENTO DE PATINS,0.9999995231628418,,False,RARE_CLASS,,,,,,
199,43.6028,"FALSA REJEIÇÃO DE GARRAFAS, CAMERA 4",FALHA DE LEITURA,OTHER_UNKNOWN,1,VERY_RARE_2_3,FALHA DE LEITURA,1.0,FALHA DE REJEICAO,0.4877360080108265,FALHA DE CAMERA,0.2664007864498202,0.5122639919891735,FALHA DE LEITURA,1.0000001192092896,,False,RARE_CLASS,,,,,,
200,43.5963,"GUIA DA ESTEIRA DE GARRAFAS DA EMPACOTADORA APERTADO, PRENDENDO GARRAFA E CAINDO NA BARRA DE ARRASTE - ORDEM: 30008738239",DESAJUSTE DE GUIA,GUIA,1,SINGLETON,DESAJUSTE DE GUIA,1.0,FALHA DE GUIA,0.355891152801118,ENROSCO DE GARRAFAS,0.21851480378846658,0.6441088471988821,DESAJUSTE DE GUIA,1.0,,False,RARE_CLASS,,,,,,
201,43.5683,FALHA NO PRE ESGUICHO,FALHA DE PRE ENXAGUE,OTHER_UNKNOWN,1,SINGLETON,FALHA DE PRE ENXAGUE,1.0,FALHA DE ENCHIMENTO,0.36798276266614427,FALHA DE FIXACAO,0.312257209175178,0.6320172373338557,FALHA DE PRE ENXAGUE,0.9999998807907104,,False,RARE_CLASS,,,,,,
202,43.5624,MÁQUINA DESLIGANDO SOZINHA OCASIONADO FALTA DE LATAS NO TRANSPORTE,FALHA DE ALIMENTACAO DE LATAS,LATA,1,SINGLETON,FALHA DE ALIMENTACAO DE LATAS,1.0,ENROSCO DE LATAS,0.35126495488235204,FALHA DE TRANSPORTE DE LATAS,0.2149490143904532,0.6487350451176479,FALHA DE ALIMENTACAO DE LATAS,0.9999999403953552,,False,RARE_CLASS,,,,,,
203,43.5482,TESOURA PREDENDORA DE FILME EM FALHA,FALHA DE TESOURA DE FILME,FILME,1,SINGLETON,FALHA DE TESOURA DE FILME,1.0,FALHA DE CORTE DE FILME,0.32195101797579595,ROMPIMENTO DE FILME,0.30490461974173283,0.678048982024204,FALHA DE TESOURA DE FILME,0.9999997615814209,,False,RARE_CLASS,,,,,,
204,43.502,ESTEIRA COM DEGRAU,DESNIVELAMENTO DE ESTEIRA,ESTEIRA,2,RARE_4_5,DESNIVELAMENTO DE ESTEIRA,1.0,ESCAPE DE ESTEIRA,0.3898315092165939,QUEBRA DE ESTEIRA,0.36876460767182123,0.6101684907834062,DESNIVELAMENTO DE ESTEIRA,1.000000238418579,,False,RARE_CLASS | PERSISTENT_CONFUSION,,,,,,
205,43.4833,ROLETE DE ENTRADA DA PALETIZADORA TRAVADO (NOTA 13188166),TRAVAMENTO DE ROLETES,ROLETE,8,MEDIUM_11_20,FALHA DE ROLETES,1.0,TRAVAMENTO DE ROLETES,0.7743533028270025,PATINAMENTO DE ROLETE,0.4829494980993524,0.22564669717299746,ROMPIMENTO DE ESTEIRA LONA,0.3054695129394531,TRAVAMENTO DE ROLETES -> FALHA DE ROLETES (3),False,PERSISTENT_CONFUSION,,,,,,
206,43.3897,"FALHA EXTRAÇÃO DE RÓTULOS, EXCESSO GERANDO PARADA LINATRONIC",FALHA DE EXTRACAO DE ROTULOS,ROTULO,1,SINGLETON,FALHA DE EXTRACAO DE ROTULOS,1.0,ENROSCO DE ROTULOS,0.33256988114661556,FALHA DE ROTULAGEM,0.27901181799645686,0.6674301188533844,FALHA DE EXTRACAO DE ROTULOS,1.000000238418579,,False,RARE_CLASS,,,,,,
207,43.3397,TRAVAMENTO POR FALTA DE GRAXA,FALHA DE LUBRIFICACAO,OTHER_UNKNOWN,1,VERY_RARE_2_3,FALHA DE LUBRIFICACAO,1.0,FALHA DE SUPRIMENTO DE AR COMPRIMIDO,0.8583993988465385,TRAVAMENTO DE SEGMENTOS,0.5635753412082372,0.14160060115346151,FALHA DE LUBRIFICACAO,0.372979074716568,,False,RARE_CLASS,,,,,,
208,43.3156,"VAZAMENTO DE AGUA NO FILTRO POLIDOR,GERANDO FALHA NOS JATOS FINAIS.",VAZAMENTO,OTHER_UNKNOWN,1,VERY_RARE_2_3,FALHA DE PRESSAO DOS JATOS,1.0,FALHA DE FILTRO,0.3587950261401747,VAZAMENTO EM VALVULA,0.3302512303096528,0.6412049738598253,FALHA DE PRESSAO DOS JATOS,0.423866331577301,VAZAMENTO -> FALHA DE PRESSAO DOS JATOS (3),False,RARE_CLASS | PERSISTENT_CONFUSION,,,,,,
209,43.199,GARRAFAS ENTRANDO TORTAS NAS ARTICULAÇÕES 30008310557,GARRAFAS FORA DE POSICAO,GARRAFA,1,SINGLETON,GARRAFAS FORA DE POSICAO,1.0,ENROSCO DE GARRAFAS,0.34352729897347345,GARRAFAS TORTAS NA SAIDA DO RINSER,0.20364914069104098,0.6564727010265266,GARRAFAS FORA DE POSICAO,1.000000238418579,,False,RARE_CLASS,,,,,,
210,43.1874,SAINDO GFS COM TAMPA TORTA,SAIDA DE GARRAFAS COM TAMPA TORTA,TAMPA,2,VERY_RARE_2_3,SAIDA DE GARRAFAS COM TAMPA TORTA,1.0,FALHA DE TAMPAMENTO,0.37960314438822995,ENROSCO DE TAMPAS,0.3491442529228533,0.62039685561177,SAIDA DE GARRAFAS COM TAMPA TORTA,0.9999999403953552,,False,RARE_CLASS,,,,,,
211,43.1388,FALHA NO SISTEMA DE CORTE,FALHA NO CORTE DE TUBETES,OTHER_UNKNOWN,8,MEDIUM_11_20,FALHA DE CORTE DE FILME,1.0,FALHA NO CORTE DE TUBETES,0.6140187666567735,FALHA DE ELEVADOR,0.5516526940785401,0.38598123334322654,FALHA NO CORTE DE TUBETES,0.49799948930740356,FALHA NO CORTE DE TUBETES -> FALHA DE CORTE DE FILME (3),False,PERSISTENT_CONFUSION,,,,,,
212,43.1374,FALHA ELETRICA NO TRASPORTE DE SAIDA DE ENCAIXOTADORA,FALHA ELETRICA DO TRANSPORTE,ELETRICO,1,VERY_RARE_2_3,FALHA ELETRICA DO TRANSPORTE,1.0,FALHA ELETRICA SEM COMPONENTE IDENTIFICADO,0.3976138429315959,FALHA ELETRICA DO TRANSPORTE DE ENTRADA,0.3166094171913546,0.6023861570684041,FALHA ELETRICA DO TRANSPORTE,0.6816271543502808,FALHA ELETRICA DO TRANSPORTE -> FALHA ELETRICA SEM COMPONENTE IDENTIFICADO (2),False,RARE_CLASS | PERSISTENT_CONFUSION,,,,,,
213,43.111,PALLET PARADO NA MESA GIRATORIA DE PALLETS,PALLET PARADO NA MESA,MESA,1,SINGLETON,PALLET PARADO NA MESA,1.0,FALHA DA MESA GIRATORIA,0.30273310129098857,TRAVAMENTO DE PALETE,0.20257665909496675,0.6972668987090114,PALLET PARADO NA MESA,0.9999998211860657,,False,RARE_CLASS,,,,,,
214,43.0243,"AJUSTE POS SETUP DA REGUA ULTRASSONICA, GARRAFAS TOMBANDO E PRENDENDO NA REGUA",SEM MODO DE FALHA IDENTIFICADO,OTHER_UNKNOWN,69,HEALTHY_GT20,QUEDA DE GARRAFAS,1.0,ENROSCO DE GARRAFAS,0.9012747796237964,SEM MODO DE FALHA IDENTIFICADO,0.7645387277899477,0.09872522037620357,FALHA NO SUPRIMENTO DE AGUA,0.46944937109947205,SEM MODO DE FALHA IDENTIFICADO -> QUEDA DE GARRAFAS (2),False,PERSISTENT_CONFUSION | MODEL_PROTOTYPE_FAMILY_DISAGREEMENT,,,,,,
215,42.9595,FALHA NO ALIMENTADOR DE TAMPA TRAVADAS EM ALIMENTAÇÃODE TAMPA.,TRAVAMENTO NA ALIMENTACAO DE TAMPAS,TAMPA,2,VERY_RARE_2_3,TRAVAMENTO NA ALIMENTACAO DE TAMPAS,1.0,FALHA DE ALIMENTACAO DE TAMPAS,0.3697872960766188,ENROSCO DE TAMPAS,0.306909660046283,0.6302127039233811,TRAVAMENTO NA ALIMENTACAO DE TAMPAS,0.9999998211860657,,False,RARE_CLASS,,,,,,
216,42.9222,ROBO PERDEU REFERENCIA NA ENTRADA DE UMA PILHA DE PALETES,PERDA DE REFERENCIA DO ROBO,ROBO,1,SINGLETON,PERDA DE REFERENCIA DO ROBO,1.0,FALHA DE ROBO,0.3288293457947266,PERDA DE REFERENCIA,0.15191720421670712,0.6711706542052733,PERDA DE REFERENCIA DO ROBO,1.0000001192092896,,False,RARE_CLASS,,,,,,
217,42.8682,FALHA NA VALVULA DE AGUA DO TANQUE 1 ( 30008362135 ) VÁLVULA EM MANUAL,FALHA DE VALVULA DE AGUA,VALVULA,2,VERY_RARE_2_3,FALHA DE VALVULA DE AGUA,1.0,FALHA DE VALVULA,0.370139185818221,FALHA DE VALVULA DE ENCHIMENTO,0.32561461994189517,0.629860814181779,FALHA DE VALVULA DE AGUA,1.0000001192092896,,False,RARE_CLASS,,,,,,
218,42.8168,FALTA DE PEÇA DO EIXO DO ROOALMENTO CAUSANDO FALTA DE TAMPAS,QUEBRA NO EIXO DA TAMPA DO ARROLHADOR,TAMPA,1,VERY_RARE_2_3,QUEBRA NO EIXO DA TAMPA DO ARROLHADOR,1.0,FALHA DE ALIMENTACAO DE TAMPAS,0.5984824527917257,QUEBRA DE EIXO,0.45201208109612495,0.40151754720827426,QUEBRA NO EIXO DA TAMPA DO ARROLHADOR,0.6779994964599609,,False,RARE_CLASS,,,,,,
219,42.7894,"PASSAGEM DE BEBIDA PARA O DRENO, ORDEM : 30008839232",VAZAMENTO DE PRODUTO,OTHER_UNKNOWN,1,SINGLETON,VAZAMENTO DE PRODUTO,1.0,SEM MODO DE FALHA IDENTIFICADO,0.33062161452842354,ESPUMAMENTO DE BEBIDA,0.2925400413758622,0.6693783854715765,VAZAMENTO DE PRODUTO,1.000000238418579,,False,RARE_CLASS,,,,,,
220,42.7634,NIVEL BAIXO DE BEBIDA NO RESERVATÓRIO DO DESAERADOR DEVIDO SENSOR DE NÍVEL EM FALHA,FALHA DE SENSOR,SENSOR,283,HEALTHY_GT20,FALHA DE SENSOR,1.0,FALHA DE ENCHIMENTO,0.9057198396539593,FALHA DE SERVO MOTOR,0.1995182077445781,0.0942801603460407,FALHA DE ENCHIMENTO,0.3164621591567993,FALHA DE SENSOR -> FALHA DE ENCHIMENTO (2),False,PERSISTENT_CONFUSION | MODEL_PROTOTYPE_FAMILY_DISAGREEMENT,,,,,,
221,42.7478,FALTA DE AGUA NA REGUA ULTRASSONICA,FALHA NO SUPRIMENTO DE AGUA,OTHER_UNKNOWN,1,SINGLETON,FALHA NO SUPRIMENTO DE AGUA,1.0,SEM MODO DE FALHA IDENTIFICADO,0.33381226700447375,FALHA DE SUPRIMENTO DE AR COMPRIMIDO,0.2051260544529176,0.6661877329955262,FALHA NO SUPRIMENTO DE AGUA,1.0000001192092896,,False,RARE_CLASS,,,,,,
222,42.7235,"EXECESSO DE REJITO POR NITROGENIO BAIXO ,NECESARIO FAZER ALTERAÇAO NA RECIETA DE DOZAGEM",FALHA DE DOSAGEM DE NITROGENIO,DOSAGEM,1,SINGLETON,FALHA DE DOSAGEM DE NITROGENIO,1.0,FALHA NO DOSADOR DE NITROGENIO,0.23502282385718654,FALHA DE DOSAGEM,0.2118525126894678,0.7649771761428135,FALHA DE DOSAGEM DE NITROGENIO,0.999999463558197,,False,RARE_CLASS,,,,,,
223,42.7194,FALHA DE ENCHIMENTO 30008625992,FALHA DE ENCHIMENTO,ENCHIMENTO,95,HEALTHY_GT20,FALHA DE ENCHIMENTO,1.0,FALHA DE VALVULA DE ENCHIMENTO,0.7225871742847142,FALHA DE BARREIRA,0.28092963621934075,0.2774128257152858,FALHA DE VALVULA DE ENCHIMENTO,0.469334214925766,FALHA DE ENCHIMENTO -> FALHA DE VALVULA DE ENCHIMENTO (16),False,PERSISTENT_CONFUSION,,,,,,
224,42.6813,"PARAFUSO DE FIXAÇÃO DA MESA DE CARGA SAINDO APERTO, FOI PRECISO SUBSTITUIR, ORDEM : 30008862422",AFROUXAMENTO DE PARAFUSO DE FIXACAO,OTHER_UNKNOWN,1,SINGLETON,AFROUXAMENTO DE PARAFUSO DE FIXACAO,1.0,FALHA DE FIXACAO,0.3267983856408031,FALHA DE ENCHIMENTO,0.15748419381611065,0.6732016143591969,AFROUXAMENTO DE PARAFUSO DE FIXACAO,0.9999997019767761,,False,RARE_CLASS,,,,,,
225,42.6757,"ENCHIMENTO DE 100% DO CARBONATADOR, GERANDOGAS BAIXO E LATAS VAZIASORDEM: 30008872877",FALHA DE CONTROLE DE NIVEL DO CARBONATADOR,CARBONATACAO,1,SINGLETON,FALHA DE CONTROLE DE NIVEL DO CARBONATADOR,1.0,FALHA DE ENCHIMENTO,0.2965812882107558,FALHA DE CARBONATACAO,0.2827555429372077,0.7034187117892442,FALHA DE CONTROLE DE NIVEL DO CARBONATADOR,1.0000003576278687,,False,RARE_CLASS,,,,,,
226,42.6751,"FALHA BATEDOR DE CAIXAS, OCASIONANDO A FALHA PASSAGEM DE CAIXAS NA ENTRADA DA PALETIZADORA",FALHA DE BATEDOR DE CAIXAS,CAIXA,1,SINGLETON,FALHA DE BATEDOR DE CAIXAS,1.0,ENROSCO DE CAIXAS,0.31152860351445877,ENROSCO DE PACOTES,0.15937486216968483,0.6884713964855412,FALHA DE BATEDOR DE CAIXAS,1.0,,False,RARE_CLASS,,,,,,
227,42.6667,COLETOR EM FALHA,FALHA DE COLETOR,OTHER_UNKNOWN,1,SINGLETON,FALHA DE COLETOR,1.0,VAZAMENTO EM COLETOR,0.32522503159791183,VAZAMENTO NO COLETOR COM GAS BAIXO,0.17087705093194552,0.6747749684020882,FALHA DE COLETOR,1.0000001192092896,,False,RARE_CLASS,,,,,,
228,42.6291,TRASPORTE DE PACOTES QUEBRADO 30008857467,QUEBRA DE TRECHO DO TRANSPORTE,TRANSPORTE,1,SINGLETON,QUEBRA DE TRECHO DO TRANSPORTE,1.0,QUEBRA DE TRANSPORTE,0.31115508162582856,QUEBRA DE ESTEIRA,0.2241716949748994,0.6888449183741714,QUEBRA DE TRECHO DO TRANSPORTE,0.9999997019767761,,False,RARE_CLASS,,,,,,
229,42.6237,FALHA TUNEL SECAGEM DE ROTULOS NA ENTRADA DA ROTULADORA,FALHA DE SECAGEM DE ROTULO,ROTULO,2,VERY_RARE_2_3,FALHA DE SECAGEM DE ROTULO,1.0,FALHA DE ROTULAGEM,0.3482814847023042,ENROSCO DE ROTULOS,0.3307920478998124,0.6517185152976959,FALHA DE SECAGEM DE ROTULO,0.9999998211860657,,False,RARE_CLASS,,,,,,
230,42.5742,FALHA NO CALCULO DE CURVA DA RECEITA DE 200ML (ORDEM: 30008776224),FALHA DE PARAMETRIZACAO DE RECEITA,OTHER_UNKNOWN,1,SINGLETON,FALHA DE PARAMETRIZACAO DE RECEITA,1.0,SEM MODO DE FALHA IDENTIFICADO,0.31883610604350393,FALHA DE SENSOR,0.24841496227721319,0.6811638939564961,FALHA DE PARAMETRIZACAO DE RECEITA,1.0000004768371582,,False,RARE_CLASS,,,,,,
231,42.5516,"PROBLEMA NO SENSORES ,FALTANDO GARRAFAS PARA A ENTRADA DA ENCHEDORA.",FALHA DE ALIMENTACAO DE GARRAFAS,GARRAFA,6,LOW_SUPPORT_6_10,FALHA DE SENSOR,1.0,ENROSCO DE GARRAFAS,0.5342167991862327,FALHA DE MOTOR,0.3183120351166141,0.46578320081376734,ENROSCO DE GARRAFAS,0.23869097232818604,FALHA DE ALIMENTACAO DE GARRAFAS -> FALHA DE SENSOR (3),False,PERSISTENT_CONFUSION | MODEL_PROTOTYPE_FAMILY_DISAGREEMENT,,,,,,
232,42.4635,QUEDA DO PARAFUSO DA CORRENTE DE ELEVAÇÃO DO GARFO DO MAGAZINE DE PALETE,FALHA DE FIXACAO DA CORRENTE DE ELEVACAO,CORRENTE,1,SINGLETON,FALHA DE FIXACAO DA CORRENTE DE ELEVACAO,1.0,FALHA DE MAGAZINE,0.2955334932497694,QUEBRA DE CORRENTE,0.2931107843039872,0.7044665067502306,FALHA DE FIXACAO DA CORRENTE DE ELEVACAO,0.9999997019767761,,False,RARE_CLASS,,,,,,
233,42.4459,FALHA DE LINHA AMOSTRA BAIXA ORDEM: 30008427066,FALHA DE AMOSTRAGEM,OTHER_UNKNOWN,1,SINGLETON,FALHA DE AMOSTRAGEM,1.0,SEM MODO DE FALHA IDENTIFICADO,0.3142210644340707,FALHA DE ELAU,0.2043558128318697,0.6857789355659293,FALHA DE AMOSTRAGEM,0.9999999403953552,,False,RARE_CLASS,,,,,,
234,42.4287,TRAVAMENTO DO STOPER DE CAIXAS DA MESA DA PALETIZADORA,TRAVAMENTO DE STOPPER,STOPPER,1,RARE_4_5,TRAVAMENTO DE STOPPER,1.0,TRAVAMENTO DE TRANSPORTE,0.3666137919708265,TRAVAMENTO DE SEGMENTOS,0.12086532204377073,0.6333862080291734,TRAVAMENTO DE STOPPER,1.0000003576278687,,False,RARE_CLASS,,,,,,
235,42.4123,TENSIONAMENTO DA ESTEIRA DE ALIMENTAÇÃO DO DEVICER,FALHA DE TENSIONAMENTO DE ESTEIRA,ESTEIRA,1,SINGLETON,FALHA DE TENSIONAMENTO DE ESTEIRA,1.0,FALHA DE ESTEIRA,0.30978053367114494,QUEBRA DE ELO DE ESTEIRA,0.12865259882880478,0.690219466328855,FALHA DE TENSIONAMENTO DE ESTEIRA,0.9999998807907104,,False,RARE_CLASS,,,,,,
236,42.401,ENROSCO DA PERSIANA,FALHA DE PERSIANA,PERSIANA,1,SINGLETON,FALHA DE PERSIANA,1.0,TRAVAMENTO DE PERSIANA,0.2959751809107401,FALHA DE SENSOR,0.2108104189872242,0.70402481908926,FALHA DE PERSIANA,0.9999998807907104,,False,RARE_CLASS,,,,,,
237,42.3705,FALHA NA TROCA DO PALLET DE CARTÃO EM MODO AUTOMATICO,FALHA NA TROCA DE PALETE DE CARTAO,CARTAO,14,MEDIUM_11_20,FALHA NA TROCA DE PALETE DE FOLHA SEPARADORA,1.0,FALHA NA TROCA DE PALETE DE CARTAO,0.7988316216921605,FALHA NO MANUSEIO DE CARTAO,0.4201180450446619,0.2011683783078395,FALHA NA TROCA DE PALETE DE FOLHA SEPARADORA,0.6524323225021362,FALHA NA TROCA DE PALETE DE CARTAO -> FALHA NA TROCA DE PALETE DE FOLHA SEPARADORA (4),False,PERSISTENT_CONFUSION,,,,,,
238,42.3587,PATINS ENTREGANDO PACOTE ERRADO NO CANAL A,FALHA DE DIRECIONAMENTO DE PACOTES,PACOTE,1,SINGLETON,FALHA DE DIRECIONAMENTO DE PACOTES,1.0,ENROSCO DE PACOTES,0.297077022189469,FALHA DE PATINS,0.25673163668404475,0.702922977810531,FALHA DE DIRECIONAMENTO DE PACOTES,0.9999997615814209,,False,RARE_CLASS,,,,,,
239,42.3385,VELOCIDADE ABAIXO DA NOMINAL DEVIDO COPALSO DAS LATAS,COLAPSO DE LATAS,LATA,6,LOW_SUPPORT_6_10,AMASSAMENTO DE LATAS,1.0,COLAPSO DE LATAS,0.8501005305358702,ENROSCO DE GARRAFAS,0.6398609555712002,0.1498994694641298,COLAPSO DE LATAS,0.30717575550079346,COLAPSO DE LATAS -> AMASSAMENTO DE LATAS (2),False,PERSISTENT_CONFUSION,,,,,,
240,42.3367,GUIA DO PESCOÇO DA GARRAFAS FORA DE POSIÇÃO 30008241870,DESALINHAMENTO DE GUIA,GUIA,7,LOW_SUPPORT_6_10,DESALINHAMENTO DE GUIA,1.0,FALHA DE GUIA,0.9548575870670253,FALHA DE SENSOR,0.5619914902002998,0.04514241293297472,DESALINHAMENTO DE PALETE,0.4051666259765625,,False,DIVERSITY_COVERAGE,,,,,,
241,42.3067,PERDA DE SONCRONISMO NA MESA DE SEGMENTO,FALHA DE SEGMENTOS,SEGMENTO,1,VERY_RARE_2_3,FALHA DE SEGMENTOS,1.0,TRAVAMENTO DE SEGMENTOS,0.3830298949811213,FALHA DE SINCRONISMO,0.19100008707777685,0.6169701050188787,FALHA DE SEGMENTOS,0.9999999403953552,,False,RARE_CLASS,,,,,,
242,42.2756,PARAFUSO ESPANOU NO TRANSPORTE 30008867087,ESPANAMENTO DE PARAFUSO,OTHER_UNKNOWN,1,SINGLETON,ESPANAMENTO DE PARAFUSO,1.0,QUEBRA DE PARAFUSO,0.30841513452806735,FALHA DE FIXACAO,0.2834029290175905,0.6915848654719327,ESPANAMENTO DE PARAFUSO,1.000000238418579,,False,RARE_CLASS,,,,,,
243,42.2695,"TRANSPORTE DA FILTEC QUEBROU, ORDEM :30008768532",QUEBRA DE TRANSPORTE,TRANSPORTE,6,LOW_SUPPORT_6_10,FALHA DE INSPECAO,1.0,QUEBRA DE ESTEIRA,0.7502574908828482,QUEBRA DE TRANSPORTE,0.7328089160774763,0.2497425091171518,QUEBRA DE TRANSPORTE,0.24864056706428528,QUEBRA DE TRANSPORTE -> FALHA DE INSPECAO (3),False,PERSISTENT_CONFUSION,,,,,,
244,42.2646,TRAVAMENTO DE GARRAFA NA SAIDA DA LAVADORA,TRAVAMENTO DE GARRAFAS NA SAIDA DA LAVADORA,GARRAFA,1,VERY_RARE_2_3,TRAVAMENTO DE GARRAFAS NA SAIDA DA LAVADORA,1.0,ENROSCO DE GARRAFAS,0.40310258113451164,QUEDA DE GARRAFAS,0.26903016429932197,0.5968974188654883,TRAVAMENTO DE GARRAFAS NA SAIDA DA LAVADORA,0.9999999403953552,,False,RARE_CLASS,,,,,,
245,42.2353,FALHA DE RESFRIAMENTO NO PINO DE ENXAGUE ENCHEDORA,FALHA DE RESFRIAMENTO,OTHER_UNKNOWN,1,SINGLETON,FALHA DE RESFRIAMENTO,1.0,SEM MODO DE FALHA IDENTIFICADO,0.3024535730539652,FALHA DE PRESSAO DE AGUA,0.22309088419595371,0.6975464269460347,FALHA DE RESFRIAMENTO,0.9999997019767761,,False,RARE_CLASS,,,,,,
246,42.2231,ENROSCO DO QUADRO SUPERIOR,ENROSCO DE CARTAO QUADRO,CARTAO,1,SINGLETON,ENROSCO DE CARTAO QUADRO,1.0,FALHA NO MANUSEIO DE CARTAO,0.2945150055047486,ENROSCO DE TAMPAS,0.1986161138182573,0.7054849944952515,ENROSCO DE CARTAO QUADRO,1.000000238418579,,False,RARE_CLASS,,,,,,
247,42.2009,FALHA DIMENSIONAMENTO DE CAMADAS. ORDEM- 30008478955,FALHA DE DIMENSIONAMENTO DE CAMADA,CAMADA,1,VERY_RARE_2_3,FALHA DE DIMENSIONAMENTO DE CAMADA,1.0,FALHA DE FORMACAO DE CAMADA,0.30483697184167363,FALHA DE COMPACTACAO DE CAMADA,0.24311064587874567,0.6951630281583263,FALHA DE DIMENSIONAMENTO DE CAMADA,0.999999463558197,,False,RARE_CLASS,,,,,,
248,42.1886,"FALHA DE PRESSURIZAÇÃO GERANDO FALHA NO NIVEL DE BEBIDA DE TANQUE, PARANDO ENC",FALHA DE PRESSAO,OTHER_UNKNOWN,1,VERY_RARE_2_3,FALHA DE PRESSAO,1.0,FALHA DE ENCHIMENTO,0.2132503569826573,ESPUMAMENTO DE BEBIDA,0.16560893089267525,0.7867496430173427,FALHA DE PRESSAO,1.0000005960464478,,False,RARE_CLASS | PERSISTENT_CONFUSION,,,,,,
249,42.1208,"CABO ROMPIDO NA PORTA DE ENTRADA DA DESPALETIZADORA, NAO ACIONANDO A LIBERAÇÃO DE PALETES",QUEBRA DE COMPONENTE,OTHER_UNKNOWN,18,HEALTHY_GT20,FALHA DE PORTA DE SEGURANCA,1.0,FALHA DE SENSOR,0.7893946155506543,FALHA DE ENVOLVIMENTO,0.7488959408675946,0.21060538444934573,FALHA DE PORTA DE SEGURANCA,0.2397821545600891,QUEBRA DE COMPONENTE -> FALHA DE PORTA DE SEGURANCA (2),False,PERSISTENT_CONFUSION | MODEL_PROTOTYPE_FAMILY_DISAGREEMENT,,,,,,
250,42.063,AJUSTES NA POSIÇÃO DA MASCRA,DESALINHAMENTO DE MASCARA,OTHER_UNKNOWN,1,SINGLETON,DESALINHAMENTO DE MASCARA,1.0,SEM MODO DE FALHA IDENTIFICADO,0.2969594465707121,DESALINHAMENTO MECANICO,0.21059796128534652,0.7030405534292878,DESALINHAMENTO DE MASCARA,0.9999998807907104,,False,RARE_CLASS,,,,,,
