run,seed,train_rows,test_rows,train_groups,test_groups,baseline_accuracy,context_accuracy,delta_accuracy,baseline_macro_f1,context_macro_f1,delta_macro_f1,baseline_weighted_f1,context_weighted_f1,delta_weighted_f1,baseline_top3,context_top3,delta_top3,baseline_group_accuracy,context_group_accuracy,delta_group_accuracy
1,20260917,1093,306,888,240,0.660131,0.683007,0.022876,0.499902,0.522148,0.022246,0.62788,0.654204,0.026324,0.846405,0.849673,0.003268,0.666667,0.683333,0.016666
2,20260918,1093,306,888,240,0.715686,0.712418,-0.003268,0.527338,0.520091,-0.007247,0.677155,0.677665,0.00051,0.849673,0.866013,0.01634,0.679167,0.675,-0.004167
3,20260919,1118,281,888,240,0.690391,0.697509,0.007118,0.479351,0.480614,0.001263,0.663382,0.667349,0.003967,0.864769,0.86121,-0.003559,0.666667,0.675,0.008333
4,20260920,1110,289,888,240,0.719723,0.712803,-0.00692,0.566642,0.543684,-0.022958,0.697874,0.684853,-0.013021,0.861592,0.868512,0.00692,0.704167,0.695833,-0.008334
5,20260921,1107,292,888,240,0.705479,0.715753,0.010274,0.541633,0.558874,0.017241,0.664783,0.679223,0.01444,0.842466,0.835616,-0.00685,0.6875,0.7,0.0125
6,20260922,1131,268,888,240,0.716418,0.723881,0.007463,0.527196,0.533414,0.006218,0.685237,0.687888,0.002651,0.854478,0.86194,0.007462,0.7,0.704167,0.004167
7,20260923,1122,277,888,240,0.700361,0.693141,-0.00722,0.553847,0.534749,-0.019098,0.66969,0.657407,-0.012283,0.851986,0.844765,-0.007221,0.695833,0.683333,-0.0125
8,20260924,1097,302,888,240,0.705298,0.695364,-0.009934,0.513852,0.486447,-0.027405,0.679047,0.669988,-0.009059,0.847682,0.844371,-0.003311,0.670833,0.658333,-0.0125
9,20260925,1099,300,888,240,0.683333,0.666667,-0.016666,0.48874,0.461226,-0.027514,0.658278,0.640017,-0.018261,0.85,0.86,0.01,0.666667,0.641667,-0.025
10,20260926,1103,296,888,240,0.685811,0.682432,-0.003379,0.478529,0.475152,-0.003377,0.653043,0.64535,-0.007693,0.851351,0.841216,-0.010135,0.670833,0.666667,-0.004166
11,20260927,1105,294,888,240,0.704082,0.717687,0.013605,0.507269,0.523287,0.016018,0.67535,0.691322,0.015972,0.833333,0.840136,0.006803,0.691667,0.708333,0.016666
12,20260928,1117,282,888,240,0.695035,0.702128,0.007093,0.539092,0.539219,0.000127,0.674533,0.678096,0.003563,0.861702,0.861702,0.0,0.679167,0.683333,0.004166
13,20260929,1113,286,888,240,0.671329,0.685315,0.013986,0.496452,0.518867,0.022415,0.635804,0.648128,0.012324,0.84965,0.86014,0.01049,0.65,0.666667,0.016667
14,20260930,1115,284,888,240,0.609155,0.630282,0.021127,0.447503,0.447919,0.000416,0.590929,0.604403,0.013474,0.816901,0.827465,0.010564,0.629167,0.65,0.020833
15,20260931,1105,294,888,240,0.765306,0.758503,-0.006803,0.599739,0.580043,-0.019696,0.728343,0.72585,-0.002493,0.870748,0.863946,-0.006802,0.745833,0.7375,-0.008333
16,20260932,1089,310,888,240,0.696774,0.706452,0.009678,0.532179,0.53048,-0.001699,0.681094,0.683559,0.002465,0.848387,0.858065,0.009678,0.679167,0.691667,0.0125
17,20260933,1111,288,888,240,0.701389,0.6875,-0.013889,0.511829,0.491643,-0.020186,0.677617,0.658625,-0.018992,0.857639,0.857639,0.0,0.679167,0.666667,-0.0125
18,20260934,1111,288,888,240,0.697917,0.701389,0.003472,0.507999,0.496123,-0.011876,0.668095,0.667468,-0.000627,0.8125,0.8125,0.0,0.675,0.679167,0.004167
19,20260935,1127,272,888,240,0.709559,0.709559,0.0,0.529782,0.527601,-0.002181,0.675628,0.672937,-0.002691,0.834559,0.852941,0.018382,0.691667,0.691667,0.0
20,20260936,1096,303,888,240,0.676568,0.683168,0.0066,0.496326,0.508527,0.012201,0.632667,0.634064,0.001397,0.825083,0.828383,0.0033,0.666667,0.670833,0.004166
