event_id,unit_code,unit_name,event_date,source_line_name,source_equipment_name,source_stop_type,source_stop_key_1,source_stop_subkey,observation,downtime_minutes,human_origin,human_notes
66833,BAAJ,Maringá,2026-01-16,LINHA007,INSPETOR GARRAFAS CHEIA HEUFT,P.EQ.LINHA,Sistema de instrumentos e cont,NULL,RENICIANDO INSPETOR DE ROTULOS APOS A TROCA DA PLACA.,6.21,MANUTENCAO,
65505,BAAI,Curitiba,2026-07-20,LINHA001,ALIMENTADOR TAMPAS LATA CSW LI,P.EQ.LINHA,Sistema Motriz,Cadeia danificada,FALHA NO CORTE DO PAPEL NOTA=13330590,20.40,INCONCLUSIVO,Descrição não informa a causa com segurança apenas pela observação.
59049,BAAG,Itabirito,2026-07-29,LINHA008,ENCHEDORA KHS L08,P.EQ.LINHA,Válvulas de enchimento,Válvula de enchimento danifica,"INTERVENÇÃO NAS VÁLVULAS DE ENCHIMENTO 140, 125, 98, 135 E 134.",60.00,INCONCLUSIVO,Descrição não informa a causa com segurança apenas pela observação.
17157,BAAD,Jundiaí,2026-06-22,LINHA016,PREPARADOR BEBIDAS KRONES L16,P.EQ.LINHA,Sistema de Bombeamento,NULL,BOMBA DE XAROPE EM FALHA DESARMANDO,30.00,MANUTENCAO,
55889,BAAG,Itabirito,2026-06-21,LINHA005,PALETIZADORA KHS L05,P.EQ.LINHA,Transporte de entrada,NULL,ERRO PROGRAMA DESATUALIZADO FALHA FORMAÇÃO DE CAMADAS PEGA DO ROBO EM ATRASO,2.00,MANUTENCAO,
20203,BAAD,Jundiaí,2026-08-06,LINHA011,EMPACOTADORA PAK L11,P.EQ.LINHA,Alimentação corte de filme,Corte desajustado,FALHA NA MESA DE ENVOLVIMENTO,30.00,INCONCLUSIVO,Descrição não informa a causa com segurança apenas pela observação.
17261,BAAD,Jundiaí,2026-06-23,LINHA021,MONTADORA DE CAIXAS SACMI L21,P.EQ.LINHA,ESTRUTURA,NULL,TROCA DAS BUCHAS DE ATICULAÇÃO DO BRAÇO FLAP,20.00,MANUTENCAO,
31265,BAAE,Mogi,2026-05-04,LINHA008,INSPETOR CHECKMAT FEM-K+L KRON,P.EQ.LINHA,MONITORACAO PRODUTO,NULL,"FALSO REJEITO DE RECIPIENTES PELA CODIFICAÇÃO, REALIZADO LIMPEZA DOS SENSORES",8.00,OPERACAO,
61702,BAAG,Itabirito,2026-08-21,LINHA007,EMPACOTADORA KHS L07,P.EQ.LINHA,Sistema aquecimento do forno,NULL,FUSÍVEL QUEIMADO OCASIONOU QUEDA NA TEMPERATURA DA ZONA 1 DE AQUECIMENTO DO FORNO PARANDO EQUIPAMENTO.,13.00,MANUTENCAO,
83127,BAAL,Antonio Carlos,2026-03-31,LINHA001,PROPORCIONADOR HOLSTEIN PRO RE,P.EQ.LINHA,Estrutura,NULL,TROCA DA VEDAÇÃO DA TUBULAÇÃO DE BEBIDA - NOTA 13219062,20.12,MANUTENCAO,
5551,BAAK,Marília,2026-03-26,LINHA002,PALETIZADORA KOMBI SID LI02,P.EQ.LINHA,Sistema de instrumentos e cont,NULL,PRANCHA DERRUBANDO  PACOTES,6.00,INCONCLUSIVO,Descrição não informa a causa com segurança apenas pela observação.
16489,BAAD,Jundiaí,2026-06-10,LINHA001,ALIMENTADOR DE TAMPAS,P.EQ.LINHA,NULL,NULL,ENROSCO DE TAMPA CAIDA NO CARROCEL.,10.00,OPERACAO,
5222,BAAK,Marília,2026-02-13,LINHA006,BOMBA RESFRIAMENTO DE FUNDO GA,P.EQ.LINHA,NULL,NULL,FALHA NA REFRIGERACAO DE FUNDO DA GARRAFA,2.40,MANUTENCAO,
89058,BAAO,Porto Alegre,2026-08-26,LINHA006,TRANSPORTE DE PACOTES,P.EQ.LINHA,Sistema Motriz,NULL,"ACUMULANDO PACOTES NO TRP, ATE PARAR A EMBALADORA",10.20,OPERACAO,
31359,BAAE,Mogi,2026-05-05,LINHA008,ALIMENTADOR DE TAMPA KRONES L0,P.EQ.LINHA,ALIMENTACAO TAMPAS,NULL,"ENROSCO DE TAMPA NO TRANSPORTADOR DE TAMPA CASCATA""""",10.00,OPERACAO,
80395,B0AC,Bauru,2026-07-09,LINHA001,CODIFICADORA 1620 VID LI01,P.EQ.LINHA,Sistema de Instrumentos e cont,NULL,FALHA NA TELA DA DATADORA - ORDEM 30008789007,60.00,MANUTENCAO,
15818,BAAD,Jundiaí,2026-05-26,LINHA033,CARTONADORA TTP LI33,P.EQ.LINHA,Transporte de Caixas,NULL,FALHA NO SISTEMA DE VACÚO NO TRANSPORTE DE CAIXAS.,40.00,MANUTENCAO,
78254,B0AC,Bauru,2026-01-09,LINHA006,ROTULADORA SUPERCOMBI SL100SSC,P.EQ.LINHA,SISTEMA ESTRUTURA SUPCO SL100S,NULL,"BOIA NIVEL DO TANQUE ENROSCOU CAUSANDO PARADA POR NIVEL VAZIO COLA , POREM O TANQUE ESTAVA CHEIO, AGUARDANDO ORDEM",10.00,MANUTENCAO,
80779,B0AC,Bauru,2026-08-20,LINHA006,TRANSP PACTS EMPAC PALET GEBO,P.EQ.LINHA,SISTEMA MOTRIZ GEBO SID,NULL,AJUSTE NA FIXAÇAO DO BRAÇO DO MOTOR            ORDEM Nº30008839260,20.00,MANUTENCAO,
34662,BAAE,Mogi,2026-06-18,LINHA008,ROBOBOX KRONES L08,P.EQ.LINHA,PRE AGRUPAMENTO 1,NULL,FALHA NA NA FORMAÇÃO DE PACOTES,14.62,INCONCLUSIVO,Descrição não informa a causa com segurança apenas pela observação.
68705,BAAJ,Maringá,2026-02-17,LINHA007,TRANSPORTE LAVADORA ENCHEDORA,P.EQ.LINHA,Instrumentos Medição,NULL,SOPRADOR DE GARRAFA CAIDA ANTES DO ASEBE NÃO ESTAVA FUNCIONANDO,11.93,MANUTENCAO,
64921,BAAI,Curitiba,2026-06-08,LINHA001,PALETIZADOR SANMARTIN LI01,P.EQ.LINHA,Sistema de instrumentos e cont,NULL,EQUPAMENTO SE PERDENDO NA CONTAGEM,10.00,MANUTENCAO,
66956,BAAJ,Maringá,2026-01-18,LINHA004,ENCHEDORA EUROTRONICA SID LI04,P.EQ.LINHA,SISTEMA DE ENCHIMENTO,NULL,FALHA DE ENCHIMENTO VALVULA N°41.,12.75,MANUTENCAO,
39510,BAAF,Campo Grande,2026-04-11,LINHA001,TRANSP ENCH ENCA/EMPAC KHS L01,P.EQ.LINHA,Cintas de transporte,Cadeia transportadora desajust,QUEDA DE GARRAFAS NA SAIDA DA SALA DE ENVASE.,2.86,INCONCLUSIVO,Descrição não informa a causa com segurança apenas pela observação.
59903,BAAG,Itabirito,2026-08-05,LINHA008,EMPACOTADORA 1 KHS L08,P.EQ.LINHA,Sistema de agrupação,Esteira de transp. Garrafas de,EMPACOTADORA RODANDO ABAIXO DA NOMINAL DEVIDO A AJUSTES E FALHAS DE SOLDAGEM (FIME IMPRESSO),11.96,OPERACAO,
6149,BAAK,Marília,2026-07-21,LINHA001,INSPETOR DE GARRAFAS VAZIAS HE,P.EQ.LINHA,NULL,NULL,"CRASH NA SAIDA DO ASEBI , CAUSANDO PARADAS  NA MAQUINA",10.00,OPERACAO,
43756,BAAG,Itabirito,2026-01-22,LINHA006,ROBO PAL KR40PA KUKA 003 LI06,P.EQ.LINHA,SISTEMA ELETRICO KR40PA KUK,NULL,QUEIMA DOS CAPACITORES DO DRIVE 1LK,48.54,MANUTENCAO,
70137,BAAJ,Maringá,2026-03-13,LINHA007,INSPETOR GARRAFAS CHEIA HEUFT,P.EQ.LINHA,Sistema de instrumentos e cont,NULL,FALHA NO INSP. DE NIVEL COM ALTO REGEITO DE GRFS,15.00,INCONCLUSIVO,Descrição não informa a causa com segurança apenas pela observação.
37336,BAAE,Mogi,2026-08-28,LINHA003,MO3 SOPRADORA CONTIFORM KRO,P.EQ.LINHA,MODULO DO SOPRO,NULL,FALHA NO CAME  EQUEBRA DE ROLAMENTO,60.00,MANUTENCAO,
19012,BAAD,Jundiaí,2026-07-19,LINHA001,PALETIZADORA 2 L01,P.EQ.LINHA,Sistema de instrumentos e cont,NULL,AJUSTE NOS PARAMETROS DE TRANSLAÇÃO DO MANIPULADOR 03 PALETIZADORA LADO 02,5.65,OPERACAO,
43305,BAAG,Itabirito,2026-01-17,LINHA006,ROBO PAL KR40PA KUKA LI06 BR11,P.EQ.LINHA,SISTEMA ELETRICO KR40PA KUK,NULL,FALHA NO PROGRAMA DO ROBÔ 2LK.,8.00,MANUTENCAO,
95038,BAAR,Santa Maria,2026-05-19,LINHA003,TRANSP GRF PET ENCHED-EMPACOT,P.EQ.LINHA,Sistema Estrutura,Qualidade de peças,GARRAFAS CAINDO NA ESTEIRA APOS A REGUA ULTRASSONICA,7.00,INCONCLUSIVO,Descrição não informa a causa com segurança apenas pela observação.
61327,BAAG,Itabirito,2026-08-19,LINHA004,TRP CURVA 180°,P.EQ.LINHA,NULL,NULL,CRASCH NA SAIDA DO FORNO DEVIDO TRAVAMENTO DA ESTEIRA 180.,14.57,OPERACAO,
21032,BAAD,Jundiaí,2026-08-18,LINHA033,CARTONADORA TTP LI33,P.EQ.LINHA,Unidade de agrupamento,NULL,ENGRENAGEM DO ESTICADOR DA INDEXAÇÃO FORA DE POSIÇÃO. FOI ALINHADO E REFERENCIADO A INDEXAÇÃO.,10.00,MANUTENCAO,
52877,BAAG,Itabirito,2026-05-19,LINHA007,ABASTECEDOR TAMPAS KHS L07,P.EQ.LINHA,Silo de tampas,NULL,"TAMPA TRAVA NA SAIDA DO SILO, DENTRO DA MATERIA PRIMA OCASIONANDO FALTA DE TAMPAS",7.60,OPERACAO,
71149,BAAJ,Maringá,2026-04-06,LINHA002,EMPACOTADORA PAKMATIC L02,P.EQ.LINHA,Sistema corte filme,NULL,TROCA DA FACA DE CORTE DE FILME,25.00,MANUTENCAO,
6137,BAAK,Marília,2026-07-20,LINHA005,SYNCROJET TANQUE DE MISTURA,P.EQ.LINHA,Estrutura,NULL,FALHA NA BOMBA DE ENVIO DE CARBONATO PARA ESTAÇÃO,9.88,MANUTENCAO,
85806,BAAO,Porto Alegre,2026-01-08,LINHA001,ENCAIXOTADORA,P.EQ.LINHA,Sistema Motriz,Falha no ciclo de operação,FALHA NO CENTRADOR E CABEÇOTE,5.00,MANUTENCAO,
17688,BAAD,Jundiaí,2026-06-29,LINHA007,CODIFICADORA MAR,P.EQ.LINHA,NULL,NULL,CONFIGURAÇÃO E LIMPEZA DO CANHÃO E CABEÇOTE DO CODIFICADOR A TINTA,26.05,OPERACAO,
92478,BAAR,Santa Maria,2026-03-16,LINHA004,INSPETOR DE NIVEL BASIC HEUFT,P.EQ.LINHA,Sistema Elétrico,NULL,INSPETOR PAROU DE FUNCIONAR TECNICO RESETOU EQUIPAMENTO,17.76,MANUTENCAO,
81874,BAAL,Antonio Carlos,2026-01-30,LINHA002,PALETIZADORA KHS PB1N3 PAL0006,P.EQ.LINHA,Sistema elétrico,NULL,FALHA NA BARREIRA DE SEGURANÇA NOTA:13153049,3.00,MANUTENCAO,
23212,BAAE,Mogi,2026-01-12,LINHA003,MO3 ROTULADORA CONTIROLL KRO,P.EQ.LINHA,Sistema Elétrico,NULL,FALHA ELETRICA ( BARRAMENTO ASI ),12.96,MANUTENCAO,
10499,BAAD,Jundiaí,2026-03-01,LINHA015,ENCHEDORA KRO L15,P.EQ.LINHA,Sistema motriz,Transmissão desajustada,"REALIZADO AJUSTE DE ALTURA E SINCRONISMO NAS ESTRELAS DO EIXO 3 E 4 + TROCA DE PINÇAS E EIXOS DE COMANDO, DEVIDO A FINISH DANIFICADO.",60.00,MANUTENCAO,
24988,BAAE,Mogi,2026-02-08,LINHA002,MO2 SOPRADORA CONTIFORM KRO,P.EQ.LINHA,Sistema de Instrumentos e cont,NULL,SOPRADORA PARADA / ERRO NA LEITURA DO SENSOR DE MEDIÇÃO DE GARRAFAS,20.00,MANUTENCAO,
60809,BAAG,Itabirito,2026-08-13,LINHA007,SOPRADORA KHS L07,P.EQ.LINHA,Sistema de estiramento,NULL,"VEDAÇÃO DA HASTE DE ESTIRAMENTO DA ESTAÇÃO 7 DESLOCOU, NECESSÁRIO PARADA PARA REPOSICIONAR;",13.00,MANUTENCAO,
71024,BAAJ,Maringá,2026-04-03,LINHA005,CARTONADORA TTP LI05,P.EQ.LINHA,Sistema de Agrupamento,NULL,"EMBALAGENS MAL DEPOSITADAS NA CAIXA , GERANDO ENROSCO DE CAIXA NA DOBRADORA FINAL, PISTA02",5.03,OPERACAO,
77614,BAAJ,Maringá,2026-08-26,LINHA004,CARBO 2100 ANP LI04,P.EQ.LINHA,Sistema de Válvulas,NULL,FALHA NA VALVULA  AVS230,30.00,MANUTENCAO,
19327,BAAD,Jundiaí,2026-07-24,LINHA012,INSP LINATRONIC KRO L12,P.EQ.LINHA,Sistema de inspeção,Câmera de fundo falha,FALSA REJEIÇÃO POR FUNDO DEVIDO VIDRO CAMERA DE FUNDO COM RESIDUO DE AGUA .,10.50,OPERACAO,
39431,BAAF,Campo Grande,2026-04-08,LINHA001,DESENCAIXOTADORA KHS L01,P.EQ.LINHA,SISTEMA ELETRICO VAM IV 1351/4,NULL,"SISTEMA NR12 PORTA DE SEGURANÇA RUIM, NÃO RESETA",6.43,MANUTENCAO,
64557,BAAI,Curitiba,2026-05-11,LINHA001,EMPACOTADORA OCME LI01,P.EQ.LINHA,Sistema de Instrumentos e cont,NULL,FALHA SISTEMA DE SOLDA NOTA13263719,16.80,MANUTENCAO,
39031,BAAF,Campo Grande,2026-03-03,LINHA001,TRANSP CX GAR ENCAIX PALET KHS,P.EQ.LINHA,Instalação elétrica,Sensor/fosocélula danificado,ESPELHO DO SENSOR DE ENTGRADA DE CAIXAS ESTA DANIFICADO,9.43,MANUTENCAO,
55081,BAAG,Itabirito,2026-06-13,LINHA002,CARBONATADOR KHS L02,P.EQ.LINHA,Sistema Elétrico,PLC danificado,"QUEDA DE SINAL ENTRE CX E XAROPARIA, FOI NECESSÁRIO REALIZAR RESET GERAL DO CARBONATADOR",20.99,MANUTENCAO,
11068,BAAD,Jundiaí,2026-03-09,LINHA001,TRANSP PACOTES EMP PALET 1 SAN,P.EQ.LINHA,Cintas de transporte,Cadeia de transporte danificad,QUEBRA DA ESTEIRA ASA DELTA NA SAIDO DO FORNO DA EMPACOTADORA KISTER,25.00,MANUTENCAO,
14835,BAAD,Jundiaí,2026-05-09,LINHA009,RINSER KRO L09,P.EQ.LINHA,Manejo de garrafas,Guia de margem desajustada,AJUSTE NAS GUIAS DE ENTRADA/ PRESÃO DE AR,15.65,OPERACAO,
84568,BAAL,Antonio Carlos,2026-07-02,LINHA001,DESCAPSULADORA KRONES ROTOMAT,P.EQ.LINHA,Estrutura,NULL,FALHA NA GARRA DA ESTRELA - NOTA - 13314390,26.26,MANUTENCAO,
19153,BAAD,Jundiaí,2026-07-21,LINHA034,ENCHEDORA TTP L34,P.EQ.LINHA,Unidade da dobradora final,NULL,ENROSCO DE KAPO NA DOBRADORA,20.00,OPERACAO,
27710,BAAE,Mogi,2026-03-16,LINHA001,RINSER L01,P.EQ.LINHA,Sistema de Instrumentos e cont,NULL,TROCA DA GARRA DE N º 44,17.00,MANUTENCAO,
13317,BAAD,Jundiaí,2026-04-13,LINHA016,ENCHEDORA KRONES L16,P.EQ.LINHA,Manejo de garrafas,NULL,LATA ENTROU FORA DE POSICIONAMENTO OCASIONANDO FALHA DE ENCHIMENTO E ENROSCO NA RECRAVADEIRA,4.00,OPERACAO,
50171,BAAG,Itabirito,2026-04-16,LINHA001,INSPETOR ROTULOS HEUFT L01,P.EQ.LINHA,NULL,NULL,"ELE - FALHA NO PROCESSAMENTO, AO CARREGAR A RECEITA DE FANTA LARANJA, ESTAVA PUXANDO INFORMAÇÕES DA PRODUÇÃO ANTERIOR, FANTA UVA.",34.00,OPERACAO,
56930,BAAG,Itabirito,2026-07-02,LINHA003,CODIFICADORA MARKEM IMAJE L03,P.EQ.LINHA,NULL,NULL,"FALHA NA CODIFICAÇÃO, CAUSANDO CRSH NA SAÍDA DO TRANSPORTADOR, RETIRADA A FALHA E FEITO RESET DO EQUIPAMENTO.",1.10,MANUTENCAO,
6276,BAAK,Marília,2026-08-10,LINHA005,LAVADORA GARRAFA 22/470 ZIE,P.EQ.LINHA,SISTEMA EXTRATOR RÓTULO 22/470,NULL,MUITAS GARRAFAS VINDO COM ROTULOS OCASIONADO CRASH NA SAIDADA LAVADORA E LINATRONIC,8.00,OPERACAO,
77241,BAAJ,Maringá,2026-08-17,LINHA007,ROTULADORA KHS LI07,P.EQ.LINHA,Sistema motriz,NULL,AJUSTES SINCRONISMO MECANICAMENTE E EM MODO AUTOMÁTICO DA ROSCA SEM FIM E ESTRELA DE ENTRADA ROTULADORA,48.00,OPERACAO,
5143,BAAK,Marília,2026-02-03,LINHA001,PALETIZADORA,P.EQ.LINHA,NULL,NULL,SENSOR DANIFICADO 30008318191,10.00,MANUTENCAO,
62505,BAAG,Itabirito,2026-08-31,LINHA005,TRANSP TAMPAS GNR L05,P.EQ.LINHA,Sistema elétrico,Sensor desajustado,SENSOR DE TAMPA COM LOGICA INVERTIDA OCASIONANDO FALSA REJEIÇÃO,21.00,MANUTENCAO,
72372,BAAJ,Maringá,2026-04-29,LINHA007,DESENCAIXOTADORA KHS L07,P.EQ.LINHA,Sistema pneumático,NULL,FALHA NO SISTEMA PNEUMATICO DO PEGA DE CAIXAS DA DESENCAIXOTADORA,30.00,MANUTENCAO,
41246,BAAF,Campo Grande,2026-08-01,LINHA002,TRANSP PAC EMP PALET KHS L02,P.EQ.LINHA,Estrutura,Qualidade de peças,QUEBRA DO PENTE DA ESTEIRA INTERNA,12.71,MANUTENCAO,
16962,BAAD,Jundiaí,2026-06-17,LINHA005,ENCHEDORA SIM L05,P.EQ.LINHA,Conjunto de enchimento,Pistão elevador danificado,"PINÇAS 15, 28 E 110 DANIFICADAS",39.60,MANUTENCAO,
40658,BAAF,Campo Grande,2026-07-06,LINHA001,ENCHEDORA KHS L01,P.EQ.LINHA,SISTEMA ENCHIMENTO VVF 60/10 K,NULL,VALVULA 37 - TROCA DE MOLAS DO SNIFFER,5.00,MANUTENCAO,
64696,BAAI,Curitiba,2026-05-24,LINHA003,EMPACOTADORA SP A M KIS,P.EQ.LINHA,Sistema Motriz,Rolamento danificados,13278290 - ESTEIRA AZUL SAÍDA DO FORNO PARA ESTEIRA CURVA COM ROLAMENTO DO ESTICADOR DANIFICADO,60.00,MANUTENCAO,
13445,BAAD,Jundiaí,2026-04-14,LINHA033,APLICADOR CANUDOS LI33,P.EQ.LINHA,Aplicador de Cola Nordson PB04,NULL,TEMPERATURA INCORRETA,20.76,INCONCLUSIVO,Descrição não informa a causa com segurança apenas pela observação.
85066,BAAL,Antonio Carlos,2026-08-04,LINHA002,INSPETOR NIVEL BBULL PC 500,P.EQ.LINHA,Sistema de Inspeção,NULL,AJUSTE EXPULSÃO NIVEL,3.00,OPERACAO,
11185,BAAD,Jundiaí,2026-03-10,LINHA009,ENVOLVEDORA FILME ACMI L09,P.EQ.LINHA,Anel de Envolvimento,NULL,VELOCIDADE MÁXIMA DO ANEL EXCEDIDA.,3.20,OPERACAO,
32911,BAAE,Mogi,2026-05-21,LINHA003,ROTULADORA L03,P.EQ.LINHA,Sistema de Instrumentos e cont,NULL,FALHA NO CILINDRO DE COLA AJUSTES,6.24,MANUTENCAO,
15136,BAAD,Jundiaí,2026-05-13,LINHA015,PALETIZADORA KRO L15,P.EQ.LINHA,Sistema elétrico,NULL,PEGADOR DE PAPELÃO FORA DE POSIÇÃO DEVIDO A COLISÃO COM ELEVADOR DE PALETE,9.60,OPERACAO,
64257,BAAI,Curitiba,2026-04-07,LINHA001,EMPACOTADORA OCME LI01,P.EQ.LINHA,Sistema de Instrumentos e cont,NULL,ANOMALIZA DE CENTRALIZAÇÃO ESTEIRA NOTA :13226604,42.00,INCONCLUSIVO,Descrição não informa a causa com segurança apenas pela observação.
63651,BAAI,Curitiba,2026-02-03,LINHA002,DESPALETIZADORA SIRIO SMN LI02,P.EQ.LINHA,Estrutura,Estrutura falta/danificada,ENROSCO DE CAIXAS NA SAIDA DA MESA DE CARGA,7.22,OPERACAO,
48483,BAAG,Itabirito,2026-03-19,LINHA002,TRANSP GAFS LAVAD INSP KHS L02,P.EQ.LINHA,Sistema Elétrico,Falha PLC,DESARME DA IHM DE ACIONAMENTO DO TRP DE GARRAFAS VAZIAS,1.63,MANUTENCAO,
25536,BAAE,Mogi,2026-02-15,LINHA001,MO1 SOPRADORA KRONES CONTIFORM,P.EQ.LINHA,Sistema Elétrico,Falha elétrica,PRE FORMA ENCRAVADAS NO SELECIONADOR DE PRÉ FORMA,3.24,OPERACAO,
73822,BAAJ,Maringá,2026-05-28,LINHA006,RINSER BLOCK SID,P.EQ.LINHA,CONJUNTO DE ENXÁGUE BLOCK SID,NULL,SUBSTITUIÇÃO DA BUCHA DA PINÇA 62 DO RINSER,15.00,MANUTENCAO,
62166,BAAG,Itabirito,2026-08-25,LINHA007,PALETIZADORA KHS L07,P.EQ.LINHA,Mesa empurradora,NULL,FALHA NO EMPURRADOR DE CAMADAS OCASIONANDO PERDA DE CICLO,7.00,MANUTENCAO,
67120,BAAJ,Maringá,2026-01-22,LINHA004,EMPACOTADORA VEGA OCM,P.EQ.LINHA,FORMAÇÃO DE PACOTES,NULL,"FALHA DE POSIÇÃO DO ABALADOR, NECESSÁRIO RESETE DA CHAVE GERAL DA MÁQUINA.",30.00,MANUTENCAO,
12838,BAAD,Jundiaí,2026-04-03,LINHA013,ENCHEDORA KHS L13,P.EQ.LINHA,Sistema de enchimento,NULL,AJUSTE DA VALVULA REGULADORA DE PRESSÃO VR50. NOTA 13222015.,3.27,OPERACAO,
7715,BAAD,Jundiaí,2026-01-22,LINHA009,INSP NIVEL KRO L09,P.EQ.LINHA,Rejeitor,Pistão de rejeito desajustado,"ENROSCO DE GRFS NO TRANSPORTE, FEITO AJUSTE DE PARAMETRO NO REJEITOR.",8.00,OPERACAO,
14599,BAAD,Jundiaí,2026-05-05,LINHA009,PREPARADOR BEBIDAS MIT L09,P.EQ.LINHA,SISTEMA CIRCUITO DE AGUA SM-60,NULL,FALHA ELÉTRICA NA BOMBA DE ÁGUA,21.00,MANUTENCAO,
27869,BAAE,Mogi,2026-03-18,LINHA008,SOPRADORA KRONES L08,P.EQ.LINHA,MODULO DO SOPRO,NULL,"VERIFICAÇÃO DO MOLDE 18, E LUBRIFICAÇÃO DO BOCAL",10.00,INCONCLUSIVO,Descrição não informa a causa com segurança apenas pela observação.
82678,BAAL,Antonio Carlos,2026-03-05,LINHA001,CAPSULADOR HOLSTEIN KAPPERT LI,P.EQ.LINHA,Sistema Motriz,Engrenagem de transmissão dani,"ENGRENAGEM DO POSTO 06 DANIFICADA, NOTA: 13190947",4.79,MANUTENCAO,
22227,BAAD,Jundiaí,2026-09-05,LINHA006,PREPARADOR BEBIDAS SID LI06,P.EQ.LINHA,Sistema motriz,NULL,DESARME BOMBA VÁCUO_ATRASO CIP_REARME DA BOMBA.,25.00,MANUTENCAO,
21563,BAAD,Jundiaí,2026-08-25,LINHA017,ENCAIXOTADORA,P.EQ.LINHA,Sistema Elétrico,NULL,"TELA TÁTIL IHM TRAVADA, NECESSÁRIO REINICIALIZAÇÃO DO EQUIPAMENTO",20.00,MANUTENCAO,
33505,BAAE,Mogi,2026-05-28,LINHA001,MO1 ROTULADORA KRONES CONTIROL,P.EQ.LINHA,Sistema de Instrumentos e cont,NULL,AJUSRE NA ENTRADA . ESTRELA DE CARGA E PINÇA ENROSCO,10.00,OPERACAO,
9586,BAAD,Jundiaí,2026-02-18,LINHA014,ENCAIXOTADORA KRO L14,P.EQ.LINHA,Sistema Elétrico,NULL,FALHA NO SENSOR DE POCIONAMENTO DE CAIXA,7.00,MANUTENCAO,
70747,BAAJ,Maringá,2026-03-23,LINHA004,ROTULADORA SID LI04,P.EQ.LINHA,SISTEMA DE COLA,NULL,FALHA NO DIJUNTOR DO SISTEMA DE AQUECIMENTO DA COLA ( QUEDA DE TEMPERATURA) NOTA:13211096,30.09,MANUTENCAO,
50686,BAAG,Itabirito,2026-04-21,LINHA007,ETIQUETADORA 01 UBS L07,P.EQ.LINHA,Sistema de Controle,NULL,QUEDA DE SINAL DE REDE NA ETIQUETADORA 2 VEZES. FOI NECESSÁRIO DESLIGAR E LIGAR NOVAMENTE O EQUIPAMENTO.,12.00,MANUTENCAO,
19525,BAAD,Jundiaí,2026-07-27,LINHA016,ENCHEDORA KRONES L16,P.EQ.LINHA,Manejo de garrafas,NULL,VELOCIDADE LIMITADA A 115000 DEVIDO FALHA NA ENTRADA DA ENCHEDORA,6.00,INCONCLUSIVO,Descrição não informa a causa com segurança apenas pela observação.
60345,BAAG,Itabirito,2026-08-09,LINHA004,PALETIZADORA OCME L04,P.EQ.LINHA,Mesa formadora,Correia rompidda,ROMPIMENTO DE ALGUNS ELOS DA ESTEIRA DA MESA DE MANIPULAÇÃO DE PACOTES .,50.65,MANUTENCAO,
46505,BAAG,Itabirito,2026-02-21,LINHA002,LAVADORA GARRAFAS LIESS L02,P.EQ.LINHA,Mesa de Descarga,NULL,RODANDO EM VELOCIDADE RDUZIDA DEVIDO AVARIA NO EIXO INTRODUTOR,4.00,MANUTENCAO,
66068,BAAI,Curitiba,2026-09-05,LINHA003,PALETIZADORA ROBOKOMBI SIG,P.EQ.LINHA,SISTEMA CARRO ROBOKOMBI SIM,NULL,13376352 - CABEÇOTE PALETIZADOR NÃO AVANÇAVA PARA DESCARREGAR A CAMADA DE PACOTES.,5.09,MANUTENCAO,
52337,BAAG,Itabirito,2026-05-12,LINHA001,INSPETOR ROTULOS HEUFT L01,P.EQ.LINHA,NULL,NULL,"ELE - FALHA NA REJEIÇÃO DE GARRAFAS, SENSOR/RECEITA FORMATO DE LS DESAJUSTADO. NECESSARIO ATUAÇÃO NO HEUFT. NOTA: 13265004",10.00,OPERACAO,
36673,BAAE,Mogi,2026-08-21,LINHA003,CAPSULADOR L03,P.EQ.LINHA,SISTEMA ESTRUTURA RZ- RET-P-40,NULL,QUEDA DE GARRAFA NA SAIDA DO CAPSOLADOR,10.00,INCONCLUSIVO,Descrição não informa a causa com segurança apenas pela observação.
24594,BAAE,Mogi,2026-02-02,LINHA003,CAPSULADOR L03,P.EQ.LINHA,SISTEMA ESTRUTURA RZ- RET-P-40,NULL,"GARRAFA COM TAMPA ALTA TRAVOU NA BARRA DE ARRASTE MOLHANDO TODO  O SISTEMA DE SUBIDA DE FILME, ENROLANDO O MESMO NA FACA",10.00,OPERACAO,
13093,BAAD,Jundiaí,2026-04-08,LINHA012,CAPSULADOR KHS L12,P.EQ.LINHA,Sistema de tampamento,NULL,"TROCA DO BOCAL NOI CABEÇOTE N 2 , DEVIDO QUEBRA DA BORRACHA DAS ESFERAS",2.50,MANUTENCAO,
5761,BAAK,Marília,2026-05-12,LINHA005,TRANSP GRFS VZ LAV GRFS LINATR,P.EQ.LINHA,Sistema Elétrico,NULL,"FALHA TRANSPORTE MOTOR TAG 225 E MOTOR TAG 217, TRANSPORTES NO PULMAO DA ENCHEDORA E RETORNO PARADO",20.00,MANUTENCAO,
71871,BAAJ,Maringá,2026-04-19,LINHA003,CAPSULADOR KHS LI03,P.EQ.LINHA,Sistema de Tampamento,NULL,"ENROSCO DE TAMPA NA TOLVA, E NA CANALETA.",10.00,OPERACAO,
64649,BAAI,Curitiba,2026-05-21,LINHA003,ROBO PALETIZADORA M 900IA/600,P.EQ.LINHA,SISTEMA CABECOTE MANIPULADOR F,NULL,"13274645 - FALHA NO FECHAMENTO DO CABEÇOTE PALETIZADOR, REAPERTO DA ENGRENAGEM PRINCIPAL DE ABERTURA E FECHAMENTO",13.50,MANUTENCAO,
47304,BAAG,Itabirito,2026-03-03,LINHA006,ALIMENTADOR TAMPAS ALM L06,P.EQ.LINHA,Canaleta de tampas,NULL,PROJETO 3040 TAMPA TRAVAA NA CANALETA,6.88,OPERACAO,
15121,BAAD,Jundiaí,2026-05-13,LINHA017,INSPETOR DE CONTORNO (SEKAMAT),P.EQ.LINHA,Sistema de Inspeção,NULL,PARAMETROS DE CONTORNO FORA DO ESPECIFICADO,15.00,OPERACAO,
89260,BAAO,Porto Alegre,2026-09-06,LINHA004,CARBONATADORA KHS,P.EQ.LINHA,Sistema de Bombeamento,NULL,BOMBA NAO DA CONTA DE ENCHER O TANQUE VERVEU BEBIDA CO2 ALTO,17.40,OPERACAO,
19367,BAAD,Jundiaí,2026-07-24,LINHA008,PALETIZADOR ACMI L08,P.EQ.LINHA,Mesa formadora,Pinça descincronizadas,PERDA DE SINCRONISMO NAS PINÇAS,6.40,OPERACAO,
65811,BAAI,Curitiba,2026-08-19,LINHA001,TRANSP LATAS WARM INSP KHS LI0,P.EQ.LINHA,Estrutura,Suporte do transportador danif,"SUPORTE DO SENSOR FICOU TRAVADO EMPERRADO, PAROU O WARMER",7.64,MANUTENCAO,
78997,B0AC,Bauru,2026-03-18,LINHA003,SOPRADORA ESA2/10 MUL,P.EQ.LINHA,Sistema Elétrico,Falha elétrica,FALHA NO DRIVE DE ESTIRAMENTO. ORDEM: 30008460486,7.73,MANUTENCAO,
9760,BAAD,Jundiaí,2026-02-20,LINHA012,TRANSP PALETE SMA L12,P.EQ.LINHA,Instalação elétrica,Falha na rede de comunicção,FALHA NA MESA DE ELEVAÇÃO DE PALETES,12.00,MANUTENCAO,
87292,BAAO,Porto Alegre,2026-03-24,LINHA001,LAVADORA DE GARRAFAS,P.EQ.LINHA,Sistema de Bombeamento,NULL,FALTA DE PRESSAO DA BOMBA PRE ENXAGUE DA LAVADORA,11.60,MANUTENCAO,
87710,BAAO,Porto Alegre,2026-04-20,LINHA003,CAPSULADOR KHS L03,P.EQ.LINHA,Sistema Cabeçote,NULL,REGULAGEM DE DISCO DE TAMPAS,12.00,OPERACAO,
87064,BAAO,Porto Alegre,2026-03-10,LINHA006,PALETIZADORA,P.EQ.LINHA,Sistema Motriz,NULL,ESTEIRA EMBORRACAHADA ENTRADA ROBOBOX CATRAQUEANDO,12.10,MANUTENCAO,
56622,BAAG,Itabirito,2026-06-29,LINHA001,PALETIZADORA GEB L01,P.EQ.LINHA,Instalação elétrica,Falha RED dispositivo rede,FALHA NA ENVOLVEDORA PERDENDO O SINCRONISMO DO TRANSPORTE. NECESSÁRIO A MOVIMENTAÇÃO MANUAL DOS PALETES E RESETADO O TRANSPORTE.,7.00,MANUTENCAO,
73631,BAAJ,Maringá,2026-05-25,LINHA007,LAVADORA DE GARRAFAS SANMARTIN,P.EQ.LINHA,Sistema de Instrumentos e Cont,NULL,QUEDA DE GARRAFAS SAIDA LAVADORA,20.00,OPERACAO,
88488,BAAO,Porto Alegre,2026-06-29,LINHA005,(TR) CODIFICADORA,P.EQ.LINHA,Sistema de Instrumentos e cont,NULL,FALHA INSPETOR (TEMPERATURA LASER),5.46,MANUTENCAO,
28424,BAAE,Mogi,2026-03-30,LINHA001,QUADRO ELETRICO ENVOLVEDORA L1,P.EQ.LINHA,Estrutura,NULL,FILME ESTOURANDO O FINAL DA BOBINA FEITA A TROCA DA BOBINA,5.00,OPERACAO,
82507,BAAL,Antonio Carlos,2026-02-25,LINHA001,MAGAZINE PALETE KR57 A88 KRO,P.EQ.LINHA,MAGAZI PORTA PALLET KR57-A88=T,NULL,FALHA NA BARREIRA DE ACESSO DE MAGAZINE DE PALETE DE CAIXA GARRAFAS VAZIA NOTA // 13183781,17.06,MANUTENCAO,
5357,BAAK,Marília,2026-03-07,LINHA001,TRANSP CXS CH ENCA PAL MANUAL,P.EQ.LINHA,Sistema de instrumentos e cont,NULL,"ESTEIRA DO TRANSPORTE ESCAPANDO, ELOS TORTOS / 30008427071",10.00,MANUTENCAO,
95868,BAAR,Santa Maria,2026-06-09,LINHA004,TRANSP LAT WARMER-EMPACOT,P.EQ.LINHA,Sistema Estrutura,Qualidade de peças,LATAS CAIDA TRANCADA NO ESTREITAMENTO DO TRANSPORTE.,3.00,OPERACAO,
50183,BAAG,Itabirito,2026-04-16,LINHA005,ENVOLVEDORA BEMA L05,P.EQ.LINHA,Sistema elétrico,Painel de controle falha,FALHA NO ENCODER DA MESA GIRATORIA DA ENVOLVEDORA,5.33,MANUTENCAO,
83057,BAAL,Antonio Carlos,2026-03-27,LINHA002,ENCHEDORA KHS DRV153/18 ENC002,P.EQ.LINHA,Sistema de enchimento,NULL,"FALHA DE ENCHIMENTO, VALVULAS 02,10, 11, 131, 132, 147 NOTA: 13216808",9.00,MANUTENCAO,
83460,BAAL,Antonio Carlos,2026-04-23,LINHA001,DESCAPSULADORA KRONES ROTOMAT,P.EQ.LINHA,Estrutura,NULL,"ROMPEU A CORREIA TENSIONADORA, NOTA: 13244975;",13.99,MANUTENCAO,
35490,BAAE,Mogi,2026-07-25,LINHA008,EMPACOTADORA KRONES L08,P.EQ.LINHA,SISTEMA TRANSPORTE ENTRADA DE,NULL,MANUTENÇÃO ATUANDO NA ESTEIRA DA EMPACOTADORA,23.20,MANUTENCAO,
81046,B0AC,Bauru,2026-09-03,LINHA006,ALIMENTADOR TAMPAS GEBO SID,P.EQ.LINHA,SISTEMA ESTRUTURA GERAL GEBO S,NULL,"MAQUINA SEM ARMAÇÃO E FILTRO DE VENTIAÇÃO ( CIRCUITO ENCHEDORA ) AGUARDANDO NOTA,",5.30,MANUTENCAO,
43019,BAAG,Itabirito,2026-01-14,MULTI009,TRP GARFS MULTIPACK EMPCTDRA L,P.EQ.LINHA,Sistema de instrumentos e cont,NULL,PROBLEMAS DE AUTOMAÇÃO OCASIONANDO ACÚMULO DE PACOTES EM UMA DA PISTAS,2.67,MANUTENCAO,
72294,BAAJ,Maringá,2026-04-28,LINHA004,ROBO PALETIZADORA M 410IB/160,P.EQ.LINHA,SISTEMA ELETRICO M-410iB/160 F,NULL,FALHA NA BARREIRA DO MAGAZINE DE PALETE DE CHAPATEX,34.55,MANUTENCAO,
13167,BAAD,Jundiaí,2026-04-10,LINHA001,PALETIZADORA 2 L01,P.EQ.LINHA,Sistema de segurança,NULL,"FALHA NO INVERSOR DA PALETIZADORA, PAINEL DE SEGURANÇA SCHMERSAL EM FALHA",16.10,MANUTENCAO,
97006,BAAR,Santa Maria,2026-07-11,LINHA001,TRANSP GRF PET SOPRAD-ROTUL (A,P.EQ.LINHA,Sistema Estrutura,Transportador desnivelado,GRFS TRAVADA NA CURVA DA DESCIDA PARA ROTUALADORA,4.00,OPERACAO,
88155,BAAO,Porto Alegre,2026-05-22,LINHA004,ENVOLVEDORA STRETCH,P.EQ.LINHA,Sistema Elétrico,NULL,FALHA NO ACIONAMENTO DO SENSOR DO CORDÃO,7.60,MANUTENCAO,
44793,BAAG,Itabirito,2026-02-02,LINHA007,TRANSP GRF WARMER ROTULAD KHS,P.EQ.LINHA,Sistema elétrico,Falha no Controle de tensão da,"DESARME DO 2TA36 ACIONADO TA PARA AVALIÇAO DA FALHA, O MESMO NAO COMPARECEU",16.24,MANUTENCAO,
62810,BAAG,Itabirito,2026-09-03,LINHA001,LAVADORA GARRAFAS GEB L01,P.EQ.LINHA,Sistema Elétrico,Componentes de controle danifi,FALHA DE PRESSOSTATO DE PULVERIZAÇÃO VÁRIAS VEZES DURANTE O INTERVALO,10.00,MANUTENCAO,
13342,BAAD,Jundiaí,2026-04-13,LINHA007,TRANSP PALETE ACMI (CHEIO) L07,P.EQ.LINHA,Instalação elétrica,Falha PLC,FALHA NA TRANSFERENCIA DE PALETE/ ATRASO NO SINAL E FALHA NA PALETIZADORA,14.00,MANUTENCAO,
41058,BAAF,Campo Grande,2026-07-27,LINHA001,DESENCAIXOTADORA KHS L01,P.EQ.LINHA,SISTEMA ELETRICO VAM IV 1351/4,NULL,FALHA NO SENSOR DA PORTA DE CORRER,4.00,MANUTENCAO,
11183,BAAD,Jundiaí,2026-03-10,LINHA008,ANALIZADOR CO2 BRIX MAS L08,P.EQ.LINHA,Instalação elétrica,Cabo danificado,CONECTOR DO SENSOR DE LEITURA DO MASELLI ESTA DANIFICADO ( OBS: NÃO ESTA ACOMPANHANDO O BRIX E CO².)OCASIONANDO PARADA NA LINHA POR QUEDA NO BRIX  CO²,7.60,MANUTENCAO,
44328,BAAG,Itabirito,2026-01-28,LINHA007,AQUECEDOR WARMER KHS L07,P.EQ.LINHA,SISTEMA TROCA CALOR INNOPAS WI,NULL,GARRAFAS MAL CONDENSADAS OCASIONANDO FALHA NA ROTULAGEM GERANDO ROTULO MAL APLICADOS DEVIDO SIST DE VAPOR VAZAMENTOS,13.00,MANUTENCAO,
50801,BAAG,Itabirito,2026-04-22,LINHA005,MESA ACUMULO GAFS HARTNESS L05,P.EQ.LINHA,Sistema elétrico,NULL,DESARME DE SEGURANÇA DA MESA DE ACUMULO,5.33,INCONCLUSIVO,Descrição não informa a causa com segurança apenas pela observação.
72507,BAAJ,Maringá,2026-05-04,LINHA007,PALETIZADORA KHS LI07,P.EQ.LINHA,Sistema de instrumentos e cont,NULL,FALHA NO CICLO,8.24,INCONCLUSIVO,Descrição não informa a causa com segurança apenas pela observação.
56914,BAAG,Itabirito,2026-07-02,LINHA006,TRANSP TAMPAS GNR L06,P.EQ.LINHA,Transporte de tampas,Correia de paletes danificada,TRANSPORTE DE TAMPA TRAVADO OCASIONANDO QUEBRA DE LACRE. REALIZANDO ABASTECIMENTO MANUAL.,18.77,OPERACAO,
45126,BAAG,Itabirito,2026-02-06,LINHA005,ROBO PAL KR40PA KUKA 002 LI05,P.EQ.LINHA,SISTEMA ELETRICO KR40PA KUK,NULL,FALHA RECONHECIMENTO MODO T1 ROBO 2LK,10.66,MANUTENCAO,
63035,BAAG,Itabirito,2026-09-06,LINHA003,CARBONATADOR KRONES KB40H39 L0,P.EQ.LINHA,Sistema Elétrico,NULL,MEDIDOR KB 103 EM FALHA - ENCONTRADO EM SIMULAÇÃO COM VALOR DESPROPORCIONAL GERANDO FALHA DE PRESSÕES INCOMAPTIVEIS NA ENCHEDORA.,15.00,MANUTENCAO,
6062,BAAK,Marília,2026-07-11,LINHA004,RECRAVADORA 708 G FRR LI04,P.EQ.LINHA,SISTEMA TRANSMISSAO 708 G FER,NULL,ATUAÇÃO DOS TÉCNICOS DA FERRUM PARA FAZER AJUSTE,18.82,OPERACAO,
16729,BAAD,Jundiaí,2026-06-13,LINHA001,PALETIZADORA 1 L01,P.EQ.LINHA,Sistema elétrico,NULL,"CANTONEIRA COLIDINDO COM PALETE , NECESSARIO A ,ASTERIZAÇÃO",10.00,OPERACAO,
27695,BAAE,Mogi,2026-03-15,LINHA003,PALETIZADOR SIM L03,P.EQ.LINHA,Sistema de instrumentos e cont,NULL,FALHA NA CONTRA TRAVA,19.68,MANUTENCAO,
29480,BAAE,Mogi,2026-04-14,LINHA002,ENCHEDORA KHS L02,P.EQ.LINHA,Sistema elétrico,NULL,TROCA SENSOR ABRIDOR DE VALVULA,15.00,MANUTENCAO,
78972,B0AC,Bauru,2026-03-12,LINHA006,SOPRADORA SBO16/14 P40M MATRIX,P.EQ.LINHA,SISTEMA ESTRUTURA SBO 16/14-14,NULL,AJUSTE SINCRONISMO DO DESEMPOEIRADOR. ORDEM 30008441575,10.19,OPERACAO,
52271,BAAG,Itabirito,2026-05-11,LINHA007,ENCHEDORA KHS L07,P.EQ.LINHA,Sistema elétrico,Sensor de segurança em falha,SENSOR DA PORTA DE ENTRADA EM FALHA.,16.51,MANUTENCAO,
28106,BAAE,Mogi,2026-03-23,LINHA008,ALIMENTADOR DE TAMPA KRONES L0,P.EQ.LINHA,INSPECAO TAMPAS,NULL,FALHA NO TOMBADOR DE TAMPA,33.82,MANUTENCAO,
78488,B0AC,Bauru,2026-01-31,LINHA003,ENCHEDORA ZGL LI03,P.EQ.LINHA,Sistema pneumático,NULL,FALHA NA VALVULA MODULADORA 30008310564,10.00,MANUTENCAO,
78011,BAAJ,Maringá,2026-09-06,LINHA003,INSPETOR NIVEL BASIC HEU LI03,P.EQ.LINHA,Sistema Rejeitor,NULL,"AJUSTE NO SETUP E AJUSTE NOS PARÂMETROS, EXPULSANDO GARRAFAS BOAS",10.00,OPERACAO,
39789,BAAF,Campo Grande,2026-05-04,LINHA002,TRANSP ENCH EMP SAN MARTIN L02,P.EQ.LINHA,Sistema elétrico,Sensor de segurança em falha,SENSOR EM FALHA TRAVANDO O TRANSPORTE,4.29,MANUTENCAO,
15131,BAAD,Jundiaí,2026-05-13,LINHA013,EMPACOTADORA KIS L13,P.EQ.LINHA,Sistema Elétrico,NULL,DESARME DO TÚNEL DE ENCOLHIMENTO,9.09,MANUTENCAO,
61318,BAAG,Itabirito,2026-08-19,LINHA004,PALETIZADORA OCME L04,P.EQ.LINHA,Instalação elétrica,Sensores desajustados,SISTEMA DE SEGURANÇA RELE PILLZ DA BARREIRA EM FALHA.,30.00,MANUTENCAO,
27537,BAAE,Mogi,2026-03-13,LINHA008,PALETIZADORA KRONES L08,P.EQ.LINHA,SISTEMA ESTACAO DE CARREGAMENT,NULL,FALHA NA APILICAÇÃO DO CHAPATEX,16.36,INCONCLUSIVO,Descrição não informa a causa com segurança apenas pela observação.
39752,BAAF,Campo Grande,2026-04-29,LINHA002,CAPSULADOR KRS L02,P.EQ.LINHA,Sistema de tampamento,NULL,GARRAFA COM TAMPA ALTA PARANDO A EMPACOTADORA PRA LIMPAR,8.57,OPERACAO,
16566,BAAD,Jundiaí,2026-06-11,LINHA016,DESPALETIZADORA OCME L16,P.EQ.LINHA,Transporte de palete,NULL,FALHA NO SENSOR DE ELEVAÇÃO DO BULK.,3.85,MANUTENCAO,
52200,BAAG,Itabirito,2026-05-09,LINHA006,AQUECEDOR WARMER KHS L06,P.EQ.LINHA,Sistema Motriz,Falha transmissão,DESNIVEL NA ENTRADA E SAIDA OCASIONANDO TOMBAMENTO DE GARRAFAS,6.00,OPERACAO,
5593,BAAK,Marília,2026-04-02,LINHA004,ENCHEDORA STARCANS FM E 91 LI0,P.EQ.LINHA,Sistema de enchimento,NULL,FALHA DE ENCHIMENTO DA VALVULA N°19 / JUMPER FISICO DA VALVULA N°19 COM Nº 17 NOTA (N°30008517328),13.00,MANUTENCAO,
39753,BAAF,Campo Grande,2026-04-29,LINHA002,EMPACOTADORA SMI L02,P.EQ.LINHA,Sistema de agrupação,Barra envolvedora danificada,QUEBRA DA DA BARRA ENVOLVENTE,25.71,MANUTENCAO,
35637,BAAE,Mogi,2026-07-31,LINHA007,CAPSULADOR KRONES L07,P.EQ.LINHA,ALIMENTACAO TAMPAS,NULL,TAMPAS COM LACRE QUEBRADO E TAMBEM AMASSADA OCASIONANDO ENROSCO NO SISTEMA DE TRANSFERENCIA NO PISO SUPERIOR DA ENCHEDORA,10.63,OPERACAO,
54480,BAAG,Itabirito,2026-06-08,LINHA008,TRANSP ENCHEDORA WARMER KHS L0,P.EQ.LINHA,Cintas de transporte,Correia transportadora danific,"ESTEIRA DO TRANSPORTE DE SAIDA DA ENCHEDORA COM TOMBAMENTO EXCESSIVOS DE LATAS , 1TB010 A 12 ( ORDEM 30008708693)",20.40,MANUTENCAO,
6101,BAAK,Marília,2026-07-14,LINHA005,DESCAPSULADOR 16 HEADS ACY LI0,P.EQ.LINHA,Sistema de destampamento,NULL,ALTURA DA PINCAS DESAJUSTADA,4.18,OPERACAO,
86713,BAAO,Porto Alegre,2026-02-19,LINHA002,PALETIZADORA,P.EQ.LINHA,NULL,NULL,FALHA DE FORMAÇÃO SAM MARTIM ATUANDO,12.00,INCONCLUSIVO,Descrição não informa a causa com segurança apenas pela observação.
39249,BAAF,Campo Grande,2026-03-19,LINHA003,ENVOLVEDORA FILME 1 FRK L02,P.EQ.LINHA,SISTEMA ESTRUTURA 121 FRA,NULL,COLOCADOR DE CARTÃO,13.00,INCONCLUSIVO,Descrição não informa a causa com segurança apenas pela observação.
88123,BAAO,Porto Alegre,2026-05-20,LINHA002,TRANSPORTE LATAS VAZIAS,P.EQ.LINHA,NULL,NULL,MOTOR 1 - 2 DO TRANSPORTE DE LATAS VAZIAS SEGURANDO LATAS ( TRECHO 119Q0 ),8.00,MANUTENCAO,
34809,BAAE,Mogi,2026-06-26,LINHA008,ALIMENTADOR DE PREFORMA KRONES,P.EQ.LINHA,ALINHAMENTO PREFORMAS,NULL,"PRÉ FORMA TRAVOU NO GUIA LINEAR,RELIZADO AJSUTE",7.07,OPERACAO,
36446,BAAE,Mogi,2026-08-18,LINHA002,ENCHEDORA KHS L02,P.EQ.LINHA,Sistema de instrumentos e cont,NULL,QUEDA DE GARRAFA NA ENCHEDORA,4.00,INCONCLUSIVO,Descrição não informa a causa com segurança apenas pela observação.
78535,B0AC,Bauru,2026-02-03,LINHA007,ROTULADORA EVODECO SIDEL LI07,P.EQ.LINHA,NULL,NULL,FALHA NA PORTA  30008320945,0.58,MANUTENCAO,
48703,BAAG,Itabirito,2026-03-22,LINHA004,EMPACOTADORA OCME L04,P.EQ.LINHA,Instalação elétrica,Sensor desajustado,SENSOR DESAJUSTADO OCASIONANDO FALHA NO MOMENTO DA SOLDA DO FILME.,18.14,OPERACAO,
72138,BAAJ,Maringá,2026-04-24,LINHA007,LAVADORA DE GARRAFAS SANMARTIN,P.EQ.LINHA,Sistema Motriz,NULL,QUEBRA DO TAPETE DE DESCARTE DE ROTULO ( OPERADORA LIMPANDO EM MANUAL ),8.00,MANUTENCAO,
57090,BAAG,Itabirito,2026-07-04,LINHA008,EMPACOTADORA 2 KHS L08,P.EQ.LINHA,Alimentação corte de filme,Lâmina danificada,TROCA DA FACA DE CORTE EPC8.2,15.00,MANUTENCAO,
45499,BAAG,Itabirito,2026-02-10,LINHA001,INSPETOR ROTULOS HEUFT L01,P.EQ.LINHA,NULL,NULL,ROTULADORA RODANDO ABAIXO DA NOMINAL DEVIDO A FALHA DE CONGESTIONAMENTO DE RECIPIENTE NO INSPETOR,5.00,OPERACAO,
6792,BAAD,Jundiaí,2026-01-07,LINHA014,DESPALETIZADORA KRO L14,P.EQ.LINHA,Sistema Motriz,Falha no freio de motor,QUEBRA DO ACOPLAMENTO DO REDUTOR DA MESA DE DESCARGA.,9.05,MANUTENCAO,
80543,B0AC,Bauru,2026-08-01,LINHA003,PALETIZADOR 2 IEF,P.EQ.LINHA,SISTEMA ESTRUTURA PPMUS IEF,NULL,SENSOR DO ELEVADOR FORA DE POSIÃO ORDEM (30008812831),7.73,OPERACAO,
24337,BAAE,Mogi,2026-01-30,LINHA001,MO1 ROTULADORA KRONES CONTIROL,P.EQ.LINHA,Sistema Elétrico,NULL,FALHA ELETRICA NO POLEIRO DE COLA,60.00,MANUTENCAO,
15219,BAAD,Jundiaí,2026-05-14,LINHA006,TRANSP GAR ENCH EMP ACMI L06,P.EQ.LINHA,Instalação elétrica,Painel de controle falha,FALHA DE INTERCONEXÃO DE REDE NO TRANSPORTE DE GARRAFAS,6.07,MANUTENCAO,
44181,BAAG,Itabirito,2026-01-27,LINHA001,TRANSP CXS VZ DES LAV CXS GEB,P.EQ.LINHA,Estrutura,Suporte transportador danifica,"MEC - SUPORTE DO ESPELHO REFLETOR DO SENSOR QUEBRADO, NA SAÍDA DA DESENCA.",10.00,MANUTENCAO,
59270,BAAG,Itabirito,2026-07-31,LINHA005,AQUECEDOR WARMER KHS L05,P.EQ.LINHA,Estrutura,Qualidade de peças,QUEDA DE GARRAFAS SAIDA E ENTRADA WARMER,6.00,OPERACAO,
76385,BAAJ,Maringá,2026-07-30,LINHA004,CAPSULADOR ARO LI04,P.EQ.LINHA,SISTEMA DE ROSQUEAMENTO,NULL,TAMPA SAINDO COM LACRE ROMPIDO.,22.36,OPERACAO,
47948,BAAG,Itabirito,2026-03-11,LINHA006,TRANSP GRF ROTUL EMPACOT KHS L,P.EQ.LINHA,Sistema motriz,Velocidade desajustada,CRASH DE GARRAFAS ENTRE HEUFT E MARKEM IMAJE,4.00,OPERACAO,
77161,BAAJ,Maringá,2026-08-14,LINHA005,CARTONADORA TTP LI05,P.EQ.LINHA,SISTEMA DE AGRUPAMENTO,NULL,"FALHA DE AGRUPAMENTO DE EMBALAGENS, PISTA 02 ( GEROU FILA NA DOBRADORA FINAL E ACUMULADOR HELIX NO MODO BYPASS)",4.01,OPERACAO,
5707,BAAK,Marília,2026-04-28,LINHA006,ALIMENTADOR DE TAMPAS KRONES L,P.EQ.LINHA,Estrutura,Qualidade de peças,"(ORDEM 30008599083) ROMPIMENTO DA CORRENTE DA ESTEIRA DE TRANSPORTE DE TAMPAS, FEITO A TROCA",31.20,MANUTENCAO,
93128,BAAR,Santa Maria,2026-03-30,LINHA002,(TR) CODIFICADORA MARKEM IMAJE,P.EQ.LINHA,NULL,NULL,FALHA DO SERVO DO CODIFICADOR. TEC. FERNANDO ATUOU.,2.05,MANUTENCAO,
58653,BAAG,Itabirito,2026-07-24,LINHA005,TRANSP PALLET KHS L05,P.EQ.LINHA,Instalação elétrica,Falha PLC,FALHA TROCA AUTOMATICA CHAPATEX,6.00,MANUTENCAO,
56526,BAAG,Itabirito,2026-06-28,LINHA005,TRANSP PCT EMPACOT AMBAF KHS L,P.EQ.LINHA,Sistema elétrico,Sensor/fotocélula desajustado,FALHA DE FALSO PACOTE TRAVADO,3.50,MANUTENCAO,
14340,BAAD,Jundiaí,2026-04-30,LINHA014,ENCHEDORA KRO L14,P.EQ.LINHA,Sistema elétrico,NULL,FALHA BARRAMENTO ASI ELETRONICOS ATUANDO NO PROBLEMA,39.62,MANUTENCAO,
31097,BAAE,Mogi,2026-05-02,LINHA008,ALIMENTADOR DE TAMPA KRONES L0,P.EQ.LINHA,TRANSPORTE VERTICAL,NULL,"ESTEIRA VERTICAL ALIMENTADOR DE TAMPA, ESTAVA TRAVANDO, DEVIDO AO POTENCIOMENTRO DE CONTROLE DE VIBRAÇÃO DA MESMA ESTAR SETADA AO MÁXIMO""""",10.00,OPERACAO,
82081,BAAL,Antonio Carlos,2026-02-08,LINHA003,EMBALADORA PAKMATIC ZWA 45/F E,P.EQ.LINHA,Estrutura,Qualidade de peças,NOTA 13166418 ENROSCANDO O FILME NO ROLO DE BRRACHA.,23.06,OPERACAO,
60542,BAAG,Itabirito,2026-08-11,LINHA001,PALETIZADORA GEB L01,P.EQ.LINHA,Circuito pneumático,Pressão de ar desajustada,"MEC - FALHA DE VÁLVULA BLOQUEADA , DEVIDO PRESSOSTATO DANIFICADO.",30.00,MANUTENCAO,
56150,BAAG,Itabirito,2026-06-24,LINHA005,EMPACOTADORA KHS L05,P.EQ.LINHA,Transporte do forno,NULL,FALHA DE ACUMULO NA SAÍDA DO FORNO,6.00,OPERACAO,
28679,BAAE,Mogi,2026-04-02,LINHA001,ENCHEDORA L01,P.EQ.LINHA,Sistema elétrico,NULL,FALHA NO RESET DAS PORTAS,18.00,MANUTENCAO,
77416,BAAJ,Maringá,2026-08-21,LINHA004,ENVOLVEDORA SID LI04,P.EQ.LINHA,SISTEMA DE CORTE DO FILME,NULL,FALHA NA PINÇA,8.08,MANUTENCAO,
23352,BAAE,Mogi,2026-01-14,LINHA002,CAPSULADOR GARRAFAS KHS L02,P.EQ.LINHA,Sistema de Tampamento,NULL,TAMPA COM BOTOQUER MORDIDO,7.29,OPERACAO,
15368,BAAD,Jundiaí,2026-05-16,LINHA014,PALETIZADOR KRO L14,P.EQ.LINHA,SISTEMA ENTRADA,NULL,FALHA NA VIA 1 E VIA 2 FALTANDO CAIXA,18.00,OPERACAO,
24913,BAAE,Mogi,2026-02-07,LINHA001,TRANSP PALETE KHS L01,P.EQ.LINHA,Estrutura,Suporte transportador danifica,ACUMULO DE PALETE NO TRANSPORTE ENVOLVEDORA PARADA / MANUTENÇÃO ATUANDO NO TRANSPORTE DE SAIDA DA ENVOLVEDORA,3.12,MANUTENCAO,
15557,BAAD,Jundiaí,2026-05-19,LINHA008,PREPARADOR BEBIDAS SAS L08,P.EQ.LINHA,Instalação elétrica,Falha PLC,BOMBA DE MISTURA EM FALHA,2.00,MANUTENCAO,
83175,BAAL,Antonio Carlos,2026-04-01,LINHA007,ROBO BOX KRONES KR68481 L07,P.EQ.LINHA,NULL,NULL,FALHA NA FORMAÇÃO DE CAMADAS E COLIDINDO PACOTES NOTA 13221624,7.47,INCONCLUSIVO,Descrição não informa a causa com segurança apenas pela observação.
62089,BAAG,Itabirito,2026-08-25,LINHA004,TRP CURVA 180°,P.EQ.LINHA,NULL,NULL,"CRASH NA CURVA 180, ESTEIRA DANIFICADA",14.00,MANUTENCAO,
33676,BAAE,Mogi,2026-05-29,LINHA002,CAPSULADOR GARRAFAS KHS L02,P.EQ.LINHA,Sistema de instrumentos e cont,NULL,AJUSTE DA PINÇA DA ESTRELA DE SAÍDA DO CÁPSULADOR,15.00,OPERACAO,
94612,BAAR,Santa Maria,2026-05-07,LINHA001,ENCHEDORA DELTA - L01,P.EQ.LINHA,Sistema Transporte,NULL,ENROSCO DE GRF ESTRELA ENTRADA CAPSULADOR,2.00,OPERACAO,
10919,BAAD,Jundiaí,2026-03-06,LINHA021,ARMADORA SACMI L21,P.EQ.LINHA,SISTEMA DE TRAÇÃO,NULL,CORRENTE SAIU DE POSIÇÃO,45.00,MANUTENCAO,
17434,BAAD,Jundiaí,2026-06-25,LINHA017,(TR) CODIFICADORA VIDEO JET (R,P.EQ.LINHA,NULL,NULL,FALHA DA VIDEO-JET,46.17,MANUTENCAO,
43126,BAAG,Itabirito,2026-01-15,LINHA001,TRANSP GFS LAV GFS ASEBI GEB L,P.EQ.LINHA,Instalação elétrica,Cabo elétrico danificado,ELE – CABO SOLTO OCASIONANDO NO DRIVE 0256 OCASIONANDO FALHA DE REDE – CABO ESTICADO E FORA DA TRAVA,35.00,MANUTENCAO,
61844,BAAG,Itabirito,2026-08-22,LINHA004,TRP CURVA 180°/ENTRADA ROBÔ FA,P.EQ.LINHA,NULL,NULL,ANOMALIAS DA CURVA 180 NOAT ABERTA CRASH,5.00,INCONCLUSIVO,Descrição não informa a causa com segurança apenas pela observação.
5581,BAAK,Marília,2026-03-30,LINHA001,ENCHEDORA VVF 63/12 H K LI01,P.EQ.LINHA,Estrutura,NULL,"CRASH NA SAIDA DA ENCHEDORA NA VALVULA 33  , LIMPEZA DA MAQUINA",10.00,OPERACAO,
41936,BAAF,Campo Grande,2026-09-08,LINHA001,ENCHEDORA KHS L01,P.EQ.LINHA,SISTEMA ENCHIMENTO VVF 60/10 K,NULL,"REGUA DOS ESNIFTERS FROUXA E COM O PARAFUSO DANIFICADO(TORTO), SAINDO FORA DE POSICÄO",14.00,MANUTENCAO,
9314,BAAD,Jundiaí,2026-02-14,LINHA013,CAPSULADOR KHS L13,P.EQ.LINHA,Sistema de Tampamento,NULL,QUEDA DE GARRAFA MAL ARROLHADA NA AREA DE SEPARAÇAO DA EMPACOTADORA,8.83,OPERACAO,
21143,BAAD,Jundiaí,2026-08-19,LINHA001,TRANSP LATAS WARMER EMPA KET L,P.EQ.LINHA,SISTEMA CINTAS TRANSPORTE KET,NULL,QUEBRA DA ESTEIRA DO TRANPOSRTE DE LATAS PARA A KHS,14.00,MANUTENCAO,
14079,BAAD,Jundiaí,2026-04-25,LINHA033,ENCHEDORA TTP L33,P.EQ.LINHA,Unidade de emenda automática,NULL,MANGUEIRA DE AR OBSTRUÍDA,20.76,MANUTENCAO,
95758,BAAR,Santa Maria,2026-06-08,LINHA001,TRANSP GRF PET SOPRAD-ROTUL (A,P.EQ.LINHA,Sistema Estrutura,Transportador desnivelado,GRFS TRAVANDO NA DESCIDA DO AEREO E NA ENTRADA DA ROTULADORA,3.00,OPERACAO,
94906,BAAR,Santa Maria,2026-05-16,LINHA004,PALETIZADORA SANMARTIN SIRIO M,P.EQ.LINHA,Sistema Elétrico,NULL,PALETIZADORA VELOCIDADE DO MANIPULADOR FORA DE PADRÃO TEC LUIZ ATUANDO NA CAUSA RAIZ,18.48,OPERACAO,
37369,BAAE,Mogi,2026-08-29,LINHA001,ENCHEDORA L01,P.EQ.LINHA,Sistema de enchimento,NULL,PERDA DO TUBO DE AR,22.60,MANUTENCAO,
30090,BAAE,Mogi,2026-04-21,LINHA003,RINSER L03,P.EQ.LINHA,SISTEMA ESTRUTURA RZ- RET-P-40,NULL,"GUIA DE CORPO DA GARRAFA NA ENTRADA DO RINSER, FORA DE POSIÇÃO GERANDO ENTRADA DE GARRAFAS TORTAS E ENROSCO DE GARRAFA NA ENTRADA DO RINSER.",6.96,OPERACAO,
5691,BAAK,Marília,2026-04-21,LINHA005,TRANSP CXS GRFS CH PAL,P.EQ.LINHA,Sistema de instrumentos e cont,NULL,"TRAVAMENTO DO TRANSPORTE DE SAIDA DA ENCAIXOTADORA,SAIU FORA DO GUIA",10.47,OPERACAO,
88860,BAAO,Porto Alegre,2026-08-12,LINHA004,ALIMENTADOR ROLHAS MULTISERV,P.EQ.LINHA,Sistema Elétrico,NULL,SENSOR DO ESPELHO FORA DE POSIÇÃO,17.80,OPERACAO,
98468,BAAR,Santa Maria,2026-08-19,LINHA002,TRANSP PAC PET EMPACOT-PALETIZ,P.EQ.LINHA,Sistema Estrutura,Suporte transportador danifica,CONGESTIONAMENTO DE PACOTES NA ESTEIRA DE TRANSPORTE DEVIDO GUIA TER ABERTO POR ESTAR DANIFICADA,7.37,MANUTENCAO,
76966,BAAJ,Maringá,2026-08-11,LINHA004,INSPETOR FINAL VIEW HEU LI04,P.EQ.LINHA,Sistema de Instrumentos e Cont,NULL,"EXCESSO DE FALSO REJEITO, OCASIONANDO TORQUE NA ENCHEDORA",5.94,INCONCLUSIVO,Descrição não informa a causa com segurança apenas pela observação.
78786,B0AC,Bauru,2026-02-28,LINHA003,PALETIZADOR 2 IEF,P.EQ.LINHA,SISTEMA ESTRUTURA PPMUS IEF,NULL,REGULAGEM DO ELEVADOR DE CAMADAS ORDEM 30008407165,7.00,OPERACAO,
59414,BAAG,Itabirito,2026-08-01,LINHA007,CARBONATADOR KHS L07,P.EQ.LINHA,Sistema de Controle,NULL,BRIX BAIXO,60.00,OPERACAO,
34979,BAAE,Mogi,2026-07-06,LINHA007,AGREGADO ROTULAGEM C1B KRONES,P.EQ.LINHA,DISPOSITIVO CORTE FILME,NULL,"FALHA NA POSIÇÃO DE CORTE DA BOBINA AGREGADO 2, FEITO LIMPEZA NOS COMPONETES E TROCADO ROTULO",31.20,OPERACAO,
5257,BAAK,Marília,2026-02-17,LINHA006,PALETIZADORA OCME L06,P.EQ.LINHA,Sistema elétrico,NULL,FALHA NO SENSOR DE ESTEIRA LENTA,3.00,MANUTENCAO,
81570,BAAL,Antonio Carlos,2026-01-17,LINHA007,ENVOLVEDORA KRONES L07,P.EQ.LINHA,NULL,NULL,OCORRENDO QUE O TUBO DE DESCARTE DE BOBINA NAO ESTAR CONSEGUINDO SEGURAR O TUBETE PARA A TROCA COM ISSO OCORRE A FALHA .NOTA 13140689,4.80,MANUTENCAO,
48434,BAAG,Itabirito,2026-03-18,LINHA001,TRANSP GFS LAV GFS ASEBI GEB L,P.EQ.LINHA,Instalação elétrica,Falha no variador de frequenci,FALHA DE MODULAÇÃO DO TRANSPORTE.,20.00,MANUTENCAO,
74957,BAAJ,Maringá,2026-06-25,LINHA002,PROPORCIONADOR ZIE LI02,P.EQ.LINHA,Sistema de Bombeamento,NULL,BOMBA DE MISTURA DESARMOU,3.32,MANUTENCAO,
61715,BAAG,Itabirito,2026-08-21,LINHA008,TRANSP ENCHEDORA WARMER KHS L0,P.EQ.LINHA,Cintas de transporte,Cadeia de transporte danificad,MEC - EXCESSO DE LATAS TOMBADAS GERANDO CRASH NOS ALINHADORES - NOTA 13362480.,31.83,OPERACAO,
87731,BAAO,Porto Alegre,2026-04-23,LINHA001,TRANSPORTE DE GARRAFAS,P.EQ.LINHA,Sistema Motriz,NULL,"SQUEEZER CRASH - AJUSTE DE VELOCIDADE ENTRE SQUEEZER E O SECADOR DA ROTULADORA,",15.60,OPERACAO,
14941,BAAD,Jundiaí,2026-05-11,LINHA005,EMPACOTADORA ACMI L05,P.EQ.LINHA,Cintas de transporte,Corrente de separação danifica,CORRENTE DO SINTEMA DE SEPARAÇÃO COM FOLGA,4.00,MANUTENCAO,
62508,BAAG,Itabirito,2026-08-31,LINHA005,INSP NIVEL TAMPA HEUFT L05,P.EQ.LINHA,SISTEMA REJEITORES HBBVXT HEU,NULL,FALHA NA REJEIÇÃO DE GARRAFAS SEM TAMPA,6.33,MANUTENCAO,
35732,BAAE,Mogi,2026-08-05,LINHA003,EMPACOTADORA L03,P.EQ.LINHA,Sistema de vácuo,NULL,AJUSTE NAS VENTOSAS E NAS PRISILHAS DO PEGADOR DE CARTÃO,20.00,OPERACAO,
84936,BAAL,Antonio Carlos,2026-07-27,LINHA003,EMBALADORA PAKMATIC ZWA 45/F E,P.EQ.LINHA,Sistema de Instrumentos e cont,NULL,ENROLOU FILME NO ROLO DE TRANFERENCIA. NOTA 13337891,2.64,OPERACAO,
17451,BAAD,Jundiaí,2026-06-26,LINHA001,TRANSP PACOTES EMP PALET 1 SAN,P.EQ.LINHA,Cintas de transporte,Roda dentada danificada,RODA DENTADA DANIFICADA LADO KHS,20.00,MANUTENCAO,
31268,BAAE,Mogi,2026-05-04,LINHA008,INSPETOR CHECKMAT FEM-K+L KRON,P.EQ.LINHA,MONITORACAO PRODUTO,NULL,FALHA NO CHECKMAT NA BARREIRA DE LUZ,16.82,MANUTENCAO,
56655,BAAG,Itabirito,2026-06-30,LINHA001,TRANSP GFS ROTUL ENCA GEB L01,P.EQ.LINHA,NULL,NULL,"ROTULADORA RODANDO ABAIXO DA NOMINAL, DEVIDO FALHA NA MODULAÇÃO E TOMBAMENTO",7.00,MANUTENCAO,
13781,BAAD,Jundiaí,2026-04-21,LINHA016,ENCHEDORA KRONES L16,P.EQ.LINHA,Instalação elétrica,NULL,"SENSOR IDENTIFICOU QUE UMA DAS PORTAS DA RECRAVADORA ESTAVA ABERTA, MAS NÃO ESTAVA, PARANDO REPENTINAMENTE A MÁQUINA SAINDO DE SINCRONISMO",14.00,MANUTENCAO,
73103,BAAJ,Maringá,2026-05-15,LINHA006,MIXER STARBLEND PLUS SID,P.EQ.LINHA,CIRCUITO BEBIDA STARBLEND PLUS,NULL,"ERRO NO PROGRAMA, NAO ESTAVA ABRINDO A VALVULA DO TANQUE",15.00,MANUTENCAO,
75278,BAAJ,Maringá,2026-07-01,LINHA004,TRANSP PALETES CHEIO SID LI04,P.EQ.LINHA,Sistema Elétrico,NULL,FALHA NO INVERSOR DO MOTOR 420,5.45,MANUTENCAO,
12346,BAAD,Jundiaí,2026-03-26,LINHA016,DESPALETIZADORA OCME L16,P.EQ.LINHA,Instalação elétrica,NULL,CONECTOR DA BARREIRA 14 COM MAL CONTATO (NOTA:13213816),8.00,MANUTENCAO,
18252,BAAD,Jundiaí,2026-07-08,LINHA015,TRANSP GAR ENCH ROTUL KRO L15,P.EQ.LINHA,Sistema Motriz,Correia de transmissão danific,ESTEIRAS DANIFICADAS NA SAIDA DO CAVALO MARINHO 1 CAUSANDO QUEDA DE GARRAFAS,2.00,MANUTENCAO,
92110,BAAR,Santa Maria,2026-03-05,LINHA001,ENCHEDORA DELTA - L01,P.EQ.LINHA,Sistema Entrada,NULL,"VALVULAS 14 , 25 , 27 , E 60 ENCHENDO DEMAIS .REALIZADO ALINHAMENTO DE SAPATAS E PEDESTAIS 30008420702",12.00,OPERACAO,
30103,BAAE,Mogi,2026-04-21,LINHA007,CAPSULADOR KRONES L07,P.EQ.LINHA,ALIMENTACAO TAMPAS,NULL,"GARRAFAS SAINDO COM TAMPA TORTA, RETIRADA DOS LACRES PRESOS DAS TAMPAS NOS BOCAIS",23.54,OPERACAO,
74065,BAAJ,Maringá,2026-06-02,LINHA004,EMPACOTADORA VEGA OCM,P.EQ.LINHA,SISTEMA DE  AGRUPAMENTO,NULL,"FALHA NO PINO DE SEPARAÇÃO DAS GARRAFAS,",59.03,MANUTENCAO,
24075,BAAE,Mogi,2026-01-26,LINHA001,MO1 TRANSP ROT RINSER KRO,P.EQ.LINHA,Estrutura,Guia pescoço danificada,ENROSCO  DE GARRAFA TRANSPORTE AEREO,3.12,OPERACAO,
44033,BAAG,Itabirito,2026-01-25,LINHA003,TRANS SYNCO MESA REJEITO/WARME,P.EQ.LINHA,Sistema motriz,Velocidade desajustada,EXCESSO DE GARRAFAS TOMBADAS,17.51,OPERACAO,
41830,BAAF,Campo Grande,2026-08-31,LINHA003,DESPALETIZADORA LATAS KHS L03,P.EQ.LINHA,Instalação elétrica,Painel de controle falha,FALHA NA SAÍDA DE PALETES.,31.68,MANUTENCAO,
39858,BAAF,Campo Grande,2026-05-07,LINHA003,DESPALETIZADORA LATAS KHS L03,P.EQ.LINHA,Instalação elétrica,Falha PLC,DESARME E PERDA DE COMUNICAÇÃO,13.00,MANUTENCAO,
58721,BAAG,Itabirito,2026-07-25,LINHA007,EMPACOTADORA KHS L07,P.EQ.LINHA,Sistema elétrico,Componente de controle danific,"RESISTENCIA QUEIMADA, SAINDO PACOTES ABERTOS",13.20,MANUTENCAO,
34548,BAAE,Mogi,2026-06-15,LINHA003,ENVOLVEDORA FILME SAN MARTIN,P.EQ.LINHA,Sistema de instrumentos e cont,NULL,PISTÃO COM DEFEITO ( RETIRADA DE PALETE COM A EMPILHADEIRA),6.24,MANUTENCAO,
96702,BAAR,Santa Maria,2026-06-30,LINHA002,ROTULADORA AUT ROTAT SACMI LI0,P.EQ.LINHA,Sistema mecânico,NULL,"CORREÇÃO NA DOSAGEM DE COLA, DIMINUIÇÃO DO NIVEL DE COLA NO TAMBOR NOTA:30008773100",10.00,OPERACAO,
60800,BAAG,Itabirito,2026-08-13,MULTI009,TRP PALLET ENVOLVEDORA FINAL L,P.EQ.LINHA,Sistema Elétrico,NULL,"TRP54 CENTRAGEM DE PALETES, CONSEQUENTEMENTE PERDA DE CONTAGEM",6.69,OPERACAO,
94849,BAAR,Santa Maria,2026-05-15,LINHA001,ENCHEDORA DELTA - L01,P.EQ.LINHA,Sistema Motriz,NULL,GARRAFAS TRANCANDO NA SAPADA 46,6.00,OPERACAO,
19528,BAAD,Jundiaí,2026-07-27,LINHA016,TRP ENVOLVEDORA / TRP DE PALLE,P.EQ.LINHA,NULL,NULL,"FALTA DE LIMITADORES NO TRANSPORTE DE PALETES POSIÇÃO 161, OCASIONANDO PARADAS NO TRANSPORTE QUANDO O EMPILHADOR VAI RETIRAR OS PALETES.",17.27,MANUTENCAO,
81244,BAAL,Antonio Carlos,2026-01-05,LINHA003,ENCHEDORA HOLSTEIN VVF 60/10 E,P.EQ.LINHA,Sistema de segurança,NULL,13122757 PORTA COM FALHA NO SENSOR DE SEGURANÇA,8.53,MANUTENCAO,
88691,BAAO,Porto Alegre,2026-07-23,LINHA002,ENCHEDORA DE LATAS,P.EQ.LINHA,Sistema de enchimento,NULL,"VALVULA 18 ESPUMANDO, VERIFICAÇÃO DA BORRACHA DA TULIPA",9.31,INCONCLUSIVO,Descrição não informa a causa com segurança apenas pela observação.
5431,BAAK,Marília,2026-03-16,LINHA003,REGUA ULTRASSONICA HEU LI03,P.EQ.LINHA,Instalação elétrica,NULL,AJUSTE CAINDO GARRAFA,9.50,OPERACAO,
69756,BAAJ,Maringá,2026-03-06,LINHA005,TRANSP EMBALAGENS TTP L05,P.EQ.LINHA,SISTEMA ESTRUTURA TET,NULL,ENROSCO NA ENTRADA DO HELIX,10.00,OPERACAO,
20157,BAAD,Jundiaí,2026-08-05,LINHA013,TRANSP PACOTES AMBAFLEX PALET,P.EQ.LINHA,SISTEMA ESTRUTURA INNOLINE GTR,NULL,QUEDA DA ESTEIRA  - EMBORRADA DA  MESA DE ENTRADA DA PALETIZADORA,10.00,MANUTENCAO,
65314,BAAI,Curitiba,2026-07-03,LINHA003,ENVOLVEDOR HALMEC HP88E,P.EQ.LINHA,Sistema Motriz,Rolamento danificados,AJUSTE NO ROLINHO DEO SENSOR DE PARA PALETE,6.00,OPERACAO,
6392,BAAK,Marília,2026-09-07,LINHA005,ENCHEDORA EUROSTAR SID LI05,P.EQ.LINHA,Sistema de instrumentos e cont,NULL,"ATRASO POR FALHA EM SENSORES DE GARRAFA FALSA NO CIP, ENXÁGUE PARA COLETA MICROBIOLÓGICA E ESPAÇO NA LAVADORA PARA CARREGAMENTO",40.20,MANUTENCAO,
77836,BAAJ,Maringá,2026-09-03,LINHA004,TRANSP GFS ROTULA EMPAC SID LI,P.EQ.LINHA,Sistema Motriz,Eixo da transmissão danificado,"FALHA NO MOTOR 229, ENGRENAGEM DO ROLAMENTO CENTRAL DANIFICADA",25.57,MANUTENCAO,
35851,BAAE,Mogi,2026-08-08,LINHA003,ENCHEDORA ZEGLA L03,P.EQ.LINHA,SISTEMA ESTRUTURA RZRETP40/50/,NULL,FALHA NO ENCHIMENTO DAS GARRAFAS / MECANICO ACOMPANHANDO A LINHA  / VALVULA N47 TRAVADA,30.00,MANUTENCAO,
72583,BAAJ,Maringá,2026-05-05,LINHA006,TRANSP GARRAFA ENCH EMPC SID,P.EQ.LINHA,TRANSPORTE SID 2010,NULL,RETIRADA DE 1 ELO DA ESTEIRA DE SAÍDA DA ENCHEDORA,5.87,MANUTENCAO,
95870,BAAR,Santa Maria,2026-06-09,LINHA004,TRANSP LAT WARMER-EMPACOT,P.EQ.LINHA,Sistema Estrutura,Estrutura suja,LATA CAIDA NA ESTEIRA.,2.68,OPERACAO,
95975,BAAR,Santa Maria,2026-06-15,LINHA001,TRANSP GRF PET SOPRAD-ROTUL (A,P.EQ.LINHA,Sistema Estrutura,Transportador desnivelado,GRFS TRAVANDO EM VARIOS PONTOS DA SOPRADORA PARA ROTULADORA,9.00,OPERACAO,
94157,BAAR,Santa Maria,2026-04-27,LINHA001,INSPETOR DE NIVEL E TAMPA SPEC,P.EQ.LINHA,Sistema Detector de Metais,NULL,GARRAFAS CAINDO NA ESTEIRA DO INSPETOR,6.00,OPERACAO,
77027,BAAJ,Maringá,2026-08-12,LINHA006,TRANSPORTE MASSICO DE TAMPAS T,P.EQ.LINHA,NULL,NULL,"AJUSTE ESTRELA, A MESMA NAO TIRANDO TAMPA VIRADAS,  NOTA13353178",24.00,OPERACAO,
39845,BAAF,Campo Grande,2026-05-07,LINHA001,INSPETOR ASEBI FILTEC OMNIVISI,P.EQ.LINHA,Estrutura,Qualidade de peças,LIMPEZA DA CAMERA BASE 2,2.00,OPERACAO,
33155,BAAE,Mogi,2026-05-23,LINHA003,MO3 ROTULADORA CONTIROLL KRO,P.EQ.LINHA,Sistema de transferência de ga,NULL,ENROSCO DE GARRAFA NA ESTREJA DE SAIDA E ENROSCO NO AR TRANS,10.00,OPERACAO,
96417,BAAR,Santa Maria,2026-06-23,LINHA003,REFRISAT/CHILLER- L03,P.EQ.LINHA,Sistema Estrutura,NULL,FALTA DE AGUA NO REGFRISAT,8.46,OPERACAO,
56566,BAAG,Itabirito,2026-06-29,LINHA001,TRANSP GFS WARMER ROTUL GEB L0,P.EQ.LINHA,NULL,NULL,"ELE - FALHA NA MODUÇÃO NO ALINHADOR ENTRADA DA ROTULADORA, ALARME SONORO E ESPAÇAMENTO, TOMBAMENTO DE GARRAFAS",28.00,MANUTENCAO,
74966,BAAJ,Maringá,2026-06-25,LINHA003,RINSER KHS LI03,P.EQ.LINHA,Sistema de transferência de ga,NULL,PINÇA N*4 TRAVANDO,9.66,MANUTENCAO,
56884,BAAG,Itabirito,2026-07-02,LINHA003,ROTULADORA KRONES K801502 L03,P.EQ.LINHA,Sistema de instrumentos e cont,NULL,ROTULO AGARRANDO NO CILINDRO DE TRANSFERENCIA AGREGADO 2. CILINDRO DESBALANCEADO.,1.10,MANUTENCAO,
10892,BAAD,Jundiaí,2026-03-06,LINHA001,ENCHEDORA,P.EQ.LINHA,Válvulas de enchimento,NULL,TROCA DA VALVULA 94. FOI TROCADO AS VENDAÇÕES.,5.92,MANUTENCAO,
69183,BAAJ,Maringá,2026-02-24,LINHA007,LACRADOR KHS LI07,P.EQ.LINHA,NULL,NULL,ENROSCO DE TAMPAS NO TWISTER VIRADOR DE TAMPAS CAUSANDO FALTA DE TAMPAS NA CANALETA.,3.21,OPERACAO,
12202,BAAD,Jundiaí,2026-03-24,LINHA006,TRANSP GAR ENCH EMP ACMI L06,P.EQ.LINHA,Instalação elétrica,Falha PLC,FALHA DE CONEXAO DE REDE DO TRANSPORTE PARA ENCHEDORA,11.12,MANUTENCAO,
54875,BAAG,Itabirito,2026-06-11,LINHA006,INSP NIVEL TAMPA HEU L06,P.EQ.LINHA,Rejeitores,Segmento de rejeito desajustad,AJUSTE NO INPETOR DE NIVEL PELO TECNICO HEUFT,6.47,OPERACAO,
8694,BAAD,Jundiaí,2026-02-05,LINHA016,ENVOLVEDORA ROBOPAC L16,P.EQ.LINHA,Sistema Arca,NULL,GUIA DO PORTA BOBINAS DA ARC DANIFICADA.,6.00,MANUTENCAO,
5196,BAAK,Marília,2026-02-12,LINHA003,ENCHEDORA EUROTRONICA FM LI03,P.EQ.LINHA,Sistema elétrico,NULL,FALHA NO CARTÃO MESTRE,10.50,MANUTENCAO,
23810,BAAE,Mogi,2026-01-21,LINHA001,TRANS PACOT EMPACOT PALETIZA L,P.EQ.LINHA,Sistema de instrumentos e cont,NULL,TRAVAMENTO DA ESTEIRA DO TRANSPORTE DE PACOTES,60.00,OPERACAO,
71510,BAAJ,Maringá,2026-04-13,LINHA007,INSPETOR GARRAFAS CHEIA HEUFT,P.EQ.LINHA,Sistema de instrumentos e cont,NULL,INSPETOR DE NIVEL NÃO ESTA RECONHECENDO AS TAMPAS,10.58,MANUTENCAO,
21390,BAAD,Jundiaí,2026-08-22,LINHA016,TRP REJEITOS L16,P.EQ.LINHA,NULL,NULL,FALHA NA REJEIÇÃO,2.00,MANUTENCAO,
42553,BAAG,Itabirito,2026-01-09,LINHA004,TRP SAÍDA PONTE VÁCUO 2.1/ENTR,P.EQ.LINHA,NULL,NULL,FALHA DE COMUNICAÇÃO ENTRE OS TRP DE SAÍDA DA PONTE DE VÁCUO E ENCHEDORA .,60.00,MANUTENCAO,
62037,BAAG,Itabirito,2026-08-24,MULTI009,PALETIZADORA ACMI LI09,P.EQ.LINHA,Sistema de segurança,NULL,PERCA DE CONTAGEM,12.00,INCONCLUSIVO,Descrição não informa a causa com segurança apenas pela observação.
80541,B0AC,Bauru,2026-07-31,LINHA006,EMPACOTADORA EVOFILM 4M F4 SID,P.EQ.LINHA,SISTEMA CONTROLE EVOFILM 4M F4,NULL,FALHA NO SISTEMA DE ENTRADA DE PACOTES,12.51,MANUTENCAO,
81336,BAAL,Antonio Carlos,2026-01-08,MULTI006,EMPACOTADORA ACMI LI06,P.EQ.LINHA,Sistema de Instrumentos e cont,NULL,"FALHAS NO EIXO Z1 CONSECUTIVAS, REALIZANDO RESET NO EQUIPAMENTO, NOTA 13128007.",15.00,MANUTENCAO,
96563,BAAR,Santa Maria,2026-06-26,LINHA001,"SOPRADORA BLOMAX 10L, SERIE 5",P.EQ.LINHA,Sistema elétrico,NULL,FALHA ELETRICA AEREO ON LINE  MAN. ATUANDO,15.64,MANUTENCAO,
29708,BAAE,Mogi,2026-04-16,LINHA003,RINSER L03,P.EQ.LINHA,SISTEMA ESTRUTURA RZ- RET-P-40,NULL,"REGULAGEM DA GARRA DO RINSER, O MESMO ESTAVA AMSSANDO GARRAFAS",11.00,OPERACAO,
10280,BAAD,Jundiaí,2026-02-27,LINHA016,TRP CANTRONIC 1/ RINSER L16,P.EQ.LINHA,NULL,NULL,ABRINDO ESPACO ENTRE AS LATAS ASSIM QUE PASSA NO SENSOR DE 3 PONTOS PARANDO A ENCHEDORA,2.30,MANUTENCAO,
79424,B0AC,Bauru,2026-04-21,LINHA006,DOSADOR NITROGENIO G2 PRO VAC,P.EQ.LINHA,SISTEMA UNIDADE DOSAGEM SID,NULL,FALHA DOSAGEM NITROGENIO / AGUARDANDO ORDEM ELETRICA,12.00,MANUTENCAO,
20118,BAAD,Jundiaí,2026-08-05,LINHA012,CAPSULADOR KHS L12,P.EQ.LINHA,Torre capsuladora,Torque desajustado,"ALTO TORQUE NO CABEÇOTE N2 OCASIONANDO MARCAÇÃO NA TAMPA , FOI REALIZADO O AJUSTE",13.50,OPERACAO,
51000,BAAG,Itabirito,2026-04-24,LINHA006,TRANSP PCT EMPACOT AMBAF KHS L,P.EQ.LINHA,Transportadores,NULL,TRAVAMENTO PACOTES TRANSPORTE,8.00,OPERACAO,
38383,BAAF,Campo Grande,2026-01-16,LINHA001,CAPSULADOR KHS L01,P.EQ.LINHA,SISTEMA ELETRICO DELTA 10 RP K,NULL,"AMASSANDO GARRAFAS NO CARACOL ,DE ENTRADA, CAPSULADOR NÃO ACOMPAMHA A VELOCIDADE DA ENCHEDORA",10.00,OPERACAO,
85282,BAAL,Antonio Carlos,2026-08-13,LINHA002,EMBALADORA KHS SP080V EMB0016,P.EQ.LINHA,Sistema de Instrumentos e cont,NULL,TRANCOU  BARRA  DE  ARRASTE,2.50,INCONCLUSIVO,Descrição não informa a causa com segurança apenas pela observação.
87845,BAAO,Porto Alegre,2026-04-30,LINHA001,LAVADORA DE GARRAFAS,P.EQ.LINHA,Sistema Elétrico,NULL,MOTOR DO TRANSPORTE DA LAVADORA DESARMOU PARADA SAMMARTINS,1.69,MANUTENCAO,
41372,BAAF,Campo Grande,2026-08-08,LINHA001,INSPETOR ASEBI FILTEC OMNIVISI,P.EQ.LINHA,Estrutura,Qualidade de peças,FALHA NO TESTE INSPECÄO HEUFT,18.00,MANUTENCAO,
87319,BAAO,Porto Alegre,2026-03-25,LINHA006,TRANSPORTE DE PACOTES,P.EQ.LINHA,Sistema Estrutura,NULL,PACOTES CAIDOS NA CURVA DO TRP 6025,9.80,OPERACAO,
40387,BAAF,Campo Grande,2026-06-16,LINHA002,EMPACOTADORA SMI L02,P.EQ.LINHA,Instalação elétrica,Falha PLC,FORA DO PARAMETRO,30.00,OPERACAO,
92579,BAAR,Santa Maria,2026-03-18,LINHA004,ENCHEDORA DE LATAS EM-D-30 KHS,P.EQ.LINHA,Sistema de Instrumentos e cont,NULL,"TROCA DA AGULHA DA VÁLVULA 28,ESTAVA COM BORRACHA DANIFICADA",10.00,MANUTENCAO,
16491,BAAD,Jundiaí,2026-06-10,LINHA001,PALETIZADORA 1 L01,P.EQ.LINHA,Sistema elétrico,NULL,"FALHA NO SERVO DO CENTRADOR, FOI NECESSARIO RESETAR GERAL O EQUIPAMENTO.",30.43,MANUTENCAO,
98655,BAAR,Santa Maria,2026-08-26,LINHA002,TRANSP PALLET PET- PALETIZADOR,P.EQ.LINHA,Sistema Estrutura,Qualidade de peças,"SOBRECARGA NO MOTOR DO TRANSPORTRE DE PALETE, FOI AUMENTADO A VELOVIDADE DO MOTOR PARA REDUZIR A CORRENTE",8.86,OPERACAO,
37934,BAAE,Mogi,2026-09-04,LINHA008,TRANSPORTE GARR. ENCH-EMPAC KR,P.EQ.LINHA,DISTRUICAO E SEPARACAO FLOWLIN,NULL,GARRAFA CAINDO APÓS O FLOWLINE,14.74,OPERACAO,
94031,BAAR,Santa Maria,2026-04-23,LINHA003,MAGAZINE DE PALLETS- PALETIZAD,P.EQ.LINHA,Sistema Estrutura,Qualidade de peças,BOTAO DE ACIONAMENTO DAS GARRA NAO ACIONANDO MANUAL ( FOI TROCADO BOTAO),7.20,MANUTENCAO,
70790,BAAJ,Maringá,2026-03-28,LINHA006,TRANSPORTE MASSICO DE TAMPAS T,P.EQ.LINHA,NULL,NULL,"TALISCA DO TRANSPORTE DE TAMPAS QUEBRADA, OCASIONANDO A QUEBRA DE LACRE ENROSCANDO LACRE NA CANALETA QUEDA DE GARRAFAS NA SAÍDA DO CAPSULADOR, OCASION",9.75,MANUTENCAO,
12441,BAAD,Jundiaí,2026-03-27,LINHA012,CAPSULADOR KHS L12,P.EQ.LINHA,Torre capsuladora,Torque desajustado,AJUSTE NO TORQUE DO CABEÇOTE 4,2.00,OPERACAO,
56656,BAAG,Itabirito,2026-06-30,LINHA001,ENCAIXOTADORA GEB L01,P.EQ.LINHA,Circuito pneumático,Mangueira pneumática danificad,CILINDRO COM VAZAMENTO NOTA:30008262831,3.00,MANUTENCAO,
15478,BAAD,Jundiaí,2026-05-18,LINHA015,TRANSP GAR ROTUL EMP KRO L15,P.EQ.LINHA,Sistema Elétrico,NULL,AJUSTE DE VELOCIDADE DO TRANSPORTE ROT2,9.60,OPERACAO,
10555,BAAD,Jundiaí,2026-03-02,LINHA015,ROTULADORA GARRAFAS 2 KRO L15,P.EQ.LINHA,Sistema de Lubrificação,NULL,TULIPAS TRAVADAS POR FALTA DE LUBRIFICAÇÃO E GRAXA VELHA,15.00,MANUTENCAO,
87613,BAAO,Porto Alegre,2026-04-14,LINHA001,ROTULADORA ROTATIVA LI01,P.EQ.LINHA,Sistema de transferência de ga,NULL,FALHA NA ROTULAGEM DO AGREGADO 1,21.57,INCONCLUSIVO,Descrição não informa a causa com segurança apenas pela observação.
85857,BAAO,Porto Alegre,2026-01-11,LINHA003,ALIMENTADOR ROLHAS MULTISERV,P.EQ.LINHA,Sistema de instrumentos e cont,NULL,TAMPA TRANCADA NO TRILHO.,6.45,OPERACAO,
25358,BAAE,Mogi,2026-02-13,LINHA001,PALETIZADOR KHS L01,P.EQ.LINHA,Sistema elétrico,NULL,FALHA NO SENSOR DE SAIDA DA PALETIZADORA,7.00,MANUTENCAO,
88868,BAAO,Porto Alegre,2026-08-13,LINHA006,EMBALADORA,P.EQ.LINHA,Alimentação corte de filme,NULL,"ERRO NO CORTE , ARREBENTOU , FILME FOI REPASSADO",5.00,OPERACAO,
41148,BAAF,Campo Grande,2026-07-29,LINHA001,ENCAIXOTADORA KHS L01,P.EQ.LINHA,ESTRUTURA,NULL,FALHA NA GRELHA,6.00,INCONCLUSIVO,Descrição não informa a causa com segurança apenas pela observação.
64023,BAAI,Curitiba,2026-03-14,LINHA002,ARROLHADOR GRFS VIDRO KHS LI02,P.EQ.LINHA,Estrutura,NULL,13201723 ENROSCO DE TAMPAS NO ARROLHADOR,20.00,OPERACAO,
78272,B0AC,Bauru,2026-01-13,LINHA003,ROTULADORA 1 VEST PREMIUM NAR,P.EQ.LINHA,Sistema Pneumático,NULL,SOLTOU A PINÇA DE NAYLON ( ORDEM 30008254015 ),7.73,MANUTENCAO,
8923,BAAD,Jundiaí,2026-02-08,LINHA006,ENCHEDORA SID LI06,P.EQ.LINHA,Sistema base geral matrix SID,NULL,"PINÇA 17 DA ESTEIRA DE TRANSFERENCIA TRAVADA, FEITO A TROCA.",10.56,MANUTENCAO,
43913,BAAG,Itabirito,2026-01-24,LINHA002,ENCAIXOTADORA KHS L02,P.EQ.LINHA,Mesa de carga,NULL,AJUSTE DE VELOCIDADE DA ESTEIRA DE ENTRADA DE CAIXAS.,7.00,OPERACAO,
73656,BAAJ,Maringá,2026-05-25,LINHA006,CAPSULADORA TSI EURO PK ARO,P.EQ.LINHA,SISTEMA ALIMENTACAO DE TAMPAS,NULL,LACRE QUEBRADO,6.50,OPERACAO,
78223,B0AC,Bauru,2026-01-08,LINHA001,ENCHEDORA BRH LI01,P.EQ.LINHA,Sistema de instrumentos e cont,NULL,FALHA NO SELADOR DO COPO (SELO DESCENTRALIZADO) 30008235702,15.00,OPERACAO,
8919,BAAD,Jundiaí,2026-02-08,LINHA005,TRANSP GAR ENCH EMP SIM L05,P.EQ.LINHA,Cintas de transporte,Cadeia transportadora desajust,ESTEIRA COM FOLGA NECESSARIO RETIRAR ELOS,15.00,MANUTENCAO,
62685,BAAG,Itabirito,2026-09-02,LINHA003,CARBONATADOR KRONES KB40H39 L0,P.EQ.LINHA,Sistema de instrumentos e cont,NULL,FALTA DE BEBIDA DEVIDO A PARAMETRO DA BOMBA G102 NA RECEITA KRONES NÃO ATIGIR QUANTIDADE DE BEBIDA NECESSARIA DA XAROPARIA PARA O MIXER,21.60,OPERACAO,
68511,BAAJ,Maringá,2026-02-14,LINHA002,ENVOLVEDORA PLTS SMN LI02,P.EQ.LINHA,Sistema Elétrico,NULL,FALHA NO SENSOR DE FILME ARREBENTANDO ( REALIZADO A TROCA ),10.00,MANUTENCAO,
59466,BAAG,Itabirito,2026-08-01,LINHA003,CARBONATADOR KRONES KB40H39 L0,P.EQ.LINHA,Sistema de instrumentos e cont,NULL,PERDA DE PRESSÃO NA VALVULA 107,4.00,MANUTENCAO,
7349,BAAD,Jundiaí,2026-01-16,LINHA014,INSP NIVEL CHECK MAT KRO L14,P.EQ.LINHA,Sistema de Inspeção,NULL,ENROSCO DE GARRAFAS DEVIDO A EXCESSO DE FALSA REJEIÇÃO.,5.00,MANUTENCAO,
38673,BAAF,Campo Grande,2026-02-05,LINHA001,EMPACOTADORA GAYNOR L01,P.EQ.LINHA,Sistema de agrupação,Barra empurradora danificada,BARRA EMPURRADORA SAIU DO LUGAR,6.00,MANUTENCAO,
5172,BAAK,Marília,2026-02-10,LINHA001,PALETIZADORA,P.EQ.LINHA,NULL,NULL,"SENSOR DE CAMADA NÃO ESTAVA LENDO NO ESPELHO,FEZ O PROCEDIMENTO MAIS VOLTOU O PROBLEMA NOVAMENTE .",33.33,MANUTENCAO,
41306,BAAF,Campo Grande,2026-08-05,LINHA002,RINSER SAN MARTIN L02,P.EQ.LINHA,Estrutura,Qualidade de peças,MOTOR TRAVADO,17.14,MANUTENCAO,
15108,BAAD,Jundiaí,2026-05-13,LINHA011,TRANSP GAR AQUEC EMPACOT SAN L,P.EQ.LINHA,SISTEMA TRANSPORTE SAN,NULL,DESARME DO TRP LINEAR,10.00,MANUTENCAO,
22441,BAAD,Jundiaí,2026-09-08,LINHA033,ACUMULADOR HELIX HARTNESS LI33,P.EQ.LINHA,Acumulador,NULL,"KAPO AMASSADO, OCASIONANDO ENROSCO NA ARANHA.",20.76,OPERACAO,
38229,BAAE,Mogi,2026-09-08,LINHA007,ROBOBOX KRONES L07,P.EQ.LINHA,PRE AGRUPAMENTO 1,NULL,"PERDA DE REFERENCIA DE CAMADAS NO ROBOX , E MÁ FORMAÇÃO DOS PACOTES NO PRE AGRUPAMENTO ,RETIRADO TODOS OS PACOTES ,ZERADO ROBOBOX E MESA DE AGRUPAMENT",22.97,MANUTENCAO,
98107,BAAR,Santa Maria,2026-08-10,LINHA002,ENVOLVEDORA DE VALGROUP LI02,P.EQ.LINHA,NULL,NULL,ACIONANDO O SENSOR DE SEGURANÇA DE SAIDA DE PALETE ( SUPORTE DO SENSOR DE SAIDA ESTAVA FROUXO   ) FOI REAPERTADO,4.43,MANUTENCAO,
89927,BAAR,Santa Maria,2026-01-16,LINHA004,DESPALETIZADORA DE LATAS- L04,P.EQ.LINHA,Sistema Elevador,NULL,FALHA NO ELEVADOR TEC BRUNO ATUANDO,10.00,MANUTENCAO,
23970,BAAE,Mogi,2026-01-23,LINHA006,DOSADOR DE NITROGENIO,P.EQ.LINHA,NULL,NULL,DOSADOR DE NITROGÊNIO CONGELADO.,34.29,MANUTENCAO,
74132,BAAJ,Maringá,2026-06-05,LINHA003,TRANSP PACOTE EMPACO PAL LOC L,P.EQ.LINHA,Sistema Elétrico,NULL,TRANSPORTE DE PACOTE PARADO.,5.09,INCONCLUSIVO,Descrição não informa a causa com segurança apenas pela observação.
5925,BAAK,Marília,2026-06-13,LINHA003,EMPACOTADORA VARIOPAC KRO LI03,P.EQ.LINHA,Sistema Elétrico,NULL,FALHA NA BOMBA DE VÀCUO DA RAMPA  DE SUBIDA DO FILME ORDEM 30008733922,45.00,MANUTENCAO,
89030,BAAO,Porto Alegre,2026-08-25,LINHA002,ALIMENTADOR DE TAMPAS,P.EQ.LINHA,NULL,NULL,TRP DE TAMPAS DESALINHADO TRANCANDO TAMPAS NO TRANSPORTE,40.00,OPERACAO,
62220,BAAG,Itabirito,2026-08-26,LINHA004,ENVOLVEDORA ROBOPAC GENESIS TH,P.EQ.LINHA,Transporte de palete,NULL,TROCA DE BOBINA MANUALMENTE.,4.00,OPERACAO,
82727,BAAL,Antonio Carlos,2026-03-09,MULTI006,ENVOLVEDORA TOSA LI06,P.EQ.LINHA,Sistema de instrumentos e cont,NULL,"FALHA NO MOTOR DE CORDÃO, CAINDO GARRAFA, REALIZADO RESET, NOTA 13194685.",8.00,MANUTENCAO,
18459,BAAD,Jundiaí,2026-07-11,LINHA012,TRANSP GAR DESENC LAV IEF L12,P.EQ.LINHA,SISTEMA TRANSPORTE SEM MODELO,NULL,DESARME NOS TRANSPORTES DO ALEXUS,3.00,MANUTENCAO,
82539,BAAL,Antonio Carlos,2026-02-26,LINHA003,ALIMENTADOR ROLHAS ARBRAS ALM0,P.EQ.LINHA,Sistema Elétrico,NULL,NOTA 13183980 FALHA  NO ABASTECIMENTO DE TAMPAS,21.28,INCONCLUSIVO,Descrição não informa a causa com segurança apenas pela observação.
10213,BAAD,Jundiaí,2026-02-26,LINHA014,PREPARADOR BEBIDAS KRO L14,P.EQ.LINHA,Sistema de Válvulas,NULL,"VÁLVULA Q136 EM FALHA, OCASIONANDO QUEDA DO BRIX.",13.37,MANUTENCAO,
42872,BAAG,Itabirito,2026-01-13,LINHA003,TRANS SYNCO WARMER/EMPACOTADOR,P.EQ.LINHA,Sistema de instrumentos e cont,NULL,ATRASO DOS TRANSPORTES APÓS RETORNO DE PARADA ( FALHA RECORRENTE NECESSITA DE INTERVENÇÃO KRONES),24.80,MANUTENCAO,
18749,BAAD,Jundiaí,2026-07-16,LINHA008,ENVOLVEDORA FILME ACMI L08,P.EQ.LINHA,Instalação elétrica,Conexões soltas,FALHA NA CONEXÃO DO DRIVE,34.80,MANUTENCAO,
43420,BAAG,Itabirito,2026-01-19,LINHA006,SECADOR EUR L06,P.EQ.LINHA,Sistema elétrico,NULL,FALHA NO DRIVE DO OGD3TA44,30.55,MANUTENCAO,
59065,BAAG,Itabirito,2026-07-29,LINHA007,SOPRADORA KHS L07,P.EQ.LINHA,Sistema de rodas de transferen,NULL,"PREFORMA PASSANDO DIRETO NA RODA DE ENTRADA , OCASIONANDO ACUMULO DE PREFORMAS E DESACOPLANDO A RODA DE ENTRADA .",6.00,OPERACAO,
23803,BAAE,Mogi,2026-01-21,LINHA001,TRANS PACOT EMPACOT PALETIZA L,P.EQ.LINHA,Sistema de instrumentos e cont,NULL,FALHA NO CORTE DO FILME/ PACOTES ABERTOS NO TRANSPORTADOR,6.24,INCONCLUSIVO,Descrição não informa a causa com segurança apenas pela observação.
78800,B0AC,Bauru,2026-03-01,LINHA007,DOSADOR DE NITROGENIO CHART LI,P.EQ.LINHA,NULL,NULL,FALHA NO DOSADOR DE NITROGENIO ORDEM: 30008410013,55.76,MANUTENCAO,
59878,BAAG,Itabirito,2026-08-05,LINHA001,ALIMENTADOR TAMPAS GEB L01,P.EQ.LINHA,Transporte de tampas,Transporte de tampas danificad,MEC - GUIAS DANIFICADAS OCASIONANDO O TRAVAMENTO DE TAMPAS NO TRANSPORTE,5.00,MANUTENCAO,
51889,BAAG,Itabirito,2026-05-05,LINHA007,TRANSPORTE PRE FORMA L07,P.EQ.LINHA,Transportadores,NULL,PRE FORMA TRAVADA NA ESTEIRA,20.00,OPERACAO,
19623,BAAD,Jundiaí,2026-07-28,LINHA009,RINSER KRO L09,P.EQ.LINHA,Instalação elétrica,Sensores danificados,"FALHA NO SENSOR DO AÉREO, CAUSANDO A PARADA DO RINSER",4.56,MANUTENCAO,
52001,BAAG,Itabirito,2026-05-07,LINHA002,TRANSP GAFS INSP ENCHED KHS L0,P.EQ.LINHA,Sistema Elétrico,Falha PLC,RODANDO ABAIXO DANOMINAL DEVIDO AJUSTE NA MODULAÇÃO DO TRANSP SALA DE ENVASE,15.64,OPERACAO,
16596,BAAD,Jundiaí,2026-06-11,LINHA014,TRANSP CX DESPAL DESENCA KRO L,P.EQ.LINHA,Sistema de Lubrificação,NULL,QUEBRA DA CORRENTE DOS ROLETES TRANSPORTE BBUL.,21.28,MANUTENCAO,
25030,BAAE,Mogi,2026-02-08,LINHA003,ENCHEDORA ZEGLA L03,P.EQ.LINHA,SISTEMA ESTRUTURA RZRETP40/50/,NULL,PROBLEMAS COM A NR 12 DAS PORTAS / N* DA NOTA 13166530,31.00,MANUTENCAO,
25859,BAAE,Mogi,2026-02-19,LINHA001,CAPSULADOR L01,P.EQ.LINHA,Sistema de instrumentos e cont,NULL,GARRAFAS ENROSCDAS NO FACAO CAPSULADOR,10.72,OPERACAO,
75833,BAAJ,Maringá,2026-07-16,LINHA003,ENVOLVEDORA SANMATIN LI03,P.EQ.LINHA,Sistema Elétrico,NULL,AJUSTE NA POSIÇÃO DO SENSOR DE PRESENÇA DE PALETE.,10.00,OPERACAO,
65060,BAAI,Curitiba,2026-06-17,LINHA001,ENCHEDORA VVF72D D72 KHS LI01,P.EQ.LINHA,Sistema de enchimento,NULL,TROCA DO COPO DE VALVULA 33. NOTA 13302081,11.40,MANUTENCAO,
66090,BAAJ,Maringá,2026-01-02,LINHA007,CODIFICADORA MARKEM IMAJE L07,P.EQ.LINHA,NULL,NULL,CODIFICAÇÃO ESTA SAINDO BORRADA.,6.01,OPERACAO,
35762,BAAE,Mogi,2026-08-06,LINHA008,ROTULADORA KRONES L08,P.EQ.LINHA,TRANSPORTE SAIDA RECIPIENTES,NULL,FALHA NA ESTRELA DE TRANSFERENCIA 1 (3X) - (MANUTENÇÃO E KRONES ATUANDO),20.00,MANUTENCAO,
24732,BAAE,Mogi,2026-02-04,LINHA002,ENCHEDORA KHS L02,P.EQ.LINHA,Sistema de instrumentos e cont,NULL,ENCHEDORA PARADA / PARAFUSO SOLTO,4.00,MANUTENCAO,
58017,BAAG,Itabirito,2026-07-17,LINHA007,DIVISOR PACOTES SOR L07,P.EQ.LINHA,Sistema Motriz,Correia de transmissão danific,CRASH NO DIVISOR DE PACOTES DEVIDO ESTEIRA EMBORRACHADA COM DESGASTES,5.00,MANUTENCAO,
74931,BAAJ,Maringá,2026-06-24,LINHA003,TRANSPORTE MASSICO DE TAMPAS T,P.EQ.LINHA,NULL,NULL,"ENROSCO DE TAMPA NO TRANSPORTE, ESTEIRA FORA DO PERFIL",5.08,OPERACAO,
63933,BAAI,Curitiba,2026-03-05,LINHA001,PALETIZADOR SANMARTIN LI01,P.EQ.LINHA,Sistema de instrumentos e cont,NULL,FOLHA SEPARADORA FORA POSICIONAMENTO. MASTERIZAÇÃO DO EQUIPAMENTO. NOTA - 13191667,30.00,OPERACAO,
86851,BAAO,Porto Alegre,2026-02-27,LINHA001,INSP. DE GARRAFAS CHEIAS APÓS,P.EQ.LINHA,Sistema Motriz,NULL,SQUEZEER MOTOR DESARMANDO,9.00,MANUTENCAO,
77289,BAAJ,Maringá,2026-08-18,LINHA004,INSPETOR NIVEL HEU LI04,P.EQ.LINHA,Sistema Rejeitor,NULL,"EXCESSO DE FALSOS REJEITOS, CAUSANDO TORQUE NA ENCHEDORA NOTA :13347326				  ESTEIRA",6.90,MANUTENCAO,
7802,BAAD,Jundiaí,2026-01-23,LINHA021,MONTADORA DE CAIXAS SACMI L21,P.EQ.LINHA,ESTRUTURA,NULL,PISTÃO DA MONTADORA DE CAIXAS COM TAMANHO ERRADO,30.00,OPERACAO,
63288,BAAI,Curitiba,2026-01-04,LINHA003,TRANSPORTE PACOTES EMPA PALE S,P.EQ.LINHA,SISTEMA ESTRUTURA GERAL SID,NULL,SUPORTE DAS GUIAS LATERAIS COM DIFICULDADE DE AJUSTE.,15.00,MANUTENCAO,
8111,BAAD,Jundiaí,2026-01-27,LINHA016,PREPARADOR BEBIDAS KRONES L16,P.EQ.LINHA,Sistema de Instrumentos e Cont,NULL,FALHA NA VALVULA DE GAS,42.16,MANUTENCAO,
64443,BAAI,Curitiba,2026-04-28,LINHA002,DESPALETIZADORA SIRIO SMN LI02,P.EQ.LINHA,Sistema Pneumático,NULL,FALHA NO CILINDRO.,20.00,MANUTENCAO,
68313,BAAJ,Maringá,2026-02-10,LINHA004,CARBO 2100 ANP LI04,P.EQ.LINHA,Sistema de Instrumentos e Cont,NULL,TRAVAMENTO DO IHM DO CARBO -MITECO,10.00,MANUTENCAO,
16543,BAAD,Jundiaí,2026-06-10,LINHA013,ENCHEDORA KHS L13,P.EQ.LINHA,Sistema de enchimento,NULL,TROCA DA VALVULA N 97,13.85,MANUTENCAO,
71921,BAAJ,Maringá,2026-04-20,LINHA007,DESENCAIXOTADORA KHS L07,P.EQ.LINHA,Sistema de instrumentos e cont,NULL,FALHA NO CONVERSOR DE FREQUENCIA ( FALHA NO PEGA DAS GRFS ),8.00,MANUTENCAO,
81668,BAAL,Antonio Carlos,2026-01-21,LINHA002,ENVOLVEDORA ROBOPAC HELIX 3 LI,P.EQ.LINHA,Sistema Elétrico,NULL,13143189 - FILME ARREBENTANDO - CALIBRAÇÃO DA CÉLULA DE CARGA,60.00,OPERACAO,
65284,BAAI,Curitiba,2026-07-02,LINHA001,RECRAVADORA F708G FRR LI01,P.EQ.LINHA,Estrutura,Qualidade de peças,VELOCIDADE REDUZIDA DEVIDO A DESGASTE DE PEÇAS NOTA :,6.00,MANUTENCAO,
48744,BAAG,Itabirito,2026-03-23,LINHA004,TRP DESPALET/ENTRADA PONTE VÁC,P.EQ.LINHA,NULL,NULL,EXCESSO DE LATAS CAIDAS NA PONTE DE VACUO,16.80,OPERACAO,
8419,BAAD,Jundiaí,2026-02-01,LINHA016,COMBINER OCME,P.EQ.LINHA,NULL,NULL,"APÓS PARADA POR ACUMULO, EQUIPAMENTO DA FALHA DE CONTAGEM AO VOLTAR A RODAR.",6.92,MANUTENCAO,
60672,BAAG,Itabirito,2026-08-12,LINHA001,INSP ASEBI SUPERFICIE GFS HEU,P.EQ.LINHA,Manejo de garrafas,NULL,"DIFICULDADE PARA PASSAR GARRAFAS TESTE, DEVIDO FALHAS DE EMBOCADURA E PAREDE LATERAL",6.00,OPERACAO,
51932,BAAG,Itabirito,2026-05-06,LINHA005,EMPACOTADORA KHS L05,P.EQ.LINHA,Mesa 02 ( envolvimento ),NULL,"BARRA DE ENVOLVIMENTO COM DESGASTE, SOLTANDO DURANTE O PROCESSO DE ENVOLTURA DO FILEM NA GARRAFA.",6.67,MANUTENCAO,
69540,BAAJ,Maringá,2026-03-02,LINHA005,ACUMULADOR HELIX HARTNESS LI05,P.EQ.LINHA,SISTEMA ESTRUTURA ACHX30-0800-,NULL,FALHA BAY PASS DA AUTOMAÇÃO.,10.70,MANUTENCAO,
87672,BAAO,Porto Alegre,2026-04-17,LINHA001,DESCAPSULADOR,P.EQ.LINHA,NULL,NULL,AJUSTE NAS GUIAS DE SAIDA,3.00,OPERACAO,
57674,BAAG,Itabirito,2026-07-12,LINHA007,ETIQUETADORA 01 UBS L07,P.EQ.LINHA,Sistema de Controle,NULL,"ETIQUETAS IMPRESSAS EM DUPLICIDADE GERANDO FALHA NA RETIRADA DO LGV,FOI NECESSARIO APAGAR TODAS AS INFORMAÇÕES E NDIGITAR NOVAMENTE ..",8.40,OPERACAO,
84424,BAAL,Antonio Carlos,2026-06-20,MULTI006,FORMADORA MULTIPACK AUT ACMI L,P.EQ.LINHA,Sistema de instrumentos e cont,NULL,FALHA NA TROCA AUTOMATICA DA FITA. NOTA 13305510,6.67,MANUTENCAO,
73833,BAAJ,Maringá,2026-05-28,LINHA004,TRANSP PALETES CHEIO SID LI04,P.EQ.LINHA,Sistema Elétrico,NULL,SOBRE CARGA NO MOTOR DA MESA GIRATÒRIA,6.74,INCONCLUSIVO,Descrição não informa a causa com segurança apenas pela observação.
6764,BAAD,Jundiaí,2026-01-07,LINHA006,TRANSP GAR ENCH EMP ACMI L06,P.EQ.LINHA,Instalação elétrica,Sensor danificado,"FALHA NO FUNCIONAMENTO DO PULMÃO, O MESMO NÃO ESVAZIA EM AUTOMÁTICO",28.54,MANUTENCAO,
43237,BAAG,Itabirito,2026-01-16,LINHA007,ENCHEDORA KHS L07,P.EQ.LINHA,Válvulas de enchimento,NULL,GARRAFAS SAINDO VAZIAS E MAL CHEIAS DEVIDO MICRO VÁLVULAS.,33.60,MANUTENCAO,
17644,BAAD,Jundiaí,2026-06-28,LINHA009,ENCHEDORA KHS L09,P.EQ.LINHA,Manejo de garrafas,Manejo de garrafa danificado,TROCA DAS TRAVAS DE GARGALO N°12 E N°85,8.02,MANUTENCAO,
80521,B0AC,Bauru,2026-07-28,LINHA005,CAPSULADOR INNOFIL KHS LI05,P.EQ.LINHA,Sistema de Tampamento,NULL,"CABEÇOTE 4 COM EXTRATOR TRAVADO, ORDEM 30008807870",19.69,MANUTENCAO,
67617,BAAJ,Maringá,2026-01-31,LINHA007,DESENCAIXOTADORA KHS L07,P.EQ.LINHA,Sistema motriz,NULL,PARADA PARA CHECAR UMA ENGRENAGEM NO TRANSPORTES QUE ESTAVA COM ANOMALIA,14.71,MANUTENCAO,
5393,BAAK,Marília,2026-03-11,LINHA006,PALETIZADORA OCME L06,P.EQ.LINHA,Sistema elétrico,NULL,FALHA NO SERVO NOTA 30008437720,7.20,MANUTENCAO,
90979,BAAR,Santa Maria,2026-02-11,LINHA001,RINSER ROTATIVO INNOCLEAN PET,P.EQ.LINHA,Sistema Entrada,NULL,VARIAÇÃO DE PRESSÃO DO VENTILADOR DE ENTRADA.,4.00,INCONCLUSIVO,Descrição não informa a causa com segurança apenas pela observação.
44648,BAAG,Itabirito,2026-02-01,LINHA003,TRANS SYNCO WARMER/EMPACOTADOR,P.EQ.LINHA,Sistema de instrumentos e cont,NULL,GARRAFA TOMBADA NA ENTRADA DO EQUIPAMENTO.,15.60,OPERACAO,
13586,BAAD,Jundiaí,2026-04-16,LINHA001,TRANSP LATAS WARMER EMPA KET L,P.EQ.LINHA,SISTEMA ELETRICO KET,NULL,DESARME DO MOTOR SAIDA DO WARMER,10.64,MANUTENCAO,
87181,BAAO,Porto Alegre,2026-03-15,LINHA005,ENCHEDORA KHS 54/9VF/FR6,P.EQ.LINHA,Sistema pneumático,NULL,MECANICA ATUANDO NA TROCA DE REPARO DO CILINDRO,3.60,MANUTENCAO,
27548,BAAE,Mogi,2026-03-13,LINHA008,ROTULADORA KRONES L08,P.EQ.LINHA,TRANSPORTE RECIPIENTES,NULL,LIMPEZA NA ROTULADORA,16.36,OPERACAO,
85555,BAAL,Antonio Carlos,2026-08-25,MULTI006,ENVOLVEDORA TOSA LI06,P.EQ.LINHA,Sistema de instrumentos e cont,NULL,FALHA NO MOTOR DE PASSE DO CORDÃO,4.00,MANUTENCAO,
22425,BAAD,Jundiaí,2026-09-08,LINHA013,ENCHEDORA KHS L13,P.EQ.LINHA,Sistema de enchimento,NULL,REALIZADO LIMPEZA NO CANAL DE ALIVIO DEVIDO ESPUMAMENTO NO RETORNO DE PRODUÇÃO.,6.00,OPERACAO,
46581,BAAG,Itabirito,2026-02-23,LINHA006,ALIMENTADOR TAMPAS ALM L06,P.EQ.LINHA,Canaleta de tampas,NULL,TAMPA TRAVADA NO TRANSPORTE LOCAL DIFICIL ACESSO,2.99,OPERACAO,
40482,BAAF,Campo Grande,2026-06-24,LINHA003,CG3 PALETIZADOR SIRIO MS 300 S,P.EQ.LINHA,SISTEMA ESTRUTURA SIRIO MS-300,NULL,TROCA DA ESTEIRA NA MESA DE FORMAÇÃO,17.07,MANUTENCAO,
16521,BAAD,Jundiaí,2026-06-10,LINHA017,TRANSP GAR ENCH ATÉ ROTULADORA,P.EQ.LINHA,NULL,NULL,DESARME TRP ANTES DO LINADRY,10.00,MANUTENCAO,
64543,BAAI,Curitiba,2026-05-09,LINHA002,DESPALETIZADORA SIRIO SMN LI02,P.EQ.LINHA,Sistema elétrico,NULL,13263530 TRAVA DA CAIXA DA DESPALETIZADORA VIDRO,60.00,INCONCLUSIVO,Descrição não informa a causa com segurança apenas pela observação.
79593,B0AC,Bauru,2026-05-04,LINHA006,ALIMENTADOR TAMPAS GEBO SID,P.EQ.LINHA,SISTEMA ESTRUTURA GERAL GEBO S,NULL,ENROSCO DE TAMPA NO TRILHO. SIS EM FALHA. AGUARDANDO ORDEM,3.07,MANUTENCAO,
5929,BAAK,Marília,2026-06-16,LINHA005,TRPTE GRFS CH ROTULAD ENCAIXOT,P.EQ.LINHA,Sistema Elétrico,NULL,FALHA NO INVERSOR DO MOTOR 232 ORDEM 30008740557,3.65,MANUTENCAO,
7612,BAAD,Jundiaí,2026-01-20,LINHA017,ROTULADORA,P.EQ.LINHA,Sistema Motriz,NULL,TRAVAMENTO DE GARRAFAS NO SEM FIM - O MESMO ESTA COM DESGASTE PREMATURO,18.00,MANUTENCAO,
