alias_group,comparison_key,classification,frequency,canonical_candidate,relation,review_status
1,FALHA VALVULA ENCHIMENTO,FALHA DE VÁLVULA DE ENCHIMENTO,173,FALHA DE VÁLVULA DE ENCHIMENTO,CANONICAL_CANDIDATE,PENDENTE
1,FALHA VALVULA ENCHIMENTO,FALHA VALVULA DE ENCHIMENTO,1,FALHA DE VÁLVULA DE ENCHIMENTO,ALIAS_CANDIDATE,PENDENTE
2,FALHA INVERSOR,FALHA DE INVERSOR,100,FALHA DE INVERSOR,CANONICAL_CANDIDATE,PENDENTE
2,FALHA INVERSOR,FALHA INVERSOR,1,FALHA DE INVERSOR,ALIAS_CANDIDATE,PENDENTE
3,QUEBRA ESTEIRA,QUEBRA DE ESTEIRA,84,QUEBRA DE ESTEIRA,CANONICAL_CANDIDATE,PENDENTE
3,QUEBRA ESTEIRA,QUEBRA DA ESTEIRA,1,QUEBRA DE ESTEIRA,ALIAS_CANDIDATE,PENDENTE
4,FALHA PINCA,FALHA DE PINÇA,58,FALHA DE PINÇA,CANONICAL_CANDIDATE,PENDENTE
4,FALHA PINCA,FALHA DA PINÇA,1,FALHA DE PINÇA,ALIAS_CANDIDATE,PENDENTE
5,FALHA VALVULA,FALHA DE VÁLVULA,54,FALHA DE VÁLVULA,CANONICAL_CANDIDATE,PENDENTE
5,FALHA VALVULA,FALHA NA VALVULA,1,FALHA DE VÁLVULA,ALIAS_CANDIDATE,PENDENTE
6,FALHA FORMACAO CAMADA,FALHA DE FORMAÇÃO DE CAMADA,44,FALHA DE FORMAÇÃO DE CAMADA,CANONICAL_CANDIDATE,PENDENTE
6,FALHA FORMACAO CAMADA,FALHA NA FORMAÇÃO DE CAMADA,1,FALHA DE FORMAÇÃO DE CAMADA,ALIAS_CANDIDATE,PENDENTE
7,DESARME TRANSPORTE,DESARME DE TRANSPORTE,23,DESARME DE TRANSPORTE,CANONICAL_CANDIDATE,PENDENTE
7,DESARME TRANSPORTE,DESARME TRANSPORTE,1,DESARME DE TRANSPORTE,ALIAS_CANDIDATE,PENDENTE
8,ESPUMAMENTO BEBIDA,ESPUMAMENTO DE BEBIDA,18,ESPUMAMENTO DE BEBIDA,CANONICAL_CANDIDATE,PENDENTE
8,ESPUMAMENTO BEBIDA,ESPUMAMENTO DA BEBIDA,1,ESPUMAMENTO DE BEBIDA,ALIAS_CANDIDATE,PENDENTE
9,FALHA BOTAO RESET,FALHA DE BOTÃO DE RESET,3,FALHA DE BOTÃO DE RESET,CANONICAL_CANDIDATE,PENDENTE
9,FALHA BOTAO RESET,FALHA NO BOTÃO RESET,2,FALHA DE BOTÃO DE RESET,ALIAS_CANDIDATE,PENDENTE
10,FALHA TROCADOR CALOR,FALHA NO TROCADOR DE CALOR,3,FALHA NO TROCADOR DE CALOR,CANONICAL_CANDIDATE,PENDENTE
10,FALHA TROCADOR CALOR,FALHA TROCADOR DE CALOR,1,FALHA NO TROCADOR DE CALOR,ALIAS_CANDIDATE,PENDENTE
11,TRAVAMENTO ELEVADOR,TRAVAMENTO DE ELEVADOR,2,TRAVAMENTO DE ELEVADOR,CANONICAL_CANDIDATE,PENDENTE
11,TRAVAMENTO ELEVADOR,TRAVAMENTO ELEVADOR,1,TRAVAMENTO DE ELEVADOR,ALIAS_CANDIDATE,PENDENTE
12,DEFORMACAO CABECOTE,DEFORMAÇÃO DE CABEÇOTE,1,DEFORMAÇÃO DE CABEÇOTE,CANONICAL_CANDIDATE,PENDENTE
12,DEFORMACAO CABECOTE,DEFORMAÇÃO DO CABEÇOTE,1,DEFORMAÇÃO DE CABEÇOTE,ALIAS_CANDIDATE,PENDENTE
13,DESALINHAMENTO CENTRADOR,DESALINHAMENTO DE CENTRADOR,1,DESALINHAMENTO DE CENTRADOR,CANONICAL_CANDIDATE,PENDENTE
13,DESALINHAMENTO CENTRADOR,DESALINHAMENTO DO CENTRADOR,1,DESALINHAMENTO DE CENTRADOR,ALIAS_CANDIDATE,PENDENTE
