conflict_id,observation,observation_norm,classification,count,share_percent,total_rows_in_conflict,decision,review_status
1,DESARME DO MOTOR,DESARME DO MOTOR,DESARME DE MOTOR,1,50.0,2,,PENDENTE
1,DESARME DO MOTOR,DESARME DO MOTOR,FALHA DE MOTOR,1,50.0,2,,PENDENTE
2,FALHA DE ENCHIMENTO EM VALVULAS ALEATORIAS,FALHA DE ENCHIMENTO EM VALVULAS ALEATORIAS,FALHA DE VÁLVULA DE ENCHIMENTO,7,70.0,10,,PENDENTE
2,FALHA DE ENCHIMENTO EM VALVULAS ALEATORIAS,FALHA DE ENCHIMENTO EM VALVULAS ALEATORIAS,FALHA DE ENCHIMENTO,3,30.0,10,,PENDENTE
3,FALHA ELETRICA,FALHA ELETRICA,FALHA ELÉTRICA SEM COMPONENTE IDENTIFICADO,3,75.0,4,,PENDENTE
3,FALHA ELETRICA,FALHA ELETRICA,FALHA ELÉTRICA,1,25.0,4,,PENDENTE
4,"GARRAFA ENTRANDO TORTA NA ENCHEDORA,NAO ENCAICANDO NA VALVULA DE ENCHIMENTO, FEITO AJUSTE NA ESTRELA DE ENTRADA",GARRAFA ENTRANDO TORTA NA ENCHEDORA NAO ENCAICANDO NA VALVULA DE ENCHIMENTO FEITO AJUSTE NA ESTRELA DE ENTRADA,FALHA DE ENCHIMENTO,1,50.0,2,,PENDENTE
4,"GARRAFA ENTRANDO TORTA NA ENCHEDORA,NAO ENCAICANDO NA VALVULA DE ENCHIMENTO, FEITO AJUSTE NA ESTRELA DE ENTRADA",GARRAFA ENTRANDO TORTA NA ENCHEDORA NAO ENCAICANDO NA VALVULA DE ENCHIMENTO FEITO AJUSTE NA ESTRELA DE ENTRADA,FALHA DE VÁLVULA DE ENCHIMENTO,1,50.0,2,,PENDENTE
5,JUMP DA VALVULA N°52,JUMP DA VALVULA N 52,SEM MODO DE FALHA IDENTIFICADO,1,50.0,2,,PENDENTE
5,JUMP DA VALVULA N°52,JUMP DA VALVULA N 52,JUMPER DA VALVULA,1,50.0,2,,PENDENTE
6,PERDA DE CONTAGEM,PERDA DE CONTAGEM,FALHA DE LEITURA,2,66.67,3,,PENDENTE
6,PERDA DE CONTAGEM,PERDA DE CONTAGEM,FALHA DE CONTAGEM,1,33.33,3,,PENDENTE
7,TROCA DE VENTOSAS,TROCA DE VENTOSAS,FALHA DE VENTOSA,1,50.0,2,,PENDENTE
7,TROCA DE VENTOSAS,TROCA DE VENTOSAS,TROCA DE VENTOSA,1,50.0,2,,PENDENTE
