rank,classification,frequency,share_percent,cumulative_percent,unique_observations
1,FALHA DE SENSOR,397,8.8616,8.8616,346
2,FALHA DE VÁLVULA DE ENCHIMENTO,173,3.8616,12.7232,138
3,FALHA DE ENCHIMENTO,149,3.3259,16.0491,107
4,ESCAPE DE ESTEIRA,108,2.4107,18.4598,80
5,SEM MODO DE FALHA IDENTIFICADO,101,2.2545,20.7143,94
6,FALHA DE INVERSOR,100,2.2321,22.9464,82
7,FALHA DE INSPEÇÃO,98,2.1875,25.1339,77
8,FALHA DE REJEIÇÃO,93,2.0759,27.2098,76
9,QUEDA DE GARRAFAS,88,1.9643,29.1741,74
10,QUEBRA DE ESTEIRA,84,1.875,31.0491,64
11,FALHA DE MAGAZINE,76,1.6964,32.7455,39
12,FALHA DE MOTOR,70,1.5625,34.308,63
13,FALHA DE COMUNICAÇÃO,69,1.5402,35.8482,44
14,FALHA DE ENVOLVIMENTO,67,1.4955,37.3438,46
15,FALHA DE CODIFICAÇÃO,66,1.4732,38.817,54
16,ENROSCO DE TAMPAS,62,1.3839,40.2009,52
17,FALHA DE PINÇA,58,1.2946,41.4955,44
18,FALHA DE SINCRONISMO,58,1.2946,42.7902,48
19,FALHA DE CORTE DE FILME,57,1.2723,44.0625,47
20,FALHA DE VÁLVULA,54,1.2054,45.2679,49
21,ENROSCO DE PACOTES,50,1.1161,46.3839,33
22,FALHA DE RECRAVAÇÃO,46,1.0268,47.4107,35
23,FALHA DE ROLETES,46,1.0268,48.4375,40
24,TRAVAMENTO DE SEGMENTOS,46,1.0268,49.4643,33
25,ENROSCO DE GARRAFAS,45,1.0045,50.4687,33
26,FALHA DE FORMAÇÃO DE CAMADA,44,0.9821,51.4509,37
27,FALHA DE SOLDA DE FILME,43,0.9598,52.4107,38
28,FALHA DE BARREIRA,41,0.9152,53.3259,33
29,FALHA DE ESTEIRA,36,0.8036,54.1295,33
30,QUEDA DE LATAS,34,0.7589,54.8884,29
31,FALHA DE ELEVADOR,32,0.7143,55.6027,23
32,DESARME DE MOTOR,29,0.6473,56.25,25
33,FALHA DE ROBÔ,29,0.6473,56.8973,22
34,FALHA DE SERVO MOTOR,29,0.6473,57.5446,24
35,ROMPIMENTO DE FILME,29,0.6473,58.192,22
36,ENROSCO DE LATAS,28,0.625,58.817,22
37,FALHA DE FIXAÇÃO,28,0.625,59.442,28
38,FALHA DE PEGADOR,27,0.6027,60.0446,25
39,FALHA NO MANUSEIO DE CARTÃO,27,0.6027,60.6473,18
40,QUEBRA DE COMPONENTE,25,0.558,61.2054,22
41,FALHA DE VENTOSA,24,0.5357,61.7411,19
42,DESARME DE TRANSPORTE,23,0.5134,62.2545,17
43,FALHA DE ALIMENTAÇÃO DE TAMPAS,22,0.4911,62.7455,21
44,FALHA DE DESCAPSULAMENTO,22,0.4911,63.2366,21
45,FALHA DE BOMBA,21,0.4688,63.7054,19
46,QUEBRA DE CORREIA,21,0.4688,64.1741,20
47,FALHA DE CONTROLE DE PROCESSO,20,0.4464,64.6205,18
48,FALHA DE CONTROLE DE TEMPERATURA,20,0.4464,65.067,17
49,FALHA DE ROTULAGEM,20,0.4464,65.5134,18
50,FALHA NA TROCA DE PALETE DE CARTÃO,20,0.4464,65.9598,14
51,TRAVAMENTO DE ESTEIRA,20,0.4464,66.4062,19
52,FALHA DE GUIA,19,0.4241,66.8304,18
53,FALHA NA PEGADA DE CAMADA,19,0.4241,67.2545,12
54,PATINAGEM DE ESTEIRA,19,0.4241,67.6786,16
55,TRAVAMENTO DE TRANSPORTE,19,0.4241,68.1027,18
56,VAZAMENTO EM VÁLVULA,19,0.4241,68.5268,18
57,ESPUMAMENTO DE BEBIDA,18,0.4018,68.9286,16
58,FALHA DE IHM,18,0.4018,69.3304,18
59,FALHA DE TAMPAMENTO,18,0.4018,69.7321,18
60,FALHA DE VÁLVULA MODULADORA,18,0.4018,70.1339,17
61,TRAVAMENTO DE VÁLVULA,18,0.4018,70.5357,16
62,FALHA DE TRANSPORTE,17,0.3795,70.9152,14
63,ENROSCO DE RÓTULOS,16,0.3571,71.2723,12
64,FALHA DE AUTOMAÇÃO,16,0.3571,71.6295,15
65,QUEBRA DE EIXO,16,0.3571,71.9866,14
66,AMASSAMENTO DE LATAS,15,0.3348,72.3214,12
67,FALHA DE PORTA DE SEGURANÇA,15,0.3348,72.6562,14
68,FALHA DE ACÚMULO NO TRANSPORTE,14,0.3125,72.9688,11
69,FALHA DE CORREIA,14,0.3125,73.2812,13
70,FALHA DE VELOCIDADE DO TRANSPORTE,14,0.3125,73.5938,13
71,PERDA DE REFERÊNCIA,14,0.3125,73.9062,12
72,TRAVAMENTO DE ATUADOR,14,0.3125,74.2188,13
73,FALHA DE CONTAGEM,13,0.2902,74.5089,12
74,FALHA DE MANDRIL,13,0.2902,74.7991,12
75,FALHA DE PATINS,13,0.2902,75.0893,11
76,FALHA DE ROLAMENTO,13,0.2902,75.3795,12
77,FALHA DE TRAÇÃO/GUIAMENTO DE FILME,13,0.2902,75.6696,7
78,QUEBRA DE PARAFUSO,13,0.2902,75.9598,12
79,TRAVAMENTO DE ROBÔ,13,0.2902,76.25,7
80,DEFORMAÇÃO/DESALINHAMENTO DE GUIA,12,0.2679,76.5179,11
81,FALHA DE PLC,12,0.2679,76.7857,10
82,TRAVAMENTO DE ROLETES,12,0.2679,77.0536,11
83,CURTO-CIRCUITO,11,0.2455,77.2991,6
84,DESALINHAMENTO MECÂNICO,11,0.2455,77.5446,11
85,Excesso de garrafa com rotulo,11,0.2455,77.7902,10
86,FALHA DE CARTÃO MESTRE,11,0.2455,78.0357,2
87,FALHA DE ELO DE ESTEIRA,11,0.2455,78.2812,10
88,FALHA NA TROCA DE BANDEJA,11,0.2455,78.5268,8
89,FALHA NA TROCA DE BOBINA,11,0.2455,78.7723,8
90,FALHA NO CORTE DE TUBETES,11,0.2455,79.0179,9
91,CRASH DE GARRAFAS,10,0.2232,79.2411,10
92,ENROSCO DE CAIXAS,10,0.2232,79.4643,10
93,FALHA DE CARBONATAÇÃO,10,0.2232,79.6875,10
94,FALHA DE ENCODER,10,0.2232,79.9107,10
95,FALHA DE FORMAÇÃO DE PACOTE,10,0.2232,80.1339,5
96,FALHA DE REDUTOR,10,0.2232,80.3571,7
97,FALHA ELÉTRICA SEM COMPONENTE IDENTIFICADO,10,0.2232,80.5804,8
98,QUEBRA DE TRANSPORTE,10,0.2232,80.8036,10
99,TRAVAMENTO DE ENGRENAGEM,10,0.2232,81.0268,5
100,COLAPSO DE LATAS,9,0.2009,81.2277,6
101,DESALINHAMENTO DE GUIA,9,0.2009,81.4286,9
102,FALHA DE COMPACTAÇÃO DE CAMADA,9,0.2009,81.6295,9
103,FALHA DE ENGRENAGEM,9,0.2009,81.8304,8
104,FALHA DE FONTE DE ALIMENTAÇÃO,9,0.2009,82.0312,2
105,FALHA DE MOLA,9,0.2009,82.2321,8
106,FALHA DE RÉGUA DE ENVOLVIMENTO,9,0.2009,82.433,7
107,FALHA DE SUPRIMENTO DE AR COMPRIMIDO,9,0.2009,82.6339,7
108,FALHA DE VIBRADOR,9,0.2009,82.8348,7
109,FALHA NA REFRIGERAÇÃO DE FUNDO,9,0.2009,83.0357,6
110,PATINS FORA DE POSIÇÃO,9,0.2009,83.2366,5
111,TRAVAMENTO DE PALETE,9,0.2009,83.4375,9
112,FALHA DE ALIMENTAÇÃO DE GARRAFAS,8,0.1786,83.6161,5
113,FALHA DE ALIMENTAÇÃO DE PACOTES,8,0.1786,83.7946,7
114,FALHA DE BAILARINA,8,0.1786,83.9732,6
115,FALHA DE CONEXÃO DE MANGUEIRA,8,0.1786,84.1518,8
116,FALHA DE VÁCUO,8,0.1786,84.3304,8
117,QUEBRA DE ATUADOR,8,0.1786,84.5089,8
118,VELOCIDADE REDUZIDA SEM CAUSA IDENTIFICADA,8,0.1786,84.6875,3
119,DESALINHAMENTO DE AGREGADO,7,0.1562,84.8438,6
120,FALHA DE ABA CÔNICA,7,0.1562,85.0,4
121,FALHA DE DOSAGEM,7,0.1562,85.1562,7
122,FALHA DE ELAU,7,0.1562,85.3125,6
123,FALHA DE FREIO,7,0.1562,85.4688,6
124,FALHA DE VEDAÇÃO DA VÁLVULA,7,0.1562,85.625,6
125,TAMPA INVERTIDA,7,0.1562,85.7812,7
126,VAZAMENTO EM COLETOR,7,0.1562,85.9375,5
127,VIBRAÇÃO DE ROBÔ,7,0.1562,86.0938,4
128,DESARME TÉRMICO,6,0.1339,86.2277,4
129,DESLIGAMENTO INDEVIDO DO EQUIPAMENTO,6,0.1339,86.3616,5
130,ESCAPE DE CORREIA,6,0.1339,86.4955,6
131,FALHA DE MÓDULO,6,0.1339,86.6295,3
132,FALHA DE PENTE DE TRANSFERÊNCIA,6,0.1339,86.7634,6
133,FALHA DE PRESSÃO DOS JATOS,6,0.1339,86.8973,6
134,FALHA DE TWISTER,6,0.1339,87.0312,4
135,FALHA NA TROCA DE PALETE DE FOLHA SEPARADORA,6,0.1339,87.1652,4
136,QUEBRA DE CORRENTE,6,0.1339,87.2991,5
137,ROMPIMENTO DE MANGUEIRA DE AR,6,0.1339,87.433,5
138,ROMPIMENTO DE TUBEIRA DO FORNO,6,0.1339,87.567,3
139,DANIFICAÇÃO DE GARRAFAS,5,0.1116,87.6786,5
140,FALHA DE CONEXÃO PNEUMÁTICA,5,0.1116,87.7902,5
141,FALHA DE MISTURA,5,0.1116,87.9018,3
142,FALHA DE PARAMETRIZAÇÃO,5,0.1116,88.0134,5
143,FALHA DE PRESSOSTATO,5,0.1116,88.125,5
144,FALHA DE PRESSURIZAÇÃO,5,0.1116,88.2366,1
145,FALHA DE TRANSPORTE DE PACOTES,5,0.1116,88.3482,5
146,FALHA DE TULIPA,5,0.1116,88.4598,5
147,FALHA NA MESA DE CARGA,5,0.1116,88.5714,5
148,FALHA NO DOSADOR DE NITROGENIO,5,0.1116,88.683,1
149,FALSO REJEITO,5,0.1116,88.7946,5
150,QUEDA DE PACOTES,5,0.1116,88.9062,4
151,QUEIMA DE FILAMENTO,5,0.1116,89.0179,5
152,SOBRECORRENTE,5,0.1116,89.1295,5
153,TRAVAMENTO DO SISTEMA DE COMPACTAÇÃO,5,0.1116,89.2411,5
154,CRASH DE LATAS,4,0.0893,89.3304,4
155,DESALINHAMENTO DE EIXO,4,0.0893,89.4196,4
156,DESARME DE EQUIPAMENTO,4,0.0893,89.5089,4
157,DESNIVELAMENTO DE ESTEIRA,4,0.0893,89.5982,3
158,FALHA DE ANALISADOR,4,0.0893,89.6875,1
159,FALHA DE ATUADOR DA VÁLVULA,4,0.0893,89.7768,4
160,FALHA DE CÂMERA,4,0.0893,89.8661,4
161,FALHA DE EMPURRADOR,4,0.0893,89.9554,4
162,FALHA DE FILTRO,4,0.0893,90.0446,3
163,FALHA DE FLUXÍMETRO,4,0.0893,90.1339,3
164,FALHA DE LEITURA,4,0.0893,90.2232,3
165,FALHA DE MANGUEIRA PNEUMÁTICA,4,0.0893,90.3125,4
166,FALHA DE PINO,4,0.0893,90.4018,4
167,FALHA DE RÉGUA DE ARRASTE,4,0.0893,90.4911,4
168,FALHA DE TRANSPORTE DE LATAS,4,0.0893,90.5804,3
169,FALHA ELETRÔNICA DA VÁLVULA,4,0.0893,90.6696,3
170,FALHA NO ENVIO DE BEBIDA,4,0.0893,90.7589,4
171,FALHA NO SISTEMA DE CORTE,4,0.0893,90.8482,3
172,FALHA NO VIRADOR DE PACOTES,4,0.0893,90.9375,3
173,TOMBAMENTO DE RECIPIENTES,4,0.0893,91.0268,3
174,TRAVAMENTO DE PERSIANA,4,0.0893,91.1161,3
175,TRAVAMENTO DE STOPPER,4,0.0893,91.2054,2
176,TREPIDAÇÃO DE LATAS,4,0.0893,91.2946,3
177,DEFORMAÇÃO DE SUPORTE,3,0.067,91.3616,3
178,DESARME DE DISJUNTOR,3,0.067,91.4286,3
179,DESARME DE ESTEIRA,3,0.067,91.4955,3
180,DESARME DE MESA,3,0.067,91.5625,2
181,FALHA DE BOTÃO DE RESET,3,0.067,91.6295,3
182,FALHA DE CABEÇOTE,3,0.067,91.6964,2
183,FALHA DE CALIBRAÇÃO,3,0.067,91.7634,3
184,FALHA DE CORRENTE,3,0.067,91.8304,3
185,FALHA DE DRIVE,3,0.067,91.8973,2
186,FALHA DE FACA,3,0.067,91.9643,3
187,FALHA DE MANGUEIRA,3,0.067,92.0312,3
188,FALHA DE MEDIDOR,3,0.067,92.0982,3
189,FALHA DE NOBREAK,3,0.067,92.1652,3
190,FALHA DE PLACA ELETRÔNICA,3,0.067,92.2321,3
191,FALHA DE TRANSPORTE DE CAIXAS,3,0.067,92.2991,2
192,FALHA DE VEDAÇÃO,3,0.067,92.3661,3
193,FALHA DE VÁLVULA DE NITROGÊNIO,3,0.067,92.433,3
194,FALHA DO COLOCADOR DE CHAPATEX,3,0.067,92.5,3
195,FALHA ELÉTRICA DO TRANSPORTE,3,0.067,92.567,3
196,FALHA NA INSERÇÃO DE LATAS FALSAS,3,0.067,92.6339,3
197,FALHA NA PEGA DE PALLET VAZIO,3,0.067,92.7009,1
198,FALHA NO TROCADOR DE CALOR,3,0.067,92.7679,2
199,PACOTE FORA DE POSIÇÃO,3,0.067,92.8348,3
200,QUEBRA DE BRAÇO,3,0.067,92.9018,2
201,ROMPIMENTO DE MANGUEIRA,3,0.067,92.9688,3
202,ROMPIMENTO DE MANGUEIRA DE ÁGUA,3,0.067,93.0357,3
203,TRAVAMENTO DE GARRAFAS NA SAÍDA DA LAVADORA,3,0.067,93.1027,3
204,TRAVAMENTO DE ROLO DE COLA,3,0.067,93.1696,1
205,VAZAMENTO,3,0.067,93.2366,3
206,ALTERAÇÃO DA VELOCIDADE DO DEVICER,2,0.0446,93.2812,1
207,ATUAÇÃO/QUEIMA DE FUSÍVEL,2,0.0446,93.3259,2
208,AUSÊNCIA DE PARAFUSO DE FIXAÇÃO,2,0.0446,93.3705,2
209,COLISÃO DO BRAÇO DE ESTIRAMENTO,2,0.0446,93.4152,2
210,DEGRADAÇÃO DE MANGUEIRA,2,0.0446,93.4598,1
211,DESALINHAMENTO DO BRAÇO DE CENTRAGEM,2,0.0446,93.5045,1
212,DESARME DE PAINEL,2,0.0446,93.5491,2
213,DESARME DE PAINEL DE COMANDO,2,0.0446,93.5938,1
214,ENTUPIMENTO,2,0.0446,93.6384,2
215,ESTABILIDADE DE EQUIPAMENTO,2,0.0446,93.683,1
216,ETICADOR DE CORRENTE ESCAPOU,2,0.0446,93.7277,2
217,FALHA DE ACOPLAMENTO,2,0.0446,93.7723,2
218,FALHA DE ALIMENTAÇÃO,2,0.0446,93.817,2
219,FALHA DE ATUADOR,2,0.0446,93.8616,2
220,FALHA DE ATUADOR DO DEVAISER,2,0.0446,93.9062,2
221,FALHA DE CAME,2,0.0446,93.9509,2
222,FALHA DE COLISÃO DA GAIOLA,2,0.0446,93.9955,1
223,FALHA DE CONTAGEM DE PRODUTO,2,0.0446,94.0402,1
224,FALHA DE DIMENSIONAMENTO DE CAMADA,2,0.0446,94.0848,2
225,FALHA DE FORMAÇÃO DE CAIXA,2,0.0446,94.1295,2
226,FALHA DE JATOS DE ENXÁGUE,2,0.0446,94.1741,2
227,FALHA DE LEITURA DA GARRAFA TESTE,2,0.0446,94.2188,2
228,FALHA DE LUBRIFICAÇÃO,2,0.0446,94.2634,2
229,FALHA DE MIXER,2,0.0446,94.308,2
230,FALHA DE PINO DE SEPARAÇÃO,2,0.0446,94.3527,2
231,FALHA DE POSICIONAMENTO DE PALETE,2,0.0446,94.3973,1
232,FALHA DE POSICIONAMENTO DO CABEÇOTE,2,0.0446,94.442,2
233,FALHA DE PRESSURIZAÇÃO DA ENCHEDORA,2,0.0446,94.4866,2
234,FALHA DE PRESSÃO,2,0.0446,94.5312,2
235,FALHA DE RELÉ DE SEGURANÇA,2,0.0446,94.5759,2
236,FALHA DE SECAGEM DE RÓTULO,2,0.0446,94.6205,1
237,FALHA DE SEGMENTOS,2,0.0446,94.6652,2
238,FALHA DE SEQUENCIAMENTO DA PALETIZADORA,2,0.0446,94.7098,1
239,FALHA DE TRANSDUTOR,2,0.0446,94.7545,2
240,FALHA DE TRANSPORTE DE GARRAFAS,2,0.0446,94.7991,2
241,FALHA DE TRANSPORTE DE PALETES,2,0.0446,94.8438,2
242,FALHA DE VÁLVULA DE XAROPE,2,0.0446,94.8884,2
243,FALHA DE VÁLVULA DE ÁGUA,2,0.0446,94.933,1
244,FALHA DO COLOCADOR DE CARTÃO,2,0.0446,94.9777,2
245,FALHA DO SECADOR DE GARRAFAS,2,0.0446,95.0223,2
246,FALHA EM ENVIAR TAMPAS PARA ENCHEDORA,2,0.0446,95.067,1
247,FALHA NA DESCIDA DE TAMPAS,2,0.0446,95.1116,2
248,FALHA NA SAÍDA DE PALETES,2,0.0446,95.1562,2
249,FALHA NO AVANÇO DE PALETES PARA PALETIZAR,2,0.0446,95.2009,2
250,FALHA NO BOTÃO RESET,2,0.0446,95.2455,1
251,FALHA NO DEPOSITO DE PALLET,2,0.0446,95.2902,1
252,FALHA NO FLUXO DE PALETES,2,0.0446,95.3348,1
253,FALHA NO SISTEMA DE INSERÇÃO DE FALSA GARRAFA,2,0.0446,95.3795,2
254,FALHA NO VIRADOR DE CAIXAS,2,0.0446,95.4241,2
255,GARRAFAS TORTAS NA SAÍDA DO RINSER,2,0.0446,95.4688,2
256,PENTES SOLTOS,2,0.0446,95.5134,1
257,PERDA DE REFERÊNCIA / HOME,2,0.0446,95.558,2
258,PINO DE SEPARAÇÃO TRAVADO,2,0.0446,95.6027,2
259,PROBLEMA NA TAMPA DA LATA,2,0.0446,95.6473,1
260,QUEBRA DE ENGRENAGEM,2,0.0446,95.692,2
261,QUEBRA DE RÉGUA,2,0.0446,95.7366,2
262,QUEBRA NO EIXO DA TAMPA DO ARROLHADOR,2,0.0446,95.7812,2
263,ROMPIMENTO DE ESTEIRA/LONA,2,0.0446,95.8259,2
264,SAÍDA DE GARRAFAS COM TAMPA TORTA,2,0.0446,95.8705,1
265,TAB DANIFICADO,2,0.0446,95.9152,1
266,TRAVAMENTO DE BOIA,2,0.0446,95.9598,2
267,TRAVAMENTO DE CILINDRO ROTATIVO,2,0.0446,96.0045,2
268,TRAVAMENTO DE ELEVADOR,2,0.0446,96.0491,2
269,TRAVAMENTO DE PINÇA,2,0.0446,96.0938,2
270,TRAVAMENTO DO CAPSULADOR,2,0.0446,96.1384,2
271,TRAVAMENTO NA ALIMENTAÇÃO DE TAMPAS,2,0.0446,96.183,1
272,VAZAMENTO NO COLETOR COM GÁS BAIXO,2,0.0446,96.2277,1
273,VAZAMENTO PNEUMÁTICO,2,0.0446,96.2723,2
274,ACÚMULO TAMPAS BUFFER FALHA,1,0.0223,96.2946,1
275,AFROUXAMENTO DE PARAFUSO DE FIXAÇÃO,1,0.0223,96.317,1
276,ALIMENTAÇÃO TAMPAS FALHA,1,0.0223,96.3393,1
277,ATUAÇÃO DO CIRCUITO DE EMERGÊNCIA,1,0.0223,96.3616,1
278,BAIXA VELOCIDADE DE ESTEIRA,1,0.0223,96.3839,1
279,COLISÃO DO EMPURRADOR,1,0.0223,96.4062,1
280,COLISÃO DO ROBÔ COM PALETE,1,0.0223,96.4286,1
281,DANIFICAÇÃO DA BUCHA DE ELEVAÇÃO DO PISTÃO,1,0.0223,96.4509,1
282,DEFORMAÇÃO DE CABEÇOTE,1,0.0223,96.4732,1
283,DEFORMAÇÃO DE EIXO,1,0.0223,96.4955,1
284,DEFORMAÇÃO DE FACA,1,0.0223,96.5179,1
285,DEFORMAÇÃO DE HASTE,1,0.0223,96.5402,1
286,DEFORMAÇÃO DE MEXEDOR,1,0.0223,96.5625,1
287,DEFORMAÇÃO DO CABEÇOTE,1,0.0223,96.5848,1
288,DESAJUSTE DE GUIA,1,0.0223,96.6071,1
289,DESAJUSTE DE RÉGUA,1,0.0223,96.6295,1
290,DESALINHAMENTO DE CENTRADOR,1,0.0223,96.6518,1
291,DESALINHAMENTO DE CHAPA,1,0.0223,96.6741,1
292,DESALINHAMENTO DE MÁSCARA,1,0.0223,96.6964,1
293,DESALINHAMENTO DE PALETE,1,0.0223,96.7188,1
294,DESALINHAMENTO DE PILHA DE PALETES,1,0.0223,96.7411,1
295,DESALINHAMENTO DO CENTRADOR,1,0.0223,96.7634,1
296,DESARME DE BOMBA,1,0.0223,96.7857,1
297,DESARME PALETIZADORA,1,0.0223,96.808,1
298,DESARME TRANSPORTE,1,0.0223,96.8304,1
299,DESGASTE DE PINO DE SEPARAÇÃO,1,0.0223,96.8527,1
300,DESPRENDIMENTO DO PISTÃO DE TRAVAMENTO,1,0.0223,96.875,1
301,EIXO DO BRAÇO TENCIONADOR DO FILME DA ENVOLVEDORA SOLTO,1,0.0223,96.8973,1
302,ENROSCO DE CARTÃO/QUADRO,1,0.0223,96.9196,1
303,ENRROSCO DE GARRAFA,1,0.0223,96.942,1
304,ENTUPIMENTO DE TUBULAÇÃO,1,0.0223,96.9643,1
305,ENTUPIMENTO NO TRANSPORTE DE TAMPAS,1,0.0223,96.9866,1
306,ERRO DE COMUNICAÇÃO,1,0.0223,97.0089,1
307,ESPANAMENTO DE PARAFUSO,1,0.0223,97.0312,1
308,ESPUMAMENTO DA BEBIDA,1,0.0223,97.0536,1
309,FALHA DA MESA GIRATÓRIA,1,0.0223,97.0759,1
310,FALHA DA PINÇA,1,0.0223,97.0982,1
311,FALHA DE ACIONAMENTO DO EMPURRADOR,1,0.0223,97.1205,1
312,FALHA DE ALIMENTAÇÃO DE LATAS,1,0.0223,97.1429,1
313,FALHA DE ALIMENTAÇÃO DE PALETES,1,0.0223,97.1652,1
314,FALHA DE ALIMENTAÇÃO ELÉTRICA,1,0.0223,97.1875,1
315,FALHA DE ALIMENTAÇÃO ELÉTRICA DA EMBREAGEM,1,0.0223,97.2098,1
316,FALHA DE AMOSTRAGEM,1,0.0223,97.2321,1
317,FALHA DE APLICAÇÃO DE COLA,1,0.0223,97.2545,1
318,FALHA DE BANDEIROLA,1,0.0223,97.2768,1
319,FALHA DE BATEDOR DE CAIXAS,1,0.0223,97.2991,1
320,FALHA DE BATETORES PNEUMÁTICOS,1,0.0223,97.3214,1
321,FALHA DE BOCAL,1,0.0223,97.3438,1
322,FALHA DE BOTOEIRA DE EMERGÊNCIA,1,0.0223,97.3661,1
323,FALHA DE BRAÇO DE TUBETES,1,0.0223,97.3884,1
324,FALHA DE CABO DE SEGURANÇA,1,0.0223,97.4107,1
325,FALHA DE CENTRADOR,1,0.0223,97.433,1
326,FALHA DE CHAVE DE EMERGÊNCIA,1,0.0223,97.4554,1
327,FALHA DE CIP,1,0.0223,97.4777,1
328,FALHA DE COLETOR,1,0.0223,97.5,1
329,FALHA DE COMANDO DA ÁRVORE DE ESPUMA,1,0.0223,97.5223,1
330,FALHA DE CONEXÃO ELÉTRICA,1,0.0223,97.5446,1
331,FALHA DE CONTROLE DE BRIX,1,0.0223,97.567,1
332,FALHA DE CONTROLE DE NÍVEL DO CARBONATADOR,1,0.0223,97.5893,1
333,FALHA DE CORTE DA EMBALAGEM DO TUBETE,1,0.0223,97.6116,1
334,FALHA DE DIRECIONAMENTO DE PACOTES,1,0.0223,97.6339,1
335,FALHA DE DOSAGEM DE NITROGÊNIO,1,0.0223,97.6562,1
336,FALHA DE ELEMENTO DE TRANSMISSÃO,1,0.0223,97.6786,1
337,FALHA DE ENCOSTO DE AGRUPAMENTO,1,0.0223,97.7009,1
338,FALHA DE EXTRAÇÃO DE RÓTULOS,1,0.0223,97.7232,1
339,FALHA DE FEEDBACK,1,0.0223,97.7455,1
340,FALHA DE FIXAÇÃO DA BASE DO SENSOR,1,0.0223,97.7679,1
341,FALHA DE FIXAÇÃO DA CORRENTE DE ELEVAÇÃO,1,0.0223,97.7902,1
342,FALHA DE FIXAÇÃO DA TULIPA,1,0.0223,97.8125,1
343,FALHA DE FIXAÇÃO DA VÁLVULA,1,0.0223,97.8348,1
344,FALHA DE FIXAÇÃO DE PROTEÇÃO,1,0.0223,97.8571,1
345,FALHA DE GERADOR DE IMPULSOS,1,0.0223,97.8795,1
346,FALHA DE MANGUEIRA DE ALTA PRESSÃO,1,0.0223,97.9018,1
347,FALHA DE MANGUEIRA DE ÁGUA,1,0.0223,97.9241,1
348,FALHA DE MEDIDOR DE VAZÃO,1,0.0223,97.9464,1
349,FALHA DE NÍVEL DE ÁGUA,1,0.0223,97.9688,1
350,FALHA DE PARAMETRIZAÇÃO DE RECEITA,1,0.0223,97.9911,1
351,FALHA DE PARAMETRIZAÇÃO DO REJEITO,1,0.0223,98.0134,1
352,FALHA DE PERSIANA,1,0.0223,98.0357,1
353,FALHA DE PINOS DE TRANSFERÊNCIA,1,0.0223,98.058,1
354,FALHA DE POSICIONAMENTO DE PACOTES,1,0.0223,98.0804,1
355,FALHA DE PRANCHA,1,0.0223,98.1027,1
356,FALHA DE PRESSÃO DE ÁGUA,1,0.0223,98.125,1
357,FALHA DE PROPORCIONAMENTO,1,0.0223,98.1473,1
358,FALHA DE PRÉ-ENXÁGUE,1,0.0223,98.1696,1
359,FALHA DE RESFRIAMENTO,1,0.0223,98.192,1
360,FALHA DE RETORNO DO BRAÇO DE SOLDA,1,0.0223,98.2143,1
361,FALHA DE ROLO DE ESTIRAMENTO,1,0.0223,98.2366,1
362,FALHA DE ROLO SEPARADOR,1,0.0223,98.2589,1
363,FALHA DE ROTAÇÃO,1,0.0223,98.2812,1
364,FALHA DE SEGURANÇA,1,0.0223,98.3036,1
365,FALHA DE SEGURANÇA DO CABEÇOTE,1,0.0223,98.3259,1
366,FALHA DE SOLENOIDE,1,0.0223,98.3482,1
367,FALHA DE SOPRADOR,1,0.0223,98.3705,1
368,FALHA DE SUPORTE DE TAMPAS,1,0.0223,98.3929,1
369,FALHA DE TANGENCIAMENTO,1,0.0223,98.4152,1
370,FALHA DE TENSIONAMENTO DE ESTEIRA,1,0.0223,98.4375,1
371,FALHA DE TERMOSTATO,1,0.0223,98.4598,1
372,FALHA DE TESOURA DE FILME,1,0.0223,98.4821,1
373,FALHA DO TENSOR DE RÓTULOS,1,0.0223,98.5045,1
374,FALHA ELÉTRICA,1,0.0223,98.5268,1
375,FALHA ELÉTRICA DO TRANSPORTE DE ENTRADA,1,0.0223,98.5491,1
376,FALHA ESTRUTURAL,1,0.0223,98.5714,1
377,FALHA INVERSOR,1,0.0223,98.5938,1
378,FALHA NA ABERTURA DA GARRA,1,0.0223,98.6161,1
379,FALHA NA ABERTURA DOS GANCHOS DO ROBÔ,1,0.0223,98.6384,1
380,FALHA NA DESCARGA DE PALETE,1,0.0223,98.6607,1
381,FALHA NA FORMAÇÃO DE CAMADA,1,0.0223,98.683,1
382,FALHA NA GARRA DO ROBÔ,1,0.0223,98.7054,1
383,FALHA NA INSERÇÃO DE GARRAFAS FALSAS,1,0.0223,98.7277,1
384,FALHA NA INSERÇÃO DE LATAS,1,0.0223,98.75,1
385,FALHA NA MESA DE FORMAÇÃO DE PACOTES,1,0.0223,98.7723,1
386,FALHA NA PEGA DE GARRAFAS,1,0.0223,98.7946,1
387,FALHA NA TROCA AUTOMATICA,1,0.0223,98.817,1
388,FALHA NA VALVULA,1,0.0223,98.8393,1
389,FALHA NO CARREGAMENTO DE RECEITA,1,0.0223,98.8616,1
390,FALHA NO CIP RAMAL B,1,0.0223,98.8839,1
391,FALHA NO DISPOSITIVO DE RETIRADA DE GARRAFAS,1,0.0223,98.9062,1
392,FALHA NO SENSOR EXPULSADOR,1,0.0223,98.9286,1
393,FALHA NO SISTEMA DE AR COMPRIMIDO,1,0.0223,98.9509,1
394,FALHA NO SUPRIMENTO DE ÁGUA,1,0.0223,98.9732,1
395,FALHA NOS SNIFS,1,0.0223,98.9955,1
396,FALHA SENSOR DA PORTA,1,0.0223,99.0179,1
397,FALHA TROCADOR DE CALOR,1,0.0223,99.0402,1
398,FALHA VALVULA DE ENCHIMENTO,1,0.0223,99.0625,1
399,FALSA RECRAVAÇÃO,1,0.0223,99.0848,1
400,FALSO ALARME DE REJEITO OBSTRUÍDO,1,0.0223,99.1071,1
401,GARRAFAS FORA DE POSIÇÃO,1,0.0223,99.1295,1
402,INTERFERÊNCIA MECÂNICA,1,0.0223,99.1518,1
403,JUMPER DA VALVULA,1,0.0223,99.1741,1
404,MONTAGEM INCORRETA DE CORREIA,1,0.0223,99.1964,1
405,OBSTRUÇÃO DE MANGUEIRA DE AR,1,0.0223,99.2188,1
406,PALLET PARADO NA MESA,1,0.0223,99.2411,1
407,PARADA DE TRANSPORTE,1,0.0223,99.2634,1
408,PATINAMENTO DE ESTEIRA,1,0.0223,99.2857,1
409,PATINAMENTO DE ROLETE,1,0.0223,99.308,1
410,PERDA DE REFERÊNCIA DO CENTRADOR,1,0.0223,99.3304,1
411,PERDA DE REFERÊNCIA DO PEGADOR DE CHAPATEX,1,0.0223,99.3527,1
412,PERDA DE REFERÊNCIA DO ROBÔ,1,0.0223,99.375,1
413,QUEBRA DA ESTEIRA,1,0.0223,99.3973,1
414,QUEBRA DE ANEL O-RING,1,0.0223,99.4196,1
415,QUEBRA DE ELO DE ESTEIRA,1,0.0223,99.442,1
416,QUEBRA DE PINO,1,0.0223,99.4643,1
417,QUEBRA DE PISTÃO,1,0.0223,99.4866,1
418,QUEBRA DE SEGMENTO,1,0.0223,99.5089,1
419,QUEBRA DE SUPORTE,1,0.0223,99.5312,1
420,QUEBRA DE TERMINAL ELÉTRICO,1,0.0223,99.5536,1
421,QUEBRA DE TRECHO DO TRANSPORTE,1,0.0223,99.5759,1
422,QUEDA DE CAIXAS,1,0.0223,99.5982,1
423,QUEIMA DA PLACA DEVICENET,1,0.0223,99.6205,1
424,ROBO COM FALHA,1,0.0223,99.6429,1
425,ROMPIMENTO DE TUBETE,1,0.0223,99.6652,1
426,SOBREAQUECIMENTO DE PROCESSADOR,1,0.0223,99.6875,1
427,TRANSBORDAMENTO DE TANQUE,1,0.0223,99.7098,1
428,TRAVAMENTO DE BOCAL,1,0.0223,99.7321,1
429,TRAVAMENTO DE CENTRADOR,1,0.0223,99.7545,1
430,TRAVAMENTO DE CHAVE SECCIONADORA,1,0.0223,99.7768,1
431,TRAVAMENTO DE CORRENTE,1,0.0223,99.7991,1
432,TRAVAMENTO DE PATINS,1,0.0223,99.8214,1
433,TRAVAMENTO DE PINO DE SEPARAÇÃO,1,0.0223,99.8438,1
434,TRAVAMENTO DE SNIFFER,1,0.0223,99.8661,1
435,TRAVAMENTO ELEVADOR,1,0.0223,99.8884,1
436,TREPIDAÇÃO DE ESTEIRA,1,0.0223,99.9107,1
437,TROCA DE VENTOSA,1,0.0223,99.933,1
438,VAZAMENTO DE PRODUTO,1,0.0223,99.9554,1
439,VAZAMENTO EM CONEXÃO,1,0.0223,99.9777,1
440,VAZAMENTO EM TUBULAÇÃO,1,0.0223,100.0,1
